{"stats":{"minecraft:used":{"minecraft:crafting_table":1,"minecraft:stone_pickaxe":16,"minecraft:wooden_pickaxe":10},"minecraft:custom":{"minecraft:time_since_rest":2850,"minecraft:crouch_one_cm":277,"minecraft:sprint_one_cm":24563,"minecraft:play_time":7959,"minecraft:deaths":1,"minecraft:damage_taken":250,"minecraft:walk_one_cm":17903,"minecraft:sneak_time":69,"minecraft:walk_under_water_one_cm":160,"minecraft:drop":7,"minecraft:jump":263,"minecraft:damage_dealt":4,"minecraft:leave_game":2,"minecraft:walk_on_water_one_cm":1785,"minecraft:time_since_death":2829,"minecraft:total_world_time":7959,"minecraft:swim_one_cm":724,"minecraft:interact_with_crafting_table":4,"minecraft:fall_one_cm":11834,"minecraft:fly_one_cm":85375},"minecraft:dropped":{"gravestone:obituary":1,"minecraft:apple":1,"minecraft:sugar_cane":2,"minecraft:wooden_pickaxe":4},"minecraft:crafted":{"minecraft:stone_sword":1,"minecraft:oak_planks":28,"minecraft:stone_axe":1,"minecraft:crafting_table":1,"minecraft:stick":8,"minecraft:wooden_pickaxe":2,"minecraft:stone_pickaxe":2},"minecraft:mined":{"minecraft:oak_log":7,"minecraft:tall_grass":1,"regions_unexplored:medium_grass":1,"minecraft:stone":26,"minecraft:sugar_cane":1},"minecraft:picked_up":{"minecraft:stick":5,"minecraft:apple":1,"minecraft:wooden_pickaxe":2,"minecraft:oak_log":7,"minecraft:sugar_cane":4,"minecraft:cobblestone":24}},"DataVersion":3465}