{"stats":{"minecraft:picked_up":{"epicsamurai:cloth":4,"minecraft:crafting_table":6,"minecraft:chainmail_boots":1,"minecraft:chicken":1,"minecraft:ladder":5,"minecraft:anvil":2,"minecraft:rabbit_stew":4,"valhelsia_furniture:red_dark_oak_chair":1,"minecraft:wooden_pickaxe":2,"valhelsia_furniture:red_upholstered_dark_oak_stool":3,"minecraft:oak_stairs":1,"minecraft:brown_bed":5,"minecraft:enchanted_book":1,"minecraft:stone_brick_stairs":1,"gravestone:obituary":5,"minecraft:string":5,"minecraft:dark_oak_trapdoor":2,"minecraft:raw_copper":1678,"minecraft:iron_axe":1,"simplyswords:diamond_twinblade":1,"minecraft:armor_stand":1,"minecraft:cracked_stone_bricks":2,"minecraft:gold_nugget":2,"minecraft:spruce_planks":2,"minecraft:beef":3,"minecraft:rose_bush":1,"minecraft:written_book":3,"minecraft:poppy":1,"minecraft:iron_pickaxe":2,"minecraft:sugar_cane":4,"twilightforest:canopy_stairs":1,"minecraft:melon_slice":10,"minecraft:coal_block":9,"minecraft:chest":15,"minecraft:spruce_trapdoor":5,"minecraft:furnace":5,"minecraft:egg":1,"minecraft:raw_iron":134,"minecraft:stick":9,"minecraft:torch":87,"minecraft:bowl":1,"minecraft:spruce_stairs":2,"valhelsia_furniture:red_upholstered_dark_oak_chair":1,"minecraft:diorite":4,"minecraft:redstone":162,"minecraft:stone_sword":1,"minecraft:arrow":11,"minecraft:rotten_flesh":9,"minecraft:pumpkin_pie":3,"minecraft:peony":2,"minecraft:hay_block":15,"twilightforest:peacock_feather_fan":1,"sophisticatedbackpacks:copper_backpack":1,"minecraft:mutton":4,"minecraft:skeleton_skull":1,"minecraft:white_wool":7,"minecraft:cobblestone":1933,"minecraft:feather":1,"minecraft:water_bucket":2,"minecraft:andesite":1,"twilightforest:twilight_oak_wood":4,"minecraft:black_bed":6,"minecraft:leather":1,"valhelsia_furniture:hay_dark_oak_chair":1,"minecraft:birch_planks":20,"minecraft:filled_map":3,"minecraft:flint":2,"uniquedungeons:climbing_hook_item":1,"minecraft:oak_log":21,"evilcraft:flesh_humanoid":4,"minecraft:yellow_bed":4,"minecraft:dirt":139,"minecraft:glass":12,"minecraft:bone":6,"minecraft:apple":1,"minecraft:stone_bricks":3,"minecraft:wheat_seeds":18,"valhelsia_structures:metal_framed_glass_pane":1,"minecraft:iron_ingot":12,"minecraft:stone_pickaxe":1,"minecraft:dark_oak_sign":6,"minecraft:mossy_stone_bricks":1,"minecraft:glowstone_dust":16,"minecraft:oak_planks":17,"minecraft:book":2,"minecraft:oak_slab":3,"minecraft:pumpkin":2,"minecraft:dandelion":1,"minecraft:gravel":1,"valhelsia_furniture:dark_oak_desk":2,"twilightforest:canopy_slab":68,"twilightforest:canopy_log":32,"sophisticatedbackpacks:iron_backpack":1,"minecraft:white_bed":1,"minecraft:spruce_log":4,"minecraft:spider_eye":1,"minecraft:spruce_door":1,"minecraft:mossy_cobblestone":1,"minecraft:chainmail_leggings":1,"minecraft:granite":13,"vanillaplustools:stone_hammer":1,"minecraft:chainmail_helmet":1,"minecraft:bread":8,"minecraft:oak_sapling":2,"twilightforest:uncrafting_table":7,"valhelsia_structures:unlit_lantern":2,"minecraft:stripped_dark_oak_log":1,"minecraft:coal":210,"iceandfire:raw_silver":2},"minecraft:custom":{"minecraft:mob_kills":19,"minecraft:interact_with_crafting_table":42,"minecraft:open_barrel":9,"minecraft:bell_ring":1,"minecraft:eat_cake_slice":17,"minecraft:leave_game":10,"minecraft:time_since_death":924,"minecraft:climb_one_cm":32863,"minecraft:sprint_one_cm":539515,"minecraft:walk_one_cm":792300,"minecraft:damage_blocked_by_shield":500,"minecraft:drop":240,"minecraft:talked_to_villager":1,"minecraft:play_time":226579,"minecraft:sneak_time":4418,"minecraft:deaths":23,"minecraft:walk_under_water_one_cm":77038,"minecraft:jump":5107,"minecraft:interact_with_blast_furnace":7,"minecraft:walk_on_water_one_cm":45339,"minecraft:total_world_time":226579,"minecraft:interact_with_furnace":143,"twilightforest:uncrafting_table_interactions":4,"minecraft:sleep_in_bed":9,"minecraft:time_since_rest":931,"minecraft:damage_taken":12659,"minecraft:damage_absorbed":41,"minecraft:trigger_trapped_chest":3,"minecraft:damage_dealt":2844,"minecraft:swim_one_cm":39042,"minecraft:fly_one_cm":1374996,"minecraft:open_chest":275,"minecraft:crouch_one_cm":16728,"minecraft:interact_with_smoker":2,"minecraft:fall_one_cm":171582,"minecraft:horse_one_cm":104623},"minecraft:killed_by":{"minecraft:player":3,"minecraft:skeleton":2,"minecraft:zombie":1,"iceandfire:ghost":1},"minecraft:killed":{"undead_revamp2:thehunter":1,"minecraft:spider":1,"minecraft:phantom":1,"minecraft:skeleton":2,"twilightforest:swarm_spider":3,"minecraft:chicken":1,"undead_revamp2:sucker":1,"undead_revamp2:the_moonflower":1,"twilightforest:kobold":1,"minecraft:sheep":3,"minecraft:zombie":2,"minecraft:cow":1},"minecraft:used":{"minecraft:peony":2,"minecraft:iron_shovel":61,"minecraft:stone_sword":3,"twilightforest:canopy_stairs":2,"minecraft:ladder":4,"minecraft:chest":14,"minecraft:spruce_planks":6,"minecraft:shield":10,"minecraft:iron_sword":49,"vanillaplustools:stone_hammer":107,"minecraft:bell":1,"minecraft:iron_chestplate":2,"minecraft:torch":82,"minecraft:dirt":44,"minecraft:spruce_stairs":1,"minecraft:carrot":7,"valhelsia_furniture:hay_dark_oak_chair":1,"minecraft:wooden_axe":1,"minecraft:iron_axe":52,"minecraft:oak_stairs":1,"twilightforest:twilight_oak_planks":15,"valhelsia_furniture:red_upholstered_dark_oak_stool":2,"minecraft:iron_boots":2,"minecraft:iron_helmet":1,"evilcraft:flesh_humanoid":1,"minecraft:stone_bricks":2,"minecraft:written_book":2,"minecraft:furnace":9,"minecraft:egg":5,"minecraft:cooked_beef":7,"minecraft:brown_bed":3,"minecraft:iron_leggings":1,"minecraft:cooked_mutton":4,"minecraft:water_bucket":11,"minecraft:mossy_stone_bricks":1,"minecraft:diorite":1,"twilightforest:uncrafting_table":8,"minecraft:stone_pickaxe":150,"minecraft:dark_oak_sign":3,"minecraft:oak_planks":10,"minecraft:wooden_pickaxe":10,"minecraft:chainmail_helmet":1,"minecraft:cracked_stone_bricks":1,"minecraft:white_wool":4,"minecraft:golden_apple":1,"minecraft:mossy_cobblestone":1,"minecraft:crafting_table":7,"minecraft:white_bed":1,"minecraft:black_bed":6,"valhelsia_furniture:red_dark_oak_chair":1,"minecraft:iron_pickaxe":52,"minecraft:map":1,"minecraft:melon_slice":10,"minecraft:bread":9,"minecraft:gravel":1,"minecraft:stone_axe":29,"twilightforest:canopy_slab":42,"minecraft:cobblestone":116,"minecraft:cooked_porkchop":1,"minecraft:bucket":10,"minecraft:yellow_bed":3,"minecraft:chainmail_leggings":1},"minecraft:crafted":{"minecraft:oak_planks":76,"vanillaplustools:stone_hammer":1,"minecraft:furnace":6,"minecraft:cobblestone_stairs":36,"minecraft:stone":168,"minecraft:cooked_mutton":4,"minecraft:spruce_stairs":4,"sophisticatedbackpacks:copper_backpack":1,"twilightforest:twilight_oak_planks":16,"minecraft:ladder":3,"minecraft:stone_pickaxe":10,"minecraft:chest":6,"twilightforest:canopy_planks":128,"sophisticatedbackpacks:iron_backpack":1,"minecraft:cooked_beef":7,"minecraft:crafting_table":4,"minecraft:spruce_planks":16,"minecraft:wooden_pickaxe":2,"minecraft:iron_helmet":1,"minecraft:baked_potato":8,"minecraft:iron_sword":2,"twilightforest:canopy_stairs":8,"minecraft:copper_ingot":126,"sophisticatedbackpacks:gold_backpack":1,"minecraft:stone_axe":1,"minecraft:air":0,"minecraft:shield":1,"minecraft:stick":36,"minecraft:iron_ingot":91,"minecraft:iron_pickaxe":1,"minecraft:stone_sword":1,"minecraft:iron_shovel":1,"minecraft:iron_leggings":1,"minecraft:gold_ingot":1},"minecraft:dropped":{"sophisticatedbackpacks:iron_backpack":1,"minecraft:water_bucket":1,"minecraft:bread":4,"iceandfire:raw_silver":2,"minecraft:birch_planks":14,"minecraft:wheat_seeds":16,"minecraft:cooked_porkchop":2,"minecraft:feather":1,"minecraft:cobblestone":1629,"minecraft:apple":1,"minecraft:cracked_stone_bricks":1,"minecraft:spruce_door":1,"minecraft:spruce_stairs":5,"minecraft:chainmail_helmet":2,"minecraft:cobblestone_stairs":36,"minecraft:dirt":3,"valhelsia_furniture:red_upholstered_dark_oak_stool":1,"minecraft:torch":4,"twilightforest:twilight_oak_planks":1,"gravestone:obituary":26,"epicsamurai:cloth":4,"minecraft:gold_nugget":2,"minecraft:iron_pickaxe":2,"minecraft:chainmail_leggings":1,"minecraft:string":1,"valhelsia_structures:unlit_lantern":2,"minecraft:white_wool":1,"minecraft:bucket":1,"minecraft:dandelion":1,"minecraft:bone":1,"minecraft:sugar_cane":2,"minecraft:stone_sword":1,"minecraft:raw_copper":540,"minecraft:bowl":1,"minecraft:rotten_flesh":7,"minecraft:oak_planks":23,"minecraft:glowstone_dust":8,"evilcraft:flesh_humanoid":3,"minecraft:filled_map":3,"minecraft:poppy":1,"minecraft:spruce_trapdoor":5,"minecraft:spruce_planks":4,"minecraft:andesite":1,"minecraft:yellow_bed":1,"vanillaplustools:stone_hammer":1,"minecraft:chest":1,"minecraft:chainmail_boots":1,"minecraft:oak_sapling":1,"minecraft:ladder":3,"sophisticatedbackpacks:copper_backpack":1,"minecraft:arrow":4,"minecraft:glass":1,"minecraft:stone_pickaxe":2,"minecraft:wooden_pickaxe":4,"minecraft:written_book":2,"minecraft:egg":1},"minecraft:mined":{"minecraft:spruce_planks":3,"minecraft:white_bed":1,"iceandfire:silver_ore":2,"minecraft:spruce_trapdoor":4,"minecraft:ladder":1,"minecraft:granite":13,"gravestone:gravestone":10,"minecraft:grass_block":78,"valhelsia_furniture:hay_dark_oak_chair":1,"minecraft:spruce_leaves":1,"minecraft:hay_block":16,"minecraft:furnace":1,"minecraft:dark_oak_trapdoor":2,"minecraft:iron_ore":14,"twilightforest:twilight_oak_wood":4,"valhelsia_structures:green_metal_framed_glass_pane":3,"minecraft:stripped_spruce_log":1,"minecraft:pumpkin":2,"minecraft:anvil":1,"minecraft:peony":2,"minecraft:brown_bed":5,"minecraft:dark_oak_stairs":1,"valhelsia_furniture:red_dark_oak_chair":1,"twilightforest:firefly_jar":1,"minecraft:vine":2,"twilightforest:canopy_slab":2,"minecraft:cobblestone_slab":2,"minecraft:oak_stairs":1,"regions_unexplored:medium_grass":7,"uniquedungeons:climbing_rope":1,"minecraft:stone":946,"minecraft:white_wool":2,"minecraft:oak_slab":1,"valhelsia_structures:unlit_lantern":1,"uniquedungeons:climbing_hook":1,"minecraft:stripped_dark_oak_log":1,"minecraft:stone_brick_slab":1,"minecraft:spruce_door":1,"valhelsia_furniture:red_upholstered_dark_oak_stool":2,"minecraft:crafting_table":6,"minecraft:torch":1,"minecraft:andesite_slab":1,"minecraft:chest":10,"twilightforest:uncrafting_table":6,"minecraft:copper_ore":4,"minecraft:tall_grass":7,"minecraft:cobblestone":56,"minecraft:oak_planks":8,"minecraft:sugar_cane":1,"minecraft:diorite":4,"minecraft:wall_torch":12,"minecraft:spruce_stairs":2,"minecraft:spruce_log":2,"minecraft:black_bed":6,"minecraft:yellow_bed":3,"minecraft:grass":27,"valhelsia_furniture:red_upholstered_dark_oak_chair":1,"minecraft:coal_ore":9,"minecraft:oak_log":11,"minecraft:gravel":1,"minecraft:dirt":28,"twilightforest:canopy_stairs":1,"minecraft:cobweb":3,"valhelsia_furniture:dark_oak_desk":2,"minecraft:stone_bricks":1,"minecraft:oak_leaves":13,"minecraft:fern":2}},"DataVersion":3465}