{"stats":{"minecraft:used":{"minecraft:cooked_mutton":4,"minecraft:water_bucket":2,"minecraft:mossy_stone_bricks":1,"minecraft:diorite":1,"minecraft:stone_sword":3,"minecraft:dark_oak_sign":2,"minecraft:stone_pickaxe":121,"minecraft:chest":2,"minecraft:wooden_pickaxe":10,"minecraft:iron_sword":7,"vanillaplustools:stone_hammer":64,"minecraft:white_wool":2,"minecraft:torch":43,"minecraft:mossy_cobblestone":1,"minecraft:dirt":18,"minecraft:crafting_table":4,"minecraft:white_bed":1,"minecraft:black_bed":1,"minecraft:iron_axe":4,"minecraft:bread":8,"minecraft:map":1,"minecraft:gravel":1,"minecraft:stone_axe":29,"minecraft:cobblestone":77,"minecraft:written_book":2,"minecraft:furnace":2,"minecraft:bucket":2,"minecraft:yellow_bed":3,"minecraft:cooked_beef":7,"minecraft:brown_bed":1},"minecraft:custom":{"minecraft:interact_with_furnace":17,"minecraft:mob_kills":10,"minecraft:interact_with_crafting_table":8,"minecraft:open_barrel":8,"minecraft:eat_cake_slice":6,"minecraft:leave_game":2,"minecraft:time_since_death":33297,"minecraft:sleep_in_bed":3,"minecraft:climb_one_cm":6991,"minecraft:time_since_rest":27587,"minecraft:sprint_one_cm":191950,"minecraft:damage_taken":1911,"minecraft:walk_one_cm":235447,"minecraft:drop":89,"minecraft:damage_dealt":1598,"minecraft:swim_one_cm":1847,"minecraft:fly_one_cm":320399,"minecraft:open_chest":26,"minecraft:crouch_one_cm":2519,"minecraft:play_time":73959,"minecraft:deaths":2,"minecraft:sneak_time":997,"minecraft:walk_under_water_one_cm":1789,"minecraft:jump":1579,"minecraft:interact_with_blast_furnace":2,"minecraft:walk_on_water_one_cm":6709,"minecraft:total_world_time":73959,"minecraft:interact_with_smoker":1,"minecraft:fall_one_cm":29783,"minecraft:horse_one_cm":104623},"minecraft:killed":{"minecraft:spider":1,"twilightforest:kobold":1,"minecraft:sheep":3,"minecraft:skeleton":2,"minecraft:zombie":2,"minecraft:cow":1},"minecraft:dropped":{"minecraft:water_bucket":1,"minecraft:bread":4,"iceandfire:raw_silver":2,"minecraft:wheat_seeds":10,"minecraft:sugar_cane":2,"minecraft:stone_sword":1,"minecraft:cooked_porkchop":2,"minecraft:cobblestone":1041,"minecraft:rotten_flesh":1,"minecraft:oak_planks":13,"minecraft:apple":1,"minecraft:spruce_door":1,"evilcraft:flesh_humanoid":1,"minecraft:filled_map":2,"valhelsia_furniture:red_upholstered_dark_oak_stool":1,"minecraft:spruce_trapdoor":5,"vanillaplustools:stone_hammer":1,"minecraft:yellow_bed":1,"minecraft:gold_nugget":2,"gravestone:obituary":2,"minecraft:arrow":4,"minecraft:wooden_pickaxe":4,"minecraft:written_book":2,"minecraft:bone":1},"minecraft:crafted":{"minecraft:cooked_beef":7,"minecraft:oak_planks":60,"vanillaplustools:stone_hammer":1,"minecraft:crafting_table":2,"minecraft:wooden_pickaxe":2,"minecraft:baked_potato":8,"minecraft:iron_sword":2,"minecraft:furnace":1,"minecraft:stone_axe":1,"minecraft:air":0,"minecraft:cooked_mutton":4,"minecraft:stick":24,"minecraft:iron_pickaxe":1,"minecraft:stone_pickaxe":10,"minecraft:stone_sword":1,"minecraft:chest":2},"minecraft:mined":{"minecraft:white_bed":1,"iceandfire:silver_ore":2,"minecraft:spruce_door":1,"minecraft:granite":13,"minecraft:torch":1,"minecraft:crafting_table":2,"minecraft:spruce_trapdoor":4,"gravestone:gravestone":1,"minecraft:tall_grass":3,"minecraft:cobblestone":16,"minecraft:sugar_cane":1,"minecraft:oak_planks":2,"minecraft:diorite":4,"minecraft:wall_torch":11,"minecraft:furnace":1,"minecraft:brown_bed":1,"minecraft:black_bed":1,"minecraft:anvil":1,"minecraft:yellow_bed":3,"minecraft:grass":6,"twilightforest:firefly_jar":1,"minecraft:oak_log":10,"minecraft:coal_ore":1,"minecraft:gravel":1,"minecraft:dirt":3,"regions_unexplored:medium_grass":2,"minecraft:stone":652,"minecraft:fern":1},"minecraft:picked_up":{"minecraft:water_bucket":1,"minecraft:crafting_table":2,"minecraft:rabbit_stew":4,"minecraft:anvil":2,"minecraft:black_bed":1,"minecraft:leather":1,"minecraft:wooden_pickaxe":2,"valhelsia_furniture:red_upholstered_dark_oak_stool":1,"minecraft:brown_bed":1,"minecraft:filled_map":1,"minecraft:stone_brick_stairs":1,"minecraft:oak_log":18,"evilcraft:flesh_humanoid":1,"gravestone:obituary":1,"minecraft:yellow_bed":4,"minecraft:dirt":46,"minecraft:string":1,"minecraft:raw_copper":3,"minecraft:iron_axe":1,"minecraft:bone":2,"minecraft:apple":1,"minecraft:wheat_seeds":11,"minecraft:gold_nugget":2,"valhelsia_structures:metal_framed_glass_pane":1,"minecraft:written_book":3,"minecraft:iron_ingot":12,"minecraft:beef":3,"minecraft:dark_oak_sign":2,"minecraft:rose_bush":1,"minecraft:mossy_stone_bricks":1,"minecraft:sugar_cane":4,"minecraft:oak_planks":7,"minecraft:spruce_trapdoor":5,"minecraft:furnace":1,"minecraft:stick":9,"minecraft:torch":79,"minecraft:gravel":1,"minecraft:redstone":4,"minecraft:white_bed":1,"minecraft:diorite":4,"minecraft:spruce_log":2,"minecraft:spruce_door":1,"minecraft:spider_eye":1,"minecraft:mossy_cobblestone":1,"minecraft:stone_sword":1,"minecraft:arrow":6,"minecraft:rotten_flesh":1,"minecraft:chainmail_leggings":1,"vanillaplustools:stone_hammer":1,"minecraft:granite":13,"minecraft:oak_sapling":1,"iceandfire:raw_silver":2,"minecraft:mutton":4,"minecraft:coal":7,"minecraft:white_wool":3,"minecraft:cobblestone":1429}},"DataVersion":3465}