{"stats":{"minecraft:custom":{"minecraft:jump":169,"minecraft:time_since_rest":129,"minecraft:deaths":1,"minecraft:damage_dealt":4,"minecraft:damage_taken":250,"minecraft:crouch_one_cm":277,"minecraft:leave_game":2,"minecraft:play_time":5238,"minecraft:sprint_one_cm":14488,"minecraft:time_since_death":108,"minecraft:walk_on_water_one_cm":1650,"minecraft:walk_one_cm":9688,"minecraft:walk_under_water_one_cm":66,"minecraft:sneak_time":69,"minecraft:total_world_time":5238,"minecraft:swim_one_cm":383,"minecraft:fall_one_cm":8432,"minecraft:drop":1,"minecraft:fly_one_cm":47407},"minecraft:dropped":{"minecraft:apple":1},"minecraft:mined":{"minecraft:tall_grass":1},"minecraft:picked_up":{"minecraft:apple":1}},"DataVersion":3465}