{"stats":{"minecraft:custom":{"minecraft:time_since_rest":9883,"minecraft:sprint_one_cm":42176,"minecraft:walk_one_cm":73365,"minecraft:damage_taken":5085,"minecraft:damage_absorbed":1593,"minecraft:drop":25,"minecraft:damage_dealt":148,"minecraft:swim_one_cm":656,"minecraft:fly_one_cm":81486,"minecraft:crouch_one_cm":4649,"minecraft:play_time":22098,"minecraft:deaths":3,"minecraft:sneak_time":1155,"minecraft:walk_under_water_one_cm":119,"minecraft:jump":391,"minecraft:leave_game":1,"minecraft:walk_on_water_one_cm":214,"minecraft:time_since_death":9847,"minecraft:total_world_time":22098,"minecraft:damage_resisted":1298,"minecraft:fall_one_cm":12329},"minecraft:mined":{"minecraft:spruce_log":3,"gravestone:gravestone":2,"minecraft:fern":7},"minecraft:picked_up":{"minecraft:stick":1,"simplyswords:harbinger":1,"minecraft:torch":8,"minecraft:diamond_sword":1,"minecraft:spruce_sapling":5,"gravestone:obituary":4,"minecraft:spruce_log":3,"minecraft:dirt":20,"aether:diamond_gloves":1,"tacz:ammo":150,"minecraft:diamond_chestplate":1,"minecraft:rotten_flesh":3,"minecraft:wheat_seeds":1,"minecraft:diamond_leggings":2,"tacz:modern_kinetic_gun":3,"minecraft:diamond_boots":2,"aether:swet_ball":1,"minecraft:enchanted_golden_apple":192,"minecraft:diamond_helmet":2,"alexsmobs:maggot":2},"minecraft:crafted":{"minecraft:spruce_planks":8},"minecraft:used":{"minecraft:diamond_boots":1,"simplyswords:harbinger":5,"minecraft:spruce_planks":8,"minecraft:spruce_sapling":1,"minecraft:dirt":14,"minecraft:diamond_helmet":1,"minecraft:enchanted_golden_apple":32,"minecraft:diamond_leggings":1},"minecraft:dropped":{"minecraft:diamond_sword":1,"minecraft:dirt":6,"alexsmobs:maggot":2,"minecraft:wheat_seeds":1,"minecraft:diamond_chestplate":1,"minecraft:torch":8,"aether:diamond_gloves":1,"minecraft:diamond_leggings":1,"minecraft:diamond_helmet":1,"aether:swet_ball":1,"minecraft:rotten_flesh":3,"gravestone:obituary":5,"minecraft:spruce_log":1,"tacz:modern_kinetic_gun":2,"tacz:ammo":145,"minecraft:diamond_boots":1,"minecraft:spruce_sapling":4,"minecraft:stick":1},"minecraft:killed_by":{"minecraft:player":1}},"DataVersion":3465}