{"stats":{"minecraft:picked_up":{"epicsamurai:cloth":4,"minecraft:wheat":1,"minecraft:chainmail_boots":1,"minecraft:anvil":2,"valhelsia_furniture:red_dark_oak_chair":1,"valhelsia_furniture:red_upholstered_dark_oak_stool":3,"minecraft:oak_stairs":1,"minecraft:brown_bed":5,"minecraft:enchanted_book":1,"minecraft:stone_brick_stairs":1,"minecraft:music_disc_cat":1,"minecraft:dark_oak_trapdoor":2,"minecraft:string":6,"minecraft:raw_copper":1678,"simplyswords:diamond_twinblade":1,"minecraft:armor_stand":1,"minecraft:gold_nugget":2,"minecraft:spruce_planks":5,"minecraft:rose_bush":1,"minecraft:written_book":3,"minecraft:iron_pickaxe":2,"minecraft:melon_slice":10,"minecraft:coal_block":9,"twilightforest:canopy_stairs":1,"evilcraft:blood_extractor":1,"minecraft:furnace":5,"minecraft:stick":9,"weaponmaster:weaponkit":1,"minecraft:torch":95,"minecraft:spruce_stairs":2,"minecraft:diorite":4,"minecraft:stone_sword":1,"minecraft:rotten_flesh":22,"minecraft:cobblestone":2997,"minecraft:feather":1,"minecraft:water_bucket":2,"minecraft:andesite":1,"twilightforest:twilight_oak_wood":4,"minecraft:black_bed":6,"twilightforest:ore_magnet":1,"uniquedungeons:climbing_hook_item":1,"minecraft:flint":8,"minecraft:tuff":1,"evilcraft:flesh_humanoid":5,"minecraft:lapis_lazuli":147,"minecraft:dirt":211,"minecraft:glass":12,"minecraft:bone":8,"twilightforest:canopy_door":1,"minecraft:wheat_seeds":24,"valhelsia_structures:metal_framed_glass_pane":1,"minecraft:raw_gold":10,"minecraft:bell":1,"minecraft:dark_oak_sign":6,"minecraft:mossy_stone_bricks":1,"minecraft:glowstone_dust":16,"minecraft:oak_planks":50,"valhelsia_furniture:dark_oak_desk":2,"twilightforest:canopy_slab":83,"twilightforest:canopy_log":32,"sophisticatedbackpacks:iron_backpack":1,"minecraft:mossy_cobblestone":2,"minecraft:diamond":5,"waystones:waystone":1,"minecraft:granite":13,"minecraft:bread":10,"minecraft:chainmail_helmet":1,"minecraft:rooted_dirt":1,"minecraft:oak_sapling":2,"valhelsia_structures:unlit_lantern":2,"twilightforest:uncrafting_table":7,"twilightforest:torchberries":2,"iceandfire:raw_silver":2,"minecraft:coarse_dirt":2,"minecraft:crafting_table":7,"minecraft:chicken":1,"minecraft:ladder":5,"minecraft:rabbit_stew":4,"minecraft:wooden_pickaxe":2,"minecraft:chain":2,"gravestone:obituary":12,"minecraft:cornflower":1,"minecraft:iron_axe":1,"minecraft:cracked_stone_bricks":2,"minecraft:beef":3,"minecraft:poppy":1,"minecraft:spruce_slab":1,"minecraft:sugar_cane":4,"minecraft:chest":15,"minecraft:spruce_trapdoor":5,"minecraft:egg":1,"minecraft:raw_iron":187,"minecraft:stone":38,"minecraft:bowl":1,"minecraft:spruce_fence":1,"valhelsia_furniture:red_upholstered_dark_oak_chair":1,"minecraft:carrot":11,"minecraft:redstone":167,"minecraft:arrow":17,"minecraft:pumpkin_pie":3,"minecraft:peony":2,"minecraft:hay_block":15,"twilightforest:peacock_feather_fan":1,"sophisticatedbackpacks:copper_backpack":2,"minecraft:mutton":4,"minecraft:white_wool":7,"minecraft:skeleton_skull":1,"minecraft:stripped_oak_log":1,"born_in_chaos_v1:corpse_maggot":2,"minecraft:leather":1,"valhelsia_furniture:hay_dark_oak_chair":1,"minecraft:filled_map":3,"minecraft:birch_planks":20,"minecraft:oak_log":21,"minecraft:yellow_bed":4,"minecraft:apple":1,"minecraft:stone_bricks":5,"minecraft:iron_ingot":12,"minecraft:stone_pickaxe":1,"minecraft:book":2,"minecraft:oak_slab":3,"minecraft:pumpkin":2,"born_in_chaos_v1:ethereal_spirit":9,"minecraft:dandelion":1,"minecraft:gravel":76,"minecraft:white_bed":1,"minecraft:spruce_log":4,"minecraft:spruce_door":1,"minecraft:spider_eye":1,"minecraft:chainmail_leggings":1,"vanillaplustools:stone_hammer":1,"minecraft:stripped_dark_oak_log":1,"minecraft:coal":210},"minecraft:broken":{"minecraft:flint_and_steel":1},"minecraft:custom":{"minecraft:interact_with_crafting_table":58,"minecraft:open_barrel":23,"minecraft:bell_ring":9,"minecraft:eat_cake_slice":17,"minecraft:leave_game":10,"minecraft:time_since_death":20112,"minecraft:sprint_one_cm":855132,"minecraft:damage_blocked_by_shield":1015,"minecraft:drop":289,"minecraft:talked_to_villager":1,"minecraft:play_time":368034,"minecraft:deaths":36,"minecraft:jump":7623,"minecraft:enchant_item":1,"minecraft:walk_on_water_one_cm":55255,"minecraft:interact_with_furnace":172,"twilightforest:uncrafting_table_interactions":4,"minecraft:play_record":1,"minecraft:sleep_in_bed":13,"minecraft:waystone_activated":3,"minecraft:damage_dealt":5392,"minecraft:crouch_one_cm":31334,"minecraft:interact_with_smoker":2,"minecraft:horse_one_cm":104623,"minecraft:mob_kills":40,"minecraft:damage_dealt_resisted":256,"minecraft:climb_one_cm":33043,"minecraft:walk_one_cm":1326080,"minecraft:sneak_time":7252,"minecraft:walk_under_water_one_cm":117551,"minecraft:interact_with_blast_furnace":7,"minecraft:total_world_time":368034,"minecraft:time_since_rest":2263,"minecraft:damage_taken":21372,"minecraft:damage_absorbed":41,"minecraft:trigger_trapped_chest":3,"minecraft:swim_one_cm":48833,"minecraft:fly_one_cm":2584676,"minecraft:open_chest":434,"minecraft:fall_one_cm":245069},"minecraft:killed_by":{"minecraft:zombie":7,"minecraft:player":3,"minecraft:skeleton":4,"iceandfire:ghost":1},"minecraft:killed":{"born_in_chaos_v1:restless_spirit":2,"minecraft:spider":1,"born_in_chaos_v1:scarlet_persecutor":2,"minecraft:skeleton":4,"minecraft:chicken":1,"minecraft:sheep":3,"minecraft:zombie":6,"minecraft:cow":1,"undead_revamp2:thehunter":2,"minecraft:phantom":1,"twilightforest:swarm_spider":3,"undead_revamp2:sucker":5,"undead_revamp2:the_moonflower":1,"twilightforest:kobold":6},"minecraft:used":{"minecraft:peony":2,"twilightforest:canopy_stairs":2,"minecraft:iron_shovel":212,"minecraft:ladder":4,"minecraft:chest":19,"minecraft:shield":24,"minecraft:stone":194,"minecraft:iron_sword":49,"minecraft:bell":2,"minecraft:iron_chestplate":2,"simplyswords:diamond_twinblade":24,"minecraft:carrot":33,"valhelsia_furniture:red_upholstered_dark_oak_stool":2,"twilightforest:twilight_oak_planks":15,"minecraft:iron_helmet":1,"minecraft:stone_bricks":2,"minecraft:written_book":2,"minecraft:furnace":9,"minecraft:egg":5,"minecraft:mossy_stone_bricks":1,"minecraft:diorite":1,"weaponmaster:wm_rapierlarge":1,"minecraft:dark_oak_sign":3,"minecraft:stone_pickaxe":150,"minecraft:oak_planks":19,"twilightforest:uncrafting_table":8,"minecraft:wooden_pickaxe":10,"minecraft:chainmail_helmet":1,"minecraft:white_wool":4,"minecraft:golden_apple":1,"minecraft:black_bed":6,"waystones:waystone":1,"valhelsia_furniture:red_dark_oak_chair":1,"minecraft:bread":39,"minecraft:melon_slice":10,"minecraft:gravel":11,"twilightforest:canopy_slab":50,"minecraft:stone_sword":3,"minecraft:flint_and_steel":125,"minecraft:spruce_planks":6,"vanillaplustools:stone_hammer":107,"minecraft:cooked_chicken":1,"minecraft:torch":125,"minecraft:dirt":87,"minecraft:spruce_stairs":1,"valhelsia_furniture:hay_dark_oak_chair":1,"minecraft:wooden_axe":1,"minecraft:iron_axe":127,"minecraft:oak_stairs":1,"minecraft:iron_boots":2,"evilcraft:flesh_humanoid":1,"twilightforest:canopy_door":5,"minecraft:cooked_beef":13,"minecraft:beetroot_soup":2,"minecraft:iron_leggings":1,"minecraft:brown_bed":3,"minecraft:cooked_mutton":4,"minecraft:water_bucket":12,"minecraft:cracked_stone_bricks":1,"minecraft:mossy_cobblestone":1,"minecraft:music_disc_cat":1,"minecraft:crafting_table":7,"minecraft:white_bed":1,"minecraft:iron_pickaxe":390,"minecraft:map":1,"minecraft:stone_axe":29,"minecraft:cobblestone":135,"vanillaplustools:iron_hammer":238,"minecraft:cooked_porkchop":7,"minecraft:bucket":12,"minecraft:pumpkin_pie":3,"minecraft:yellow_bed":3,"minecraft:stripped_oak_log":1,"minecraft:chainmail_leggings":1},"minecraft:crafted":{"minecraft:oak_planks":84,"minecraft:cooked_chicken":1,"minecraft:stone":364,"minecraft:cobblestone_stairs":36,"minecraft:cooked_mutton":4,"vanillaplustools:iron_hammer":1,"sophisticatedbackpacks:copper_backpack":1,"minecraft:chest":10,"minecraft:crafting_table":4,"minecraft:spruce_planks":16,"minecraft:wooden_pickaxe":2,"minecraft:baked_potato":8,"minecraft:iron_helmet":2,"minecraft:copper_ingot":126,"twilightforest:canopy_door":6,"minecraft:shield":2,"minecraft:stick":76,"minecraft:iron_pickaxe":12,"minecraft:iron_ingot":253,"minecraft:stone_sword":1,"minecraft:gold_ingot":2,"vanillaplustools:stone_hammer":1,"minecraft:furnace":6,"minecraft:flint_and_steel":5,"minecraft:spruce_stairs":4,"twilightforest:twilight_oak_planks":16,"minecraft:iron_axe":1,"minecraft:ladder":3,"minecraft:stone_pickaxe":10,"twilightforest:canopy_planks":256,"minecraft:wheat":63,"sophisticatedbackpacks:iron_backpack":1,"minecraft:cooked_beef":9,"minecraft:iron_sword":2,"twilightforest:canopy_stairs":8,"sophisticatedbackpacks:gold_backpack":1,"minecraft:bucket":1,"minecraft:stone_axe":1,"minecraft:bread":21,"minecraft:air":0,"minecraft:iron_shovel":2,"minecraft:iron_leggings":2,"minecraft:torch":64},"minecraft:dropped":{"sophisticatedbackpacks:iron_backpack":1,"iceandfire:raw_silver":2,"minecraft:birch_planks":14,"minecraft:cooked_porkchop":2,"minecraft:rooted_dirt":1,"minecraft:iron_horse_armor":1,"minecraft:cracked_stone_bricks":1,"twilightforest:ore_magnet":1,"minecraft:cobblestone_stairs":36,"minecraft:dirt":3,"valhelsia_furniture:red_upholstered_dark_oak_stool":1,"minecraft:cornflower":1,"minecraft:chain":1,"gravestone:obituary":46,"minecraft:gold_nugget":2,"minecraft:iron_pickaxe":2,"valhelsia_structures:unlit_lantern":2,"minecraft:white_wool":1,"minecraft:bone":1,"minecraft:sugar_cane":2,"minecraft:rotten_flesh":14,"minecraft:oak_planks":23,"minecraft:glowstone_dust":8,"evilcraft:flesh_humanoid":4,"minecraft:poppy":1,"minecraft:ladder":3,"minecraft:chainmail_boots":1,"minecraft:chest":1,"vanillaplustools:stone_hammer":1,"minecraft:spruce_slab":1,"minecraft:arrow":4,"minecraft:glass":1,"minecraft:written_book":2,"minecraft:egg":1,"minecraft:water_bucket":1,"minecraft:bread":4,"minecraft:wheat_seeds":22,"minecraft:mossy_cobblestone":1,"minecraft:feather":1,"minecraft:cobblestone":1950,"minecraft:apple":1,"minecraft:spruce_door":1,"minecraft:spruce_stairs":5,"minecraft:chainmail_helmet":2,"minecraft:torch":4,"twilightforest:twilight_oak_planks":1,"epicsamurai:cloth":4,"minecraft:chainmail_leggings":1,"minecraft:string":1,"minecraft:bucket":1,"minecraft:dandelion":1,"minecraft:coarse_dirt":2,"minecraft:stone_sword":1,"minecraft:raw_copper":540,"minecraft:bowl":1,"minecraft:tuff":1,"minecraft:spruce_fence":1,"minecraft:filled_map":3,"minecraft:spruce_trapdoor":5,"minecraft:spruce_planks":7,"minecraft:andesite":1,"minecraft:yellow_bed":1,"minecraft:oak_sapling":1,"minecraft:stone_bricks":2,"sophisticatedbackpacks:copper_backpack":1,"minecraft:stone_pickaxe":2,"minecraft:wooden_pickaxe":4},"minecraft:mined":{"minecraft:spruce_planks":3,"minecraft:white_bed":1,"minecraft:spruce_trapdoor":4,"minecraft:granite":13,"minecraft:grass_block":124,"minecraft:dark_oak_trapdoor":2,"minecraft:iron_ore":22,"minecraft:fire":2,"twilightforest:twilight_oak_wood":4,"minecraft:pumpkin":2,"minecraft:anvil":1,"minecraft:dark_oak_stairs":1,"minecraft:brown_bed":5,"valhelsia_furniture:red_dark_oak_chair":1,"minecraft:oak_stairs":1,"uniquedungeons:climbing_rope":1,"valhelsia_furniture:red_upholstered_dark_oak_stool":2,"minecraft:torch":3,"minecraft:chest":11,"twilightforest:uncrafting_table":6,"minecraft:cobblestone":85,"minecraft:sugar_cane":1,"minecraft:oak_planks":42,"minecraft:wall_torch":13,"twilightforest:canopy_door":1,"minecraft:black_bed":6,"minecraft:grass":31,"minecraft:oak_log":11,"minecraft:dirt":59,"minecraft:oak_leaves":14,"minecraft:diamond_ore":4,"iceandfire:silver_ore":2,"gravestone:gravestone":20,"minecraft:ladder":1,"minecraft:spruce_fence":1,"valhelsia_furniture:hay_dark_oak_chair":1,"minecraft:spruce_leaves":1,"minecraft:rooted_dirt":1,"minecraft:hay_block":16,"minecraft:furnace":1,"minecraft:stripped_spruce_log":1,"valhelsia_structures:green_metal_framed_glass_pane":3,"minecraft:peony":2,"minecraft:bell":1,"twilightforest:firefly_jar":1,"minecraft:cobblestone_slab":2,"twilightforest:canopy_slab":18,"minecraft:vine":2,"minecraft:stripped_oak_log":1,"regions_unexplored:medium_grass":7,"minecraft:stone":3297,"minecraft:white_wool":2,"minecraft:oak_slab":1,"valhelsia_structures:unlit_lantern":1,"uniquedungeons:climbing_hook":1,"minecraft:stripped_dark_oak_log":1,"minecraft:stone_brick_slab":1,"minecraft:spruce_door":1,"minecraft:crafting_table":7,"minecraft:andesite_slab":1,"minecraft:tall_grass":9,"minecraft:copper_ore":4,"minecraft:lapis_ore":4,"minecraft:diorite":4,"minecraft:spruce_stairs":2,"minecraft:coarse_dirt":1,"minecraft:ice":2,"minecraft:spruce_log":2,"minecraft:yellow_bed":3,"minecraft:coal_ore":9,"valhelsia_furniture:red_upholstered_dark_oak_chair":1,"minecraft:gravel":82,"twilightforest:canopy_stairs":1,"minecraft:cobweb":3,"valhelsia_furniture:dark_oak_desk":2,"minecraft:stone_bricks":1,"minecraft:gold_ore":10,"minecraft:fern":2}},"DataVersion":3465}