{"stats":{"minecraft:broken":{"minecraft:flint_and_steel":3},"minecraft:killed_by":{"minecraft:zombie":7,"minecraft:player":3,"minecraft:skeleton":5,"minecraft:phantom":2,"iceandfire:ghost":1},"minecraft:used":{"minecraft:peony":2,"twilightforest:canopy_stairs":2,"minecraft:iron_shovel":356,"minecraft:ladder":4,"minecraft:oak_sign":1,"minecraft:chest":20,"minecraft:shield":30,"minecraft:iron_sword":49,"minecraft:stone":194,"minecraft:bell":2,"minecraft:iron_chestplate":2,"simplyswords:diamond_twinblade":24,"minecraft:carrot":34,"born_in_chaos_v1:corpse_maggot":2,"twilightforest:twilight_oak_planks":15,"valhelsia_furniture:red_upholstered_dark_oak_stool":2,"minecraft:iron_helmet":1,"minecraft:stone_bricks":2,"minecraft:bow":12,"minecraft:written_book":2,"minecraft:furnace":9,"minecraft:egg":5,"minecraft:potato":27,"minecraft:mossy_stone_bricks":1,"minecraft:diorite":1,"minecraft:chorus_fruit":1,"minecraft:stone_pickaxe":150,"weaponmaster:wm_rapierlarge":11,"minecraft:dark_oak_sign":3,"minecraft:oak_planks":19,"twilightforest:uncrafting_table":8,"minecraft:wooden_pickaxe":10,"minecraft:chainmail_helmet":1,"minecraft:white_wool":4,"minecraft:golden_apple":2,"minecraft:black_bed":6,"waystones:waystone":1,"valhelsia_furniture:red_dark_oak_chair":1,"minecraft:melon_slice":10,"minecraft:bread":48,"minecraft:gravel":11,"minecraft:soul_lantern":1,"twilightforest:canopy_slab":50,"immersive_aircraft:gyrodyne":1,"minecraft:bone_meal":24,"twilightforest:canopy_planks":2,"minecraft:stone_sword":3,"minecraft:flint_and_steel":201,"minecraft:spruce_planks":6,"vanillaplustools:stone_hammer":107,"minecraft:cooked_chicken":1,"minecraft:torch":170,"minecraft:dirt":202,"minecraft:spyglass":11,"minecraft:spruce_stairs":1,"valhelsia_furniture:hay_dark_oak_chair":1,"minecraft:wooden_axe":1,"minecraft:iron_axe":132,"minecraft:oak_stairs":1,"minecraft:iron_boots":2,"evilcraft:flesh_humanoid":1,"twilightforest:canopy_door":5,"minecraft:cooked_beef":16,"minecraft:brown_bed":3,"minecraft:beetroot_soup":2,"minecraft:iron_leggings":1,"minecraft:cooked_mutton":4,"minecraft:water_bucket":14,"minecraft:baked_potato":105,"minecraft:cracked_stone_bricks":1,"minecraft:mossy_cobblestone":1,"minecraft:music_disc_cat":1,"minecraft:crafting_table":7,"minecraft:white_bed":1,"minecraft:iron_pickaxe":400,"minecraft:map":1,"minecraft:stone_axe":29,"minecraft:cobblestone":237,"vanillaplustools:iron_hammer":287,"minecraft:cooked_porkchop":9,"minecraft:bucket":14,"minecraft:pumpkin_pie":3,"minecraft:yellow_bed":3,"minecraft:stripped_oak_log":1,"minecraft:chainmail_leggings":1},"minecraft:custom":{"minecraft:interact_with_crafting_table":65,"minecraft:open_barrel":24,"minecraft:bell_ring":17,"minecraft:eat_cake_slice":17,"minecraft:leave_game":13,"minecraft:time_since_death":65256,"minecraft:sprint_one_cm":1188463,"minecraft:damage_blocked_by_shield":1546,"minecraft:drop":401,"minecraft:talked_to_villager":1,"minecraft:play_time":576954,"minecraft:deaths":46,"minecraft:jump":14482,"minecraft:walk_on_water_one_cm":112906,"minecraft:enchant_item":1,"minecraft:interact_with_furnace":198,"twilightforest:uncrafting_table_interactions":7,"minecraft:play_record":1,"minecraft:sleep_in_bed":22,"minecraft:waystone_activated":3,"minecraft:damage_dealt":5461,"minecraft:crouch_one_cm":59748,"minecraft:interact_with_smoker":2,"minecraft:horse_one_cm":104623,"minecraft:mob_kills":139,"minecraft:damage_dealt_resisted":713,"minecraft:climb_one_cm":33043,"minecraft:walk_one_cm":1927289,"minecraft:sneak_time":15400,"minecraft:walk_under_water_one_cm":351097,"minecraft:interact_with_blast_furnace":7,"minecraft:total_world_time":576954,"minecraft:time_since_rest":5094,"minecraft:damage_taken":30763,"minecraft:damage_absorbed":81,"minecraft:trigger_trapped_chest":3,"minecraft:swim_one_cm":131859,"minecraft:fly_one_cm":3859302,"minecraft:open_chest":533,"minecraft:fall_one_cm":322906},"minecraft:killed":{"minecraft:cave_spider":1,"born_in_chaos_v1:restless_spirit":2,"minecraft:spider":3,"weaponmaster:ability_skeleton_grenade_skeletons":12,"born_in_chaos_v1:scarlet_persecutor":2,"minecraft:skeleton":13,"minecraft:guardian":1,"minecraft:chicken":1,"minecraft:creeper":3,"minecraft:sheep":3,"minecraft:pillager":2,"minecraft:zombie":23,"minecraft:cow":1,"undead_revamp2:thehunter":5,"undead_revamp2:bomber":1,"minecraft:phantom":6,"born_in_chaos_v1:maggot":7,"twilightforest:swarm_spider":3,"minecraft:drowned":2,"undead_revamp2:sucker":11,"undead_revamp2:the_moonflower":8,"twilightforest:kobold":6,"mutantmonsters:mutant_zombie":1},"minecraft:dropped":{"sophisticatedbackpacks:iron_backpack":1,"minecraft:iron_sword":1,"iceandfire:raw_silver":2,"minecraft:birch_planks":14,"minecraft:lapis_lazuli":2,"minecraft:baked_potato":7,"minecraft:diamond":3,"minecraft:cooked_porkchop":2,"iceandfire:frozen_dirt":6,"minecraft:rooted_dirt":1,"minecraft:iron_horse_armor":1,"minecraft:cracked_stone_bricks":1,"undead_revamp2:blockofbostrox":1,"twilightforest:ore_magnet":1,"minecraft:cobblestone_stairs":36,"minecraft:dirt":106,"valhelsia_furniture:red_upholstered_dark_oak_stool":1,"minecraft:cornflower":1,"minecraft:chain":1,"gravestone:obituary":63,"minecraft:gold_nugget":2,"minecraft:iron_pickaxe":2,"valhelsia_structures:unlit_lantern":2,"minecraft:white_wool":1,"minecraft:bone":6,"minecraft:spyglass":1,"minecraft:sugar_cane":2,"aether:skyroot_stick":3,"minecraft:rotten_flesh":65,"minecraft:oak_planks":23,"minecraft:glowstone_dust":8,"iceandfire:frozen_grass":1,"evilcraft:flesh_humanoid":5,"minecraft:poppy":1,"born_in_chaos_v1:corpse_maggot":1,"vanillaplustools:stone_hammer":1,"minecraft:chest":1,"minecraft:ladder":3,"minecraft:chainmail_boots":1,"minecraft:spruce_slab":1,"minecraft:arrow":9,"minecraft:glass":1,"minecraft:written_book":2,"minecraft:egg":1,"minecraft:water_bucket":1,"minecraft:bread":4,"minecraft:wheat_seeds":24,"minecraft:mossy_cobblestone":1,"minecraft:poisonous_potato":2,"minecraft:feather":1,"minecraft:cobblestone":2149,"minecraft:apple":1,"iceandfire:frozen_gravel":5,"minecraft:copper_ingot":1,"minecraft:spruce_door":1,"minecraft:spruce_stairs":5,"minecraft:chainmail_helmet":2,"minecraft:stick":2,"minecraft:diorite":1,"minecraft:torch":4,"twilightforest:twilight_oak_planks":1,"epicsamurai:cloth":4,"minecraft:chainmail_leggings":1,"minecraft:string":1,"minecraft:bucket":1,"minecraft:spruce_sapling":1,"minecraft:dandelion":1,"iceandfire:silver_nugget":8,"twilightforest:canopy_sign":9,"minecraft:coarse_dirt":2,"minecraft:stone_sword":1,"minecraft:raw_copper":540,"minecraft:bowl":1,"minecraft:tuff":1,"minecraft:spruce_fence":1,"minecraft:filled_map":3,"aether:iron_gloves":1,"minecraft:spruce_planks":7,"minecraft:spruce_trapdoor":5,"minecraft:iron_chestplate":1,"minecraft:andesite":1,"minecraft:yellow_bed":1,"minecraft:oak_sapling":1,"minecraft:stone_bricks":2,"sophisticatedbackpacks:copper_backpack":2,"minecraft:stone_pickaxe":2,"minecraft:wooden_pickaxe":4,"weaponmaster:wm_rapierlarge":4},"minecraft:crafted":{"minecraft:oak_planks":84,"minecraft:cooked_chicken":1,"minecraft:stone":364,"minecraft:cobblestone_stairs":36,"minecraft:cooked_mutton":4,"vanillaplustools:iron_hammer":1,"minecraft:diamond_leggings":1,"minecraft:bow":1,"sophisticatedbackpacks:copper_backpack":1,"minecraft:chest":10,"twilightforest:canopy_sign":9,"minecraft:crafting_table":4,"minecraft:spruce_planks":16,"minecraft:iron_helmet":2,"minecraft:baked_potato":91,"minecraft:wooden_pickaxe":2,"minecraft:copper_ingot":126,"twilightforest:canopy_door":6,"minecraft:shield":2,"minecraft:stick":84,"minecraft:iron_pickaxe":12,"minecraft:iron_ingot":253,"minecraft:stone_sword":1,"minecraft:gold_ingot":2,"vanillaplustools:stone_hammer":1,"minecraft:spyglass":2,"minecraft:furnace":6,"minecraft:bone_meal":24,"minecraft:flint_and_steel":5,"minecraft:diamond":18,"minecraft:spruce_stairs":4,"twilightforest:twilight_oak_planks":16,"minecraft:iron_axe":1,"minecraft:ladder":3,"minecraft:stone_pickaxe":10,"twilightforest:canopy_planks":268,"minecraft:wheat":63,"sophisticatedbackpacks:iron_backpack":1,"minecraft:cooked_beef":9,"minecraft:iron_sword":2,"twilightforest:canopy_stairs":8,"sophisticatedbackpacks:gold_backpack":1,"minecraft:bucket":1,"minecraft:stone_axe":1,"minecraft:bread":21,"minecraft:air":0,"minecraft:iron_shovel":2,"minecraft:iron_leggings":2,"minecraft:torch":80},"minecraft:mined":{"minecraft:spruce_planks":3,"minecraft:white_bed":1,"minecraft:spruce_trapdoor":4,"minecraft:granite":13,"minecraft:grass_block":265,"minecraft:spawner":1,"minecraft:dark_oak_trapdoor":2,"minecraft:iron_ore":22,"minecraft:fire":5,"twilightforest:twilight_oak_wood":4,"minecraft:pumpkin":2,"minecraft:anvil":1,"minecraft:dark_oak_stairs":1,"minecraft:brown_bed":5,"valhelsia_furniture:red_dark_oak_chair":1,"minecraft:oak_stairs":1,"uniquedungeons:climbing_rope":1,"valhelsia_furniture:red_upholstered_dark_oak_stool":2,"minecraft:torch":6,"minecraft:chest":12,"twilightforest:uncrafting_table":6,"iceandfire:frozen_dirt":15,"minecraft:cobblestone":89,"minecraft:oak_planks":42,"minecraft:sugar_cane":1,"minecraft:wall_torch":14,"twilightforest:canopy_door":1,"minecraft:black_bed":6,"minecraft:grass":41,"minecraft:oak_log":11,"minecraft:dirt":72,"twilightforest:canopy_log":4,"minecraft:oak_leaves":14,"minecraft:diamond_ore":4,"iceandfire:silver_ore":5,"gravestone:gravestone":32,"minecraft:ladder":1,"minecraft:spruce_fence":1,"iceandfire:frozen_grass":1,"valhelsia_furniture:hay_dark_oak_chair":1,"minecraft:spruce_leaves":1,"minecraft:rooted_dirt":1,"minecraft:hay_block":16,"minecraft:furnace":1,"twilightforest:canopy_planks":2,"minecraft:stripped_spruce_log":1,"valhelsia_structures:green_metal_framed_glass_pane":3,"minecraft:peony":2,"minecraft:bell":1,"minecraft:potatoes":14,"twilightforest:firefly_jar":1,"minecraft:cobblestone_slab":2,"twilightforest:canopy_slab":18,"minecraft:vine":2,"minecraft:stripped_oak_log":1,"regions_unexplored:medium_grass":7,"minecraft:stone":3556,"minecraft:white_wool":2,"minecraft:oak_slab":1,"valhelsia_structures:unlit_lantern":1,"uniquedungeons:climbing_hook":1,"minecraft:stripped_dark_oak_log":1,"minecraft:stone_brick_slab":1,"minecraft:spruce_door":1,"iceandfire:frozen_gravel":5,"minecraft:crafting_table":7,"minecraft:andesite_slab":1,"minecraft:copper_ore":4,"minecraft:tall_grass":10,"minecraft:lapis_ore":4,"minecraft:diorite":5,"minecraft:spruce_stairs":2,"minecraft:coarse_dirt":1,"minecraft:ice":2,"minecraft:spruce_log":2,"minecraft:yellow_bed":3,"minecraft:coal_ore":9,"valhelsia_furniture:red_upholstered_dark_oak_chair":1,"minecraft:gravel":82,"twilightforest:canopy_stairs":1,"minecraft:cobweb":3,"valhelsia_furniture:dark_oak_desk":2,"minecraft:stone_bricks":1,"minecraft:gold_ore":10,"minecraft:fern":3},"minecraft:picked_up":{"epicsamurai:cloth":4,"minecraft:wheat":2,"minecraft:chainmail_boots":1,"minecraft:anvil":2,"aether:iron_gloves":2,"valhelsia_furniture:red_dark_oak_chair":1,"weaponmaster:wm_rapierlarge":4,"valhelsia_furniture:red_upholstered_dark_oak_stool":3,"minecraft:oak_stairs":1,"minecraft:brown_bed":5,"minecraft:enchanted_book":1,"minecraft:stone_brick_stairs":1,"immersive_aircraft:improved_landing_gear":1,"minecraft:music_disc_cat":1,"minecraft:string":6,"minecraft:dark_oak_trapdoor":2,"minecraft:raw_copper":1685,"simplyswords:diamond_twinblade":1,"minecraft:armor_stand":1,"aether:skyroot_stick":3,"minecraft:gold_nugget":3,"minecraft:spruce_planks":5,"minecraft:rose_bush":1,"minecraft:written_book":3,"minecraft:iron_pickaxe":2,"iceandfire:frozen_gravel":5,"minecraft:melon_slice":10,"minecraft:coal_block":9,"twilightforest:canopy_stairs":1,"evilcraft:blood_extractor":1,"minecraft:furnace":5,"minecraft:stick":11,"weaponmaster:weaponkit":1,"minecraft:torch":111,"iceandfire:dragonscales_white":3,"minecraft:spruce_stairs":2,"undead_revamp2:blockofbostrox":1,"minecraft:diorite":5,"mutantmonsters:hulk_hammer":1,"minecraft:stone_sword":1,"minecraft:rotten_flesh":78,"undead_revamp2:arapholia":1,"minecraft:cobblestone":3311,"evilcraft:vengeance_pickaxe":1,"minecraft:feather":3,"minecraft:cooked_beef":3,"minecraft:water_bucket":3,"minecraft:andesite":1,"twilightforest:twilight_oak_wood":4,"minecraft:black_bed":6,"twilightforest:ore_magnet":1,"minecraft:potato":47,"paraglider:spirit_orb":1,"uniquedungeons:climbing_hook_item":1,"minecraft:flint":8,"minecraft:tuff":1,"evilcraft:flesh_humanoid":6,"minecraft:lapis_lazuli":149,"minecraft:dirt":416,"minecraft:glass":12,"minecraft:bone":18,"twilightforest:canopy_door":1,"minecraft:bow":1,"minecraft:wheat_seeds":29,"valhelsia_structures:metal_framed_glass_pane":1,"minecraft:raw_gold":10,"minecraft:bell":1,"minecraft:dark_oak_sign":6,"minecraft:mossy_stone_bricks":1,"minecraft:glowstone_dust":24,"minecraft:oak_planks":50,"minecraft:poisonous_potato":2,"valhelsia_furniture:dark_oak_desk":2,"immersive_aircraft:gyroscope":1,"twilightforest:canopy_slab":83,"twilightforest:canopy_log":35,"sophisticatedbackpacks:iron_backpack":1,"minecraft:diamond_block":2,"iceandfire:frozen_dirt":14,"minecraft:mossy_cobblestone":3,"epicsamurai:red_samurai_boots_master":1,"minecraft:diamond":6,"minecraft:soul_lantern":1,"waystones:waystone":1,"minecraft:granite":13,"minecraft:chainmail_helmet":1,"minecraft:bread":17,"minecraft:rooted_dirt":1,"minecraft:oak_sapling":2,"twilightforest:uncrafting_table":7,"minecraft:chorus_fruit":1,"valhelsia_structures:unlit_lantern":2,"iceandfire:silver_nugget":72,"twilightforest:torchberries":2,"epicsamurai:green_samurai_chestplate":1,"iceandfire:raw_silver":5,"minecraft:coarse_dirt":2,"minecraft:crafting_table":7,"minecraft:chicken":1,"minecraft:ladder":5,"minecraft:rabbit_stew":4,"epicsamurai:green_samurai_helmet_master":1,"minecraft:wooden_pickaxe":2,"minecraft:chain":2,"gravestone:obituary":20,"minecraft:cornflower":1,"iceandfire:frozen_grass":2,"minecraft:iron_axe":1,"undead_revamp2:bostroxset_chestplate":1,"minecraft:cracked_stone_bricks":2,"minecraft:beef":3,"minecraft:poppy":1,"minecraft:spruce_slab":3,"minecraft:sugar_cane":4,"minecraft:chest":16,"minecraft:spruce_trapdoor":5,"minecraft:egg":1,"minecraft:raw_iron":187,"minecraft:stone":38,"minecraft:copper_ingot":16,"minecraft:bowl":1,"minecraft:spruce_fence":1,"valhelsia_furniture:red_upholstered_dark_oak_chair":1,"minecraft:carrot":11,"minecraft:redstone":167,"minecraft:diamond_chestplate":1,"minecraft:arrow":23,"minecraft:pumpkin_pie":3,"minecraft:peony":2,"minecraft:hay_block":15,"twilightforest:peacock_feather_fan":1,"sophisticatedbackpacks:copper_backpack":2,"minecraft:mutton":4,"minecraft:skeleton_skull":1,"minecraft:white_wool":7,"minecraft:stripped_oak_log":1,"born_in_chaos_v1:corpse_maggot":5,"minecraft:leather":1,"valhelsia_furniture:hay_dark_oak_chair":1,"minecraft:filled_map":3,"minecraft:birch_planks":20,"minecraft:oak_log":21,"minecraft:yellow_bed":4,"minecraft:gunpowder":4,"immersive_aircraft:gyrodyne":1,"minecraft:apple":1,"minecraft:stone_bricks":5,"minecraft:iron_ingot":12,"minecraft:stone_pickaxe":1,"minecraft:iron_sword":1,"minecraft:book":2,"minecraft:oak_slab":3,"minecraft:pumpkin":2,"born_in_chaos_v1:ethereal_spirit":9,"minecraft:dandelion":2,"minecraft:gravel":77,"minecraft:amethyst_shard":2,"minecraft:spruce_sapling":1,"minecraft:white_bed":1,"minecraft:spruce_log":7,"minecraft:spruce_door":1,"minecraft:spider_eye":1,"immersive_aircraft:enhanced_propeller":1,"minecraft:pumpkin_seeds":3,"minecraft:chainmail_leggings":1,"vanillaplustools:stone_hammer":1,"minecraft:baked_potato":14,"minecraft:stripped_dark_oak_log":1,"minecraft:coal":218}},"DataVersion":3465}