{"stats":{"minecraft:killed":{"minecraft:spider":1,"minecraft:skeleton":2,"twilightforest:swarm_spider":3,"twilightforest:kobold":1,"minecraft:sheep":3,"minecraft:zombie":2,"minecraft:cow":1},"minecraft:crafted":{"minecraft:oak_planks":76,"vanillaplustools:stone_hammer":1,"minecraft:furnace":2,"minecraft:cooked_mutton":4,"minecraft:spruce_stairs":4,"twilightforest:twilight_oak_planks":16,"minecraft:ladder":3,"minecraft:stone_pickaxe":10,"minecraft:chest":6,"twilightforest:canopy_planks":128,"minecraft:cooked_beef":7,"minecraft:crafting_table":4,"minecraft:spruce_planks":16,"minecraft:iron_helmet":1,"minecraft:wooden_pickaxe":2,"minecraft:baked_potato":8,"minecraft:iron_sword":2,"twilightforest:canopy_stairs":8,"minecraft:stone_axe":1,"minecraft:air":0,"minecraft:shield":1,"minecraft:stick":32,"minecraft:iron_pickaxe":1,"minecraft:iron_ingot":76,"minecraft:stone_sword":1,"minecraft:iron_leggings":1},"minecraft:killed_by":{"minecraft:player":3,"minecraft:skeleton":1},"minecraft:picked_up":{"epicsamurai:cloth":4,"minecraft:crafting_table":5,"minecraft:ladder":5,"minecraft:anvil":2,"minecraft:rabbit_stew":4,"minecraft:wooden_pickaxe":2,"valhelsia_furniture:red_upholstered_dark_oak_stool":1,"minecraft:brown_bed":5,"minecraft:stone_brick_stairs":1,"gravestone:obituary":5,"minecraft:dark_oak_trapdoor":2,"minecraft:string":5,"minecraft:raw_copper":1678,"minecraft:iron_axe":1,"minecraft:armor_stand":1,"minecraft:cracked_stone_bricks":1,"minecraft:gold_nugget":2,"minecraft:spruce_planks":2,"minecraft:beef":3,"minecraft:rose_bush":1,"minecraft:written_book":3,"minecraft:poppy":1,"minecraft:iron_pickaxe":2,"twilightforest:canopy_stairs":1,"minecraft:melon_slice":10,"minecraft:sugar_cane":4,"minecraft:chest":5,"minecraft:spruce_trapdoor":5,"minecraft:furnace":3,"minecraft:stick":9,"minecraft:raw_iron":134,"minecraft:torch":87,"minecraft:diorite":4,"minecraft:redstone":162,"minecraft:stone_sword":1,"minecraft:arrow":11,"minecraft:rotten_flesh":1,"minecraft:peony":2,"twilightforest:peacock_feather_fan":1,"minecraft:mutton":4,"minecraft:white_wool":7,"minecraft:cobblestone":1930,"minecraft:water_bucket":1,"twilightforest:twilight_oak_wood":4,"minecraft:black_bed":2,"minecraft:leather":1,"valhelsia_furniture:hay_dark_oak_chair":1,"minecraft:filled_map":3,"minecraft:birch_planks":20,"minecraft:flint":2,"minecraft:oak_log":21,"evilcraft:flesh_humanoid":2,"minecraft:yellow_bed":4,"minecraft:dirt":67,"minecraft:glass":12,"minecraft:bone":5,"minecraft:apple":1,"minecraft:wheat_seeds":15,"valhelsia_structures:metal_framed_glass_pane":1,"minecraft:iron_ingot":12,"minecraft:dark_oak_sign":6,"minecraft:mossy_stone_bricks":1,"minecraft:glowstone_dust":16,"minecraft:oak_planks":17,"minecraft:book":2,"minecraft:oak_slab":3,"minecraft:pumpkin":2,"minecraft:dandelion":1,"minecraft:gravel":1,"twilightforest:canopy_log":32,"minecraft:white_bed":1,"minecraft:spruce_log":4,"minecraft:spruce_door":1,"minecraft:spider_eye":1,"minecraft:mossy_cobblestone":1,"minecraft:chainmail_leggings":1,"minecraft:granite":13,"vanillaplustools:stone_hammer":1,"minecraft:chainmail_helmet":1,"minecraft:oak_sapling":1,"valhelsia_structures:unlit_lantern":2,"twilightforest:uncrafting_table":6,"minecraft:coal":210,"iceandfire:raw_silver":2},"minecraft:used":{"minecraft:peony":2,"minecraft:stone_sword":3,"twilightforest:canopy_stairs":2,"minecraft:ladder":4,"minecraft:chest":10,"minecraft:spruce_planks":6,"minecraft:shield":9,"minecraft:iron_sword":33,"vanillaplustools:stone_hammer":107,"minecraft:torch":82,"minecraft:dirt":20,"minecraft:spruce_stairs":1,"minecraft:carrot":5,"valhelsia_furniture:hay_dark_oak_chair":1,"minecraft:wooden_axe":1,"minecraft:iron_axe":34,"twilightforest:twilight_oak_planks":15,"evilcraft:flesh_humanoid":1,"minecraft:written_book":2,"minecraft:furnace":3,"minecraft:egg":5,"minecraft:cooked_beef":7,"minecraft:brown_bed":3,"minecraft:cooked_mutton":4,"minecraft:water_bucket":4,"minecraft:mossy_stone_bricks":1,"minecraft:diorite":1,"minecraft:dark_oak_sign":3,"minecraft:stone_pickaxe":121,"minecraft:oak_planks":8,"twilightforest:uncrafting_table":7,"minecraft:wooden_pickaxe":10,"minecraft:cracked_stone_bricks":1,"minecraft:white_wool":4,"minecraft:mossy_cobblestone":1,"minecraft:crafting_table":7,"minecraft:white_bed":1,"minecraft:black_bed":2,"minecraft:bread":9,"minecraft:melon_slice":10,"minecraft:iron_pickaxe":40,"minecraft:map":1,"minecraft:gravel":1,"minecraft:stone_axe":29,"minecraft:cobblestone":113,"minecraft:cooked_porkchop":1,"minecraft:bucket":4,"minecraft:yellow_bed":3},"minecraft:dropped":{"minecraft:water_bucket":1,"minecraft:bread":4,"iceandfire:raw_silver":2,"minecraft:birch_planks":14,"minecraft:wheat_seeds":14,"minecraft:cooked_porkchop":2,"minecraft:cobblestone":1629,"minecraft:apple":1,"minecraft:spruce_door":1,"minecraft:chainmail_helmet":2,"valhelsia_furniture:red_upholstered_dark_oak_stool":1,"minecraft:torch":4,"twilightforest:twilight_oak_planks":1,"gravestone:obituary":12,"epicsamurai:cloth":4,"minecraft:gold_nugget":2,"minecraft:iron_pickaxe":2,"minecraft:chainmail_leggings":1,"minecraft:string":1,"valhelsia_structures:unlit_lantern":2,"minecraft:white_wool":1,"minecraft:dandelion":1,"minecraft:bone":1,"minecraft:sugar_cane":2,"minecraft:stone_sword":1,"minecraft:raw_copper":540,"minecraft:rotten_flesh":1,"minecraft:oak_planks":23,"minecraft:glowstone_dust":8,"evilcraft:flesh_humanoid":1,"minecraft:filled_map":3,"minecraft:poppy":1,"minecraft:spruce_trapdoor":5,"minecraft:yellow_bed":1,"minecraft:ladder":3,"vanillaplustools:stone_hammer":1,"minecraft:arrow":4,"minecraft:wooden_pickaxe":4,"minecraft:glass":1,"minecraft:stone_pickaxe":1,"minecraft:written_book":2},"minecraft:custom":{"minecraft:mob_kills":13,"minecraft:interact_with_crafting_table":31,"minecraft:open_barrel":8,"minecraft:eat_cake_slice":11,"minecraft:leave_game":4,"minecraft:time_since_death":345,"minecraft:climb_one_cm":20061,"minecraft:sprint_one_cm":332290,"minecraft:walk_one_cm":524837,"minecraft:damage_blocked_by_shield":226,"minecraft:drop":195,"minecraft:talked_to_villager":1,"minecraft:play_time":148444,"minecraft:deaths":9,"minecraft:sneak_time":1864,"minecraft:walk_under_water_one_cm":2945,"minecraft:jump":3229,"minecraft:interact_with_blast_furnace":7,"minecraft:walk_on_water_one_cm":30386,"minecraft:total_world_time":148444,"minecraft:interact_with_furnace":66,"twilightforest:uncrafting_table_interactions":3,"minecraft:sleep_in_bed":7,"minecraft:time_since_rest":370,"minecraft:damage_taken":4668,"minecraft:damage_dealt":2228,"minecraft:swim_one_cm":7531,"minecraft:fly_one_cm":847906,"minecraft:open_chest":102,"minecraft:crouch_one_cm":4642,"minecraft:interact_with_smoker":2,"minecraft:fall_one_cm":68620,"minecraft:horse_one_cm":104623},"minecraft:mined":{"minecraft:spruce_planks":3,"minecraft:white_bed":1,"iceandfire:silver_ore":2,"minecraft:spruce_trapdoor":4,"minecraft:ladder":1,"gravestone:gravestone":5,"minecraft:granite":13,"minecraft:grass_block":4,"valhelsia_furniture:hay_dark_oak_chair":1,"minecraft:spruce_leaves":1,"minecraft:furnace":1,"minecraft:dark_oak_trapdoor":2,"minecraft:iron_ore":14,"twilightforest:twilight_oak_wood":4,"minecraft:pumpkin":2,"minecraft:anvil":1,"minecraft:peony":2,"minecraft:brown_bed":5,"twilightforest:firefly_jar":1,"regions_unexplored:medium_grass":6,"minecraft:stone":945,"minecraft:white_wool":2,"minecraft:oak_slab":1,"valhelsia_structures:unlit_lantern":1,"minecraft:spruce_door":1,"minecraft:crafting_table":5,"minecraft:torch":1,"minecraft:chest":4,"twilightforest:uncrafting_table":6,"minecraft:tall_grass":4,"minecraft:copper_ore":4,"minecraft:cobblestone":21,"minecraft:sugar_cane":1,"minecraft:oak_planks":8,"minecraft:diorite":4,"minecraft:wall_torch":12,"minecraft:spruce_log":2,"minecraft:black_bed":2,"minecraft:yellow_bed":3,"minecraft:grass":20,"minecraft:oak_log":11,"minecraft:coal_ore":9,"minecraft:gravel":1,"minecraft:dirt":19,"twilightforest:canopy_stairs":1,"minecraft:cobweb":3,"minecraft:oak_leaves":1,"minecraft:fern":1}},"DataVersion":3465}