{"stats":{"minecraft:killed_by":{"minecraft:skeleton":1},"minecraft:used":{"minecraft:stone_sword":3,"minecraft:chest":2,"minecraft:shield":9,"minecraft:iron_sword":17,"vanillaplustools:stone_hammer":96,"minecraft:torch":65,"minecraft:dirt":18,"minecraft:iron_axe":4,"evilcraft:flesh_humanoid":1,"minecraft:written_book":2,"minecraft:furnace":3,"minecraft:cooked_beef":7,"minecraft:brown_bed":1,"minecraft:cooked_mutton":4,"minecraft:mossy_stone_bricks":1,"minecraft:water_bucket":3,"minecraft:diorite":1,"minecraft:stone_pickaxe":121,"minecraft:dark_oak_sign":2,"minecraft:wooden_pickaxe":10,"minecraft:white_wool":2,"minecraft:mossy_cobblestone":1,"minecraft:crafting_table":5,"minecraft:white_bed":1,"minecraft:black_bed":1,"minecraft:bread":9,"minecraft:iron_pickaxe":19,"minecraft:map":1,"minecraft:gravel":1,"minecraft:stone_axe":29,"minecraft:cobblestone":86,"minecraft:cooked_porkchop":1,"minecraft:bucket":2,"minecraft:yellow_bed":3},"minecraft:custom":{"minecraft:mob_kills":11,"minecraft:interact_with_crafting_table":14,"minecraft:open_barrel":8,"minecraft:eat_cake_slice":6,"minecraft:leave_game":2,"minecraft:time_since_death":1446,"minecraft:climb_one_cm":6991,"minecraft:sprint_one_cm":254321,"minecraft:walk_one_cm":304198,"minecraft:damage_blocked_by_shield":226,"minecraft:drop":167,"minecraft:play_time":97959,"minecraft:deaths":4,"minecraft:sneak_time":1210,"minecraft:walk_under_water_one_cm":2624,"minecraft:jump":2141,"minecraft:interact_with_blast_furnace":2,"minecraft:walk_on_water_one_cm":26692,"minecraft:total_world_time":97959,"minecraft:interact_with_furnace":23,"minecraft:sleep_in_bed":5,"minecraft:time_since_rest":152,"minecraft:damage_taken":2600,"minecraft:damage_dealt":1901,"minecraft:fly_one_cm":454484,"minecraft:swim_one_cm":5572,"minecraft:open_chest":28,"minecraft:crouch_one_cm":2519,"minecraft:interact_with_smoker":1,"minecraft:fall_one_cm":38001,"minecraft:horse_one_cm":104623},"minecraft:killed":{"minecraft:spider":1,"minecraft:skeleton":2,"twilightforest:swarm_spider":1,"twilightforest:kobold":1,"minecraft:sheep":3,"minecraft:zombie":2,"minecraft:cow":1},"minecraft:dropped":{"minecraft:water_bucket":1,"minecraft:bread":4,"iceandfire:raw_silver":2,"minecraft:wheat_seeds":10,"minecraft:cooked_porkchop":2,"minecraft:cobblestone":1590,"minecraft:apple":1,"minecraft:spruce_door":1,"valhelsia_furniture:red_upholstered_dark_oak_stool":1,"twilightforest:twilight_oak_planks":1,"gravestone:obituary":6,"minecraft:gold_nugget":2,"minecraft:chainmail_leggings":1,"minecraft:bone":1,"minecraft:sugar_cane":2,"minecraft:stone_sword":1,"minecraft:raw_copper":540,"minecraft:rotten_flesh":1,"minecraft:oak_planks":13,"minecraft:glowstone_dust":8,"evilcraft:flesh_humanoid":1,"minecraft:filled_map":2,"minecraft:spruce_trapdoor":5,"minecraft:ladder":3,"minecraft:yellow_bed":1,"vanillaplustools:stone_hammer":1,"minecraft:arrow":4,"minecraft:wooden_pickaxe":4,"minecraft:written_book":2},"minecraft:crafted":{"minecraft:oak_planks":60,"vanillaplustools:stone_hammer":1,"minecraft:furnace":2,"minecraft:cooked_mutton":4,"twilightforest:twilight_oak_planks":16,"minecraft:stone_pickaxe":10,"minecraft:chest":2,"minecraft:cooked_beef":7,"minecraft:crafting_table":3,"minecraft:wooden_pickaxe":2,"minecraft:baked_potato":8,"minecraft:iron_sword":2,"minecraft:stone_axe":1,"minecraft:air":0,"minecraft:shield":1,"minecraft:stick":24,"minecraft:iron_ingot":8,"minecraft:iron_pickaxe":1,"minecraft:stone_sword":1,"minecraft:iron_leggings":1},"minecraft:mined":{"minecraft:white_bed":1,"iceandfire:silver_ore":2,"minecraft:spruce_trapdoor":4,"gravestone:gravestone":2,"minecraft:granite":13,"minecraft:furnace":1,"minecraft:iron_ore":14,"twilightforest:twilight_oak_wood":4,"minecraft:anvil":1,"minecraft:brown_bed":1,"twilightforest:firefly_jar":1,"regions_unexplored:medium_grass":2,"minecraft:stone":842,"minecraft:spruce_door":1,"minecraft:crafting_table":2,"minecraft:torch":1,"minecraft:tall_grass":3,"minecraft:copper_ore":4,"minecraft:cobblestone":17,"minecraft:oak_planks":2,"minecraft:sugar_cane":1,"minecraft:diorite":4,"minecraft:wall_torch":12,"minecraft:black_bed":1,"minecraft:yellow_bed":3,"minecraft:grass":6,"minecraft:coal_ore":9,"minecraft:oak_log":10,"minecraft:gravel":1,"minecraft:dirt":3,"minecraft:fern":1},"minecraft:picked_up":{"minecraft:crafting_table":2,"minecraft:ladder":3,"minecraft:anvil":2,"minecraft:rabbit_stew":4,"minecraft:wooden_pickaxe":2,"valhelsia_furniture:red_upholstered_dark_oak_stool":1,"minecraft:brown_bed":1,"minecraft:stone_brick_stairs":1,"gravestone:obituary":3,"minecraft:raw_copper":1678,"minecraft:string":2,"minecraft:iron_axe":1,"minecraft:gold_nugget":2,"minecraft:beef":3,"minecraft:rose_bush":1,"minecraft:written_book":3,"minecraft:sugar_cane":4,"minecraft:spruce_trapdoor":5,"minecraft:furnace":1,"minecraft:stick":9,"minecraft:raw_iron":134,"minecraft:torch":81,"minecraft:diorite":4,"minecraft:redstone":162,"minecraft:stone_sword":1,"minecraft:arrow":6,"minecraft:rotten_flesh":1,"twilightforest:peacock_feather_fan":1,"minecraft:mutton":4,"minecraft:cobblestone":1826,"minecraft:white_wool":3,"minecraft:water_bucket":1,"twilightforest:twilight_oak_wood":4,"minecraft:black_bed":1,"minecraft:leather":1,"minecraft:filled_map":2,"minecraft:flint":2,"minecraft:oak_log":18,"evilcraft:flesh_humanoid":2,"minecraft:yellow_bed":4,"minecraft:dirt":47,"minecraft:bone":2,"minecraft:apple":1,"minecraft:wheat_seeds":11,"valhelsia_structures:metal_framed_glass_pane":1,"minecraft:iron_ingot":12,"minecraft:dark_oak_sign":2,"minecraft:mossy_stone_bricks":1,"minecraft:glowstone_dust":16,"minecraft:oak_planks":7,"minecraft:gravel":1,"minecraft:white_bed":1,"minecraft:spruce_log":2,"minecraft:spider_eye":1,"minecraft:spruce_door":1,"minecraft:mossy_cobblestone":1,"minecraft:chainmail_leggings":1,"minecraft:granite":13,"vanillaplustools:stone_hammer":1,"minecraft:oak_sapling":1,"minecraft:coal":210,"iceandfire:raw_silver":2}},"DataVersion":3465}