{"stats":{"minecraft:custom":{"minecraft:time_since_rest":3883,"minecraft:sprint_one_cm":18090,"minecraft:walk_one_cm":45162,"minecraft:damage_taken":4895,"minecraft:damage_absorbed":990,"minecraft:drop":9,"minecraft:damage_dealt":3,"minecraft:fly_one_cm":38402,"minecraft:crouch_one_cm":2351,"minecraft:play_time":16098,"minecraft:deaths":3,"minecraft:sneak_time":755,"minecraft:jump":198,"minecraft:leave_game":1,"minecraft:time_since_death":3847,"minecraft:total_world_time":16098,"minecraft:damage_resisted":1100,"minecraft:fall_one_cm":5456},"minecraft:mined":{"gravestone:gravestone":2},"minecraft:picked_up":{"simplyswords:harbinger":1,"minecraft:torch":8,"minecraft:diamond_sword":1,"gravestone:obituary":4,"minecraft:dirt":14,"aether:diamond_gloves":1,"tacz:ammo":150,"minecraft:diamond_chestplate":1,"minecraft:rotten_flesh":3,"minecraft:diamond_leggings":2,"tacz:modern_kinetic_gun":1,"minecraft:diamond_boots":2,"minecraft:enchanted_golden_apple":192,"minecraft:diamond_helmet":2,"alexsmobs:maggot":2},"minecraft:used":{"minecraft:diamond_boots":1,"simplyswords:harbinger":2,"minecraft:dirt":14,"minecraft:diamond_helmet":1,"minecraft:enchanted_golden_apple":19,"minecraft:diamond_leggings":1},"minecraft:dropped":{"minecraft:diamond_sword":1,"alexsmobs:maggot":2,"minecraft:diamond_chestplate":1,"aether:diamond_gloves":1,"minecraft:diamond_leggings":1,"minecraft:diamond_helmet":1,"minecraft:rotten_flesh":3,"tacz:ammo":60,"minecraft:diamond_boots":1},"minecraft:killed_by":{"minecraft:player":1}},"DataVersion":3465}