{"stats":{"minecraft:used":{"born_in_chaos_v1:trident_hayfork":23,"minecraft:dark_oak_sign":1,"minecraft:stone_pickaxe":20,"minecraft:oak_planks":40,"minecraft:shield":8,"minecraft:wooden_pickaxe":7,"minecraft:torch":23,"minecraft:crafting_table":3,"minecraft:white_bed":3,"minecraft:apple":1,"valhelsia_furniture:dark_oak_desk_drawer":2,"minecraft:bread":19,"minecraft:iron_helmet":1,"minecraft:stone_axe":72,"valhelsia_furniture:dark_oak_table":1,"minecraft:red_banner":4,"minecraft:yellow_bed":1,"minecraft:cooked_beef":1,"minecraft:brown_bed":2},"minecraft:custom":{"minecraft:interact_with_furnace":5,"minecraft:mob_kills":18,"minecraft:interact_with_crafting_table":9,"minecraft:open_barrel":35,"minecraft:pot_flower":1,"minecraft:time_since_death":26723,"minecraft:sleep_in_bed":3,"minecraft:climb_one_cm":7466,"minecraft:time_since_rest":7749,"minecraft:sprint_one_cm":138904,"minecraft:damage_taken":1137,"minecraft:walk_one_cm":99527,"minecraft:damage_blocked_by_shield":420,"minecraft:trigger_trapped_chest":1,"minecraft:drop":30,"minecraft:damage_dealt":3075,"minecraft:swim_one_cm":3925,"minecraft:fly_one_cm":302203,"minecraft:open_chest":32,"minecraft:crouch_one_cm":7382,"minecraft:play_time":35509,"minecraft:deaths":1,"minecraft:sneak_time":2040,"minecraft:walk_under_water_one_cm":561,"minecraft:jump":1607,"minecraft:interact_with_blast_furnace":3,"minecraft:walk_on_water_one_cm":3363,"minecraft:total_world_time":35509,"minecraft:fall_one_cm":41391},"minecraft:killed":{"born_in_chaos_v1:zombie_lumberjack":1,"born_in_chaos_v1:restless_spirit":2,"born_in_chaos_v1:door_knight_not_despawn":1,"minecraft:creeper":1,"minecraft:skeleton":3,"minecraft:zombie":3,"born_in_chaos_v1:corpse_fly":3,"born_in_chaos_v1:corpse_fish":1,"minecraft:cow":3},"minecraft:dropped":{"minecraft:bread":2,"minecraft:wheat_seeds":3,"minecraft:rotten_flesh":1,"minecraft:oak_planks":7,"minecraft:mossy_stone_brick_stairs":1,"minecraft:carrot":2,"minecraft:stick":4,"minecraft:potato":4,"minecraft:mossy_stone_bricks":1,"born_in_chaos_v1:corpse_maggot":2,"minecraft:chain":1,"gravestone:obituary":3,"minecraft:arrow":8,"minecraft:wooden_pickaxe":1},"minecraft:crafted":{"minecraft:cooked_beef":4,"minecraft:oak_planks":88,"minecraft:crafting_table":3,"minecraft:spruce_planks":8,"minecraft:wooden_pickaxe":1,"minecraft:iron_helmet":1,"minecraft:stone_axe":1,"minecraft:bread":21,"minecraft:air":0,"minecraft:shield":1,"minecraft:stick":8,"minecraft:stone_pickaxe":1,"minecraft:torch":36,"minecraft:wheat":72},"minecraft:mined":{"minecraft:white_bed":2,"iceandfire:graveyard_soil":1,"valhelsia_furniture:dark_oak_desk_drawer":2,"gravestone:gravestone":1,"minecraft:granite":8,"minecraft:grass_block":2,"minecraft:copper_ore":1,"minecraft:tall_grass":9,"minecraft:cobblestone":6,"minecraft:spruce_leaves":1,"minecraft:oak_planks":3,"valhelsia_furniture:dark_oak_table":1,"minecraft:hay_block":10,"minecraft:dark_oak_wall_sign":2,"minecraft:spruce_log":2,"minecraft:brown_bed":2,"minecraft:mossy_stone_brick_stairs":1,"minecraft:grass":2,"minecraft:bookshelf":4,"minecraft:oak_log":22,"minecraft:coal_ore":3,"minecraft:water_cauldron":1,"regions_unexplored:medium_grass":3,"minecraft:stone":2,"minecraft:mossy_stone_bricks":1,"valhelsia_structures:big_glazed_jar":2,"minecraft:oak_leaves":2,"minecraft:fern":2},"minecraft:picked_up":{"born_in_chaos_v1:corpse_maggot":2,"minecraft:wheat":3,"valhelsia_furniture:dark_oak_desk_drawer":2,"minecraft:leather":2,"minecraft:potato":4,"minecraft:brown_bed":2,"minecraft:oak_log":23,"gravestone:obituary":2,"minecraft:chain":1,"minecraft:yellow_bed":1,"minecraft:gunpowder":8,"minecraft:raw_copper":3,"minecraft:music_disc_cat":1,"minecraft:bone":2,"minecraft:apple":1,"minecraft:wheat_seeds":3,"minecraft:iron_ingot":2,"minecraft:beef":8,"minecraft:dark_oak_sign":1,"minecraft:mossy_stone_bricks":2,"minecraft:mossy_stone_brick_stairs":1,"minecraft:oak_planks":3,"minecraft:book":12,"minecraft:stick":10,"minecraft:oak_door":2,"minecraft:torch":7,"born_in_chaos_v1:ethereal_spirit":2,"sophisticatedbackpacks:backpack":1,"minecraft:red_banner":5,"minecraft:carrot":2,"minecraft:white_bed":3,"minecraft:spruce_log":2,"minecraft:cauldron":1,"regions_unexplored:purple_coneflower":5,"minecraft:arrow":8,"minecraft:rotten_flesh":7,"minecraft:hay_block":8,"minecraft:granite":4,"farmersdelight:rope":18,"valhelsia_furniture:dark_oak_table":1,"minecraft:bread":2,"born_in_chaos_v1:rotten_fish":1,"minecraft:oak_sapling":4,"born_in_chaos_v1:trident_hayfork":1,"minecraft:coal":70,"minecraft:cobblestone":8}},"DataVersion":3465}