{"stats":{"minecraft:picked_up":{"minecraft:music_disc_strad":1,"minecraft:wheat":14,"minecraft:chicken":4,"valhelsia_furniture:dark_oak_desk_drawer":2,"minecraft:flower_pot":1,"minecraft:brown_bed":2,"minecraft:chain":1,"gravestone:obituary":4,"born_in_chaos_v1:black_argillite":3,"minecraft:music_disc_cat":1,"minecraft:string":3,"evilcraft:ender_tear":1,"minecraft:raw_copper":175,"minecraft:iron_axe":1,"minecraft:white_carpet":1,"minecraft:cracked_stone_bricks":3,"minecraft:candle":9,"minecraft:cobbled_deepslate":25,"comforts:sleeping_bag_white":1,"minecraft:beef":9,"minecraft:iron_pickaxe":1,"minecraft:light_gray_wool":2,"minecraft:raw_iron":90,"minecraft:stick":90,"minecraft:jukebox":3,"minecraft:oak_door":2,"ecologics:coconut_slice":8,"minecraft:torch":59,"minecraft:bowl":3,"sophisticatedbackpacks:backpack":2,"minecraft:porkchop":5,"minecraft:carrot":30,"minecraft:redstone":107,"minecraft:cauldron":1,"twilightforest:firefly":6,"minecraft:yellow_banner":2,"regions_unexplored:purple_coneflower":5,"minecraft:arrow":12,"minecraft:rotten_flesh":15,"minecraft:hay_block":19,"farmersdelight:rope":18,"born_in_chaos_v1:spiny_shell":4,"born_in_chaos_v1:trident_hayfork":1,"minecraft:mutton":13,"minecraft:white_wool":5,"minecraft:cobblestone":3982,"born_in_chaos_v1:corpse_maggot":2,"minecraft:feather":4,"minecraft:andesite":2,"minecraft:leather":4,"minecraft:brown_wool":1,"minecraft:potato":38,"uniquedungeons:climbing_hook_item":6,"minecraft:oak_log":30,"minecraft:yellow_bed":1,"minecraft:gunpowder":10,"minecraft:lapis_lazuli":88,"minecraft:dirt":18,"twilightforest:canopy_sapling":97,"minecraft:bone":4,"minecraft:apple":1,"minecraft:stone_bricks":5,"minecraft:wheat_seeds":83,"valhelsia_structures:metal_framed_glass_pane":4,"minecraft:raw_gold":3,"minecraft:iron_ingot":2,"minecraft:stone_pickaxe":31,"minecraft:dark_oak_sign":1,"minecraft:mossy_stone_bricks":3,"minecraft:rabbit":1,"minecraft:oak_planks":36,"minecraft:mossy_stone_brick_stairs":1,"minecraft:dark_oak_stairs":1,"minecraft:book":12,"minecraft:pumpkin":3,"minecraft:chiseled_stone_bricks":1,"born_in_chaos_v1:ethereal_spirit":2,"minecraft:gravel":1,"twilightforest:canopy_slab":71,"twilightforest:canopy_log":218,"minecraft:stripped_spruce_log":1,"minecraft:red_banner":5,"minecraft:blast_furnace":3,"minecraft:white_bed":3,"minecraft:spruce_log":2,"born_in_chaos_v1:fire_dust":3,"twilightforest:canopy_planks":1,"minecraft:diamond":8,"waystones:waystone":2,"twilightforest:raven_feather":1,"evilcraft:dark_gem":20,"minecraft:granite":9,"vanillaplustools:stone_hammer":2,"valhelsia_furniture:dark_oak_table":1,"minecraft:bread":2,"epicsamurai:ruby":6,"minecraft:oak_sapling":5,"born_in_chaos_v1:rotten_fish":3,"minecraft:coal":137,"iceandfire:raw_silver":9},"minecraft:broken":{"vanillaplustools:stone_hammer":1,"minecraft:iron_axe":1},"minecraft:custom":{"minecraft:mob_kills":60,"minecraft:interact_with_crafting_table":41,"minecraft:open_barrel":68,"minecraft:damage_dealt_resisted":36,"minecraft:eat_cake_slice":1,"minecraft:leave_game":5,"minecraft:time_since_death":81283,"minecraft:climb_one_cm":27402,"minecraft:sprint_one_cm":599553,"minecraft:damage_blocked_by_shield":1641,"minecraft:walk_one_cm":451836,"minecraft:drop":190,"minecraft:play_time":177274,"minecraft:sneak_time":12415,"minecraft:deaths":2,"minecraft:walk_under_water_one_cm":25003,"minecraft:jump":4951,"minecraft:interact_with_blast_furnace":6,"minecraft:walk_on_water_one_cm":44694,"minecraft:total_world_time":177274,"minecraft:interact_with_furnace":112,"twilightforest:uncrafting_table_interactions":2,"minecraft:play_record":2,"minecraft:pot_flower":1,"minecraft:sleep_in_bed":11,"minecraft:time_since_rest":7611,"minecraft:waystone_activated":2,"minecraft:damage_taken":3610,"minecraft:trigger_trapped_chest":1,"minecraft:damage_dealt":9401,"minecraft:swim_one_cm":74307,"minecraft:fly_one_cm":1276862,"minecraft:open_chest":125,"minecraft:crouch_one_cm":43008,"minecraft:fall_one_cm":116945,"minecraft:interact_with_smoker":2},"minecraft:killed":{"undead_revamp2:thewolf":1,"twilightforest:boar":2,"undead_revamp2:thehunter":1,"born_in_chaos_v1:restless_spirit":2,"born_in_chaos_v1:zombie_lumberjack":1,"born_in_chaos_v1:door_knight_not_despawn":1,"born_in_chaos_v1:thornshell_crab":1,"minecraft:phantom":1,"minecraft:skeleton":6,"minecraft:chicken":4,"born_in_chaos_v1:corpse_fish":2,"minecraft:drowned":1,"twilightforest:tiny_bird":1,"born_in_chaos_v1:firelight_not_despawn":1,"undead_revamp2:the_moonflower":2,"twilightforest:raven":1,"minecraft:creeper":3,"twilightforest:skeleton_druid":1,"minecraft:sheep":7,"twilightforest:redcap":3,"minecraft:zombie":6,"born_in_chaos_v1:corpse_fly":3,"minecraft:enderman":1,"twilightforest:bighorn_sheep":1,"minecraft:cow":4},"minecraft:used":{"minecraft:chest":4,"minecraft:shield":35,"minecraft:cooked_chicken":4,"vanillaplustools:stone_hammer":311,"simplyswords:diamond_twinblade":4,"minecraft:torch":189,"minecraft:dirt":4,"minecraft:white_carpet":1,"valhelsia_furniture:dark_oak_desk_drawer":2,"minecraft:iron_axe":278,"minecraft:iron_helmet":1,"minecraft:rabbit_stew":7,"minecraft:light_gray_wool":1,"valhelsia_furniture:dark_oak_table":1,"minecraft:furnace":9,"comforts:sleeping_bag_white":1,"minecraft:cooked_beef":1,"minecraft:brown_bed":2,"born_in_chaos_v1:trident_hayfork":141,"minecraft:cooked_mutton":13,"minecraft:yellow_banner":1,"minecraft:mossy_stone_bricks":1,"minecraft:dark_oak_sign":1,"minecraft:stone_pickaxe":92,"minecraft:oak_planks":42,"minecraft:wooden_pickaxe":7,"minecraft:cracked_stone_bricks":1,"bakery:sandwich":6,"minecraft:crafting_table":10,"minecraft:mushroom_stew":1,"minecraft:crossbow":10,"minecraft:white_bed":3,"minecraft:music_disc_strad":2,"waystones:waystone":2,"minecraft:flower_pot":1,"minecraft:apple":3,"minecraft:iron_pickaxe":187,"minecraft:bread":28,"minecraft:brown_wool":1,"minecraft:chiseled_stone_bricks":1,"ecologics:coconut_slice":6,"minecraft:stone_axe":77,"twilightforest:canopy_slab":210,"minecraft:cobblestone":181,"minecraft:cooked_porkchop":3,"minecraft:red_banner":4,"minecraft:jukebox":3,"minecraft:yellow_bed":1,"twilightforest:canopy_planks":49},"minecraft:crafted":{"minecraft:oak_planks":116,"vanillaplustools:stone_hammer":7,"comforts:sleeping_bag_white":1,"minecraft:cooked_chicken":4,"minecraft:furnace":9,"minecraft:cooked_mutton":13,"evilcraft:blood_extractor":1,"twilightforest:canopy_slab":324,"minecraft:iron_axe":1,"minecraft:stone_pickaxe":89,"minecraft:chest":2,"twilightforest:canopy_planks":288,"sophisticatedbackpacks:iron_backpack":1,"minecraft:wheat":72,"minecraft:cooked_beef":4,"bakery:sandwich":7,"minecraft:cooked_porkchop":5,"minecraft:crafting_table":10,"minecraft:spruce_planks":8,"minecraft:wooden_pickaxe":1,"minecraft:iron_helmet":1,"sophisticatedbackpacks:gold_backpack":1,"minecraft:stone_axe":2,"minecraft:air":0,"minecraft:bread":21,"minecraft:shield":2,"sophisticatedbackpacks:diamond_backpack":1,"minecraft:stick":266,"minecraft:iron_ingot":34,"minecraft:iron_leggings":1,"minecraft:torch":207},"minecraft:dropped":{"minecraft:iron_ingot":6,"minecraft:bread":2,"twilightforest:canopy_slab":128,"minecraft:wheat_seeds":83,"minecraft:cooked_beef":3,"twilightforest:canopy_sapling":14,"minecraft:iron_helmet":1,"minecraft:cobblestone":1983,"minecraft:mossy_stone_brick_stairs":1,"bakery:sandwich":1,"minecraft:stick":4,"minecraft:dirt":2,"twilightforest:firefly":6,"minecraft:torch":50,"minecraft:chain":1,"gravestone:obituary":6,"valhelsia_structures:metal_framed_glass_pane":4,"minecraft:gravel":1,"minecraft:raw_copper":121,"minecraft:bowl":9,"minecraft:rotten_flesh":3,"minecraft:light_gray_wool":1,"minecraft:oak_planks":22,"simplyswords:diamond_twinblade":1,"sophisticatedbackpacks:backpack":1,"minecraft:carrot":2,"minecraft:potato":4,"minecraft:flower_pot":1,"minecraft:mossy_stone_bricks":1,"minecraft:iron_chestplate":1,"minecraft:andesite":1,"born_in_chaos_v1:corpse_maggot":2,"minecraft:oak_sapling":1,"minecraft:chest":3,"vanillaplustools:stone_hammer":2,"minecraft:stone_bricks":5,"comforts:sleeping_bag_white":1,"minecraft:arrow":9,"minecraft:stone_pickaxe":64,"minecraft:wooden_pickaxe":1},"minecraft:mined":{"minecraft:diamond_ore":1,"minecraft:white_bed":2,"minecraft:yellow_wall_banner":1,"iceandfire:graveyard_soil":1,"iceandfire:silver_ore":9,"minecraft:candle":4,"minecraft:granite":9,"gravestone:gravestone":2,"minecraft:grass_block":10,"born_in_chaos_v1:black_argillite":3,"minecraft:spruce_leaves":1,"minecraft:chiseled_stone_bricks":1,"minecraft:hay_block":21,"minecraft:redstone_ore":3,"minecraft:magma_block":1,"minecraft:carrots":16,"minecraft:iron_ore":10,"minecraft:fire":1,"twilightforest:canopy_planks":2,"minecraft:andesite":2,"minecraft:pumpkin":3,"evilcraft:dark_ore":4,"minecraft:brown_bed":2,"minecraft:mossy_stone_brick_stairs":1,"minecraft:bookshelf":4,"minecraft:potatoes":20,"minecraft:water_cauldron":1,"twilightforest:canopy_slab":4,"regions_unexplored:medium_grass":3,"minecraft:stone":2887,"uniquedungeons:climbing_rope":2,"valhelsia_structures:big_glazed_jar":2,"uniquedungeons:climbing_hook":6,"minecraft:yellow_banner":1,"valhelsia_furniture:dark_oak_desk_drawer":2,"minecraft:torch":1,"minecraft:blast_furnace":3,"twilightforest:uncrafting_table":1,"minecraft:campfire":1,"minecraft:copper_ore":1,"minecraft:tall_grass":18,"minecraft:cobblestone":26,"minecraft:lapis_ore":2,"minecraft:oak_planks":3,"twilightforest:mayapple":1,"valhelsia_furniture:dark_oak_table":1,"minecraft:wall_torch":2,"minecraft:spruce_stairs":1,"minecraft:coarse_dirt":1,"minecraft:dark_oak_wall_sign":2,"minecraft:spruce_log":2,"minecraft:jukebox":2,"minecraft:wheat":63,"minecraft:white_carpet":6,"valhelsia_structures:metal_framed_glass_pane":2,"minecraft:grass":21,"minecraft:coal_ore":8,"minecraft:oak_log":29,"minecraft:gravel":1,"minecraft:dirt":13,"minecraft:sand":3,"minecraft:cobweb":1,"minecraft:cracked_stone_bricks":4,"born_in_chaos_v1:infernal_evil_pumpkin_s":1,"minecraft:stone_bricks":7,"twilightforest:canopy_log":255,"minecraft:gold_ore":2,"minecraft:mossy_stone_bricks":2,"minecraft:deepslate":25,"minecraft:oak_leaves":3,"minecraft:fern":2,"epicsamurai:ruby_ore":6}},"DataVersion":3465}