{"stats":{"minecraft:custom":{"minecraft:time_since_rest":5302,"minecraft:sprint_one_cm":62825,"minecraft:damage_absorbed":1201,"minecraft:damage_taken":2425,"minecraft:walk_one_cm":54398,"minecraft:drop":25,"minecraft:damage_dealt":489,"minecraft:interact_with_crafting_table":9,"minecraft:fly_one_cm":78980,"minecraft:crouch_one_cm":2664,"minecraft:play_time":36767,"minecraft:deaths":5,"minecraft:sneak_time":986,"minecraft:jump":407,"minecraft:leave_game":4,"minecraft:time_since_death":5277,"minecraft:damage_resisted":526,"minecraft:total_world_time":36767,"minecraft:fall_one_cm":9839},"minecraft:broken":{"minecraft:stone_axe":1},"minecraft:picked_up":{"minecraft:stick":10,"minecraft:coarse_dirt":2,"simplyswords:harbinger":1,"minecraft:sweet_berries":6,"minecraft:diamond_sword":1,"twilightforest:giant_pickaxe":1,"simplyswords:shadowsting":1,"simplyswords:tainted_relic":4,"minecraft:spruce_sapling":23,"minecraft:spruce_log":126,"minecraft:dirt":9,"aether:diamond_gloves":1,"minecraft:diamond_chestplate":2,"minecraft:rotten_flesh":4,"simplyswords:righteous_relic":1,"minecraft:diamond_leggings":1,"minecraft:diamond_boots":1,"minecraft:spruce_planks":1,"simplyswords:stormbringer":1,"alexsmobs:maggot":2,"minecraft:diamond_helmet":1,"minecraft:enchanted_golden_apple":129,"minecraft:cobblestone":36},"minecraft:mined":{"minecraft:large_fern":2,"minecraft:coarse_dirt":15,"minecraft:spruce_planks":1,"minecraft:sweet_berry_bush":1,"minecraft:spruce_log":140,"gravestone:gravestone":5,"minecraft:grass":2,"minecraft:dirt":124,"minecraft:spruce_leaves":1,"minecraft:stone":140,"minecraft:fern":2},"minecraft:crafted":{"minecraft:crafting_table":2,"minecraft:spruce_planks":500,"minecraft:stick":8,"minecraft:wooden_pickaxe":1,"minecraft:stone_pickaxe":1,"minecraft:furnace":1,"minecraft:stone_axe":2,"regions_unexplored:spruce_branch":2},"minecraft:used":{"simplyswords:stormbringer":2,"simplyswords:harbinger":1,"minecraft:stone_pickaxe":29,"minecraft:spruce_planks":25,"minecraft:wooden_pickaxe":7,"minecraft:stone_axe":143,"minecraft:diamond_chestplate":1,"simplyswords:shadowsting":1,"minecraft:diamond_sword":27,"minecraft:dirt":2,"minecraft:sweet_berries":7,"minecraft:crafting_table":2,"minecraft:furnace":1,"simplyswords:righteous_relic":2,"simplyswords:tainted_relic":4,"minecraft:enchanted_golden_apple":10,"twilightforest:giant_pickaxe":233},"minecraft:dropped":{"minecraft:dirt":7,"minecraft:diamond_chestplate":1,"minecraft:coarse_dirt":2,"alexsmobs:animal_dictionary":1,"minecraft:spruce_planks":461,"weaponmaster:tutorialbook":1,"simplyswords:tainted_relic":2,"minecraft:cobblestone":19,"minecraft:rotten_flesh":4,"gravestone:obituary":1,"regions_unexplored:spruce_branch":2,"minecraft:wooden_pickaxe":1,"bossominium:the_bossdexium":1},"minecraft:killed_by":{"minecraft:player":1}},"DataVersion":3465}