{"stats":{"minecraft:crafted":{"minecraft:oak_planks":108,"vanillaplustools:stone_hammer":7,"minecraft:cooked_chicken":4,"minecraft:furnace":8,"minecraft:cooked_mutton":1,"evilcraft:blood_extractor":1,"minecraft:iron_axe":1,"minecraft:stone_pickaxe":89,"minecraft:chest":2,"twilightforest:canopy_planks":128,"minecraft:wheat":72,"minecraft:cooked_beef":4,"bakery:sandwich":7,"minecraft:cooked_porkchop":5,"minecraft:crafting_table":7,"minecraft:spruce_planks":8,"minecraft:iron_helmet":1,"minecraft:wooden_pickaxe":1,"minecraft:stone_axe":2,"minecraft:air":0,"minecraft:bread":21,"minecraft:shield":1,"minecraft:stick":266,"minecraft:iron_ingot":34,"minecraft:iron_leggings":1,"minecraft:torch":207},"minecraft:killed":{"twilightforest:boar":2,"born_in_chaos_v1:restless_spirit":2,"born_in_chaos_v1:zombie_lumberjack":1,"born_in_chaos_v1:door_knight_not_despawn":1,"minecraft:skeleton":5,"minecraft:chicken":4,"twilightforest:tiny_bird":1,"born_in_chaos_v1:corpse_fish":1,"undead_revamp2:the_moonflower":1,"twilightforest:raven":1,"minecraft:creeper":2,"twilightforest:skeleton_druid":1,"twilightforest:redcap":3,"minecraft:zombie":5,"born_in_chaos_v1:corpse_fly":3,"minecraft:cow":3,"twilightforest:bighorn_sheep":1},"minecraft:broken":{"vanillaplustools:stone_hammer":1,"minecraft:iron_axe":1},"minecraft:picked_up":{"minecraft:wheat":3,"minecraft:chicken":4,"valhelsia_furniture:dark_oak_desk_drawer":2,"minecraft:flower_pot":1,"minecraft:brown_bed":2,"minecraft:chain":1,"gravestone:obituary":4,"born_in_chaos_v1:black_argillite":3,"minecraft:music_disc_cat":1,"minecraft:raw_copper":175,"minecraft:iron_axe":1,"minecraft:cracked_stone_bricks":1,"minecraft:cobbled_deepslate":25,"minecraft:beef":8,"minecraft:iron_pickaxe":1,"minecraft:light_gray_wool":1,"minecraft:stick":90,"minecraft:raw_iron":90,"minecraft:oak_door":2,"minecraft:torch":59,"sophisticatedbackpacks:backpack":2,"minecraft:porkchop":5,"minecraft:carrot":2,"minecraft:redstone":107,"twilightforest:firefly":6,"minecraft:cauldron":1,"regions_unexplored:purple_coneflower":5,"minecraft:arrow":12,"minecraft:rotten_flesh":10,"minecraft:hay_block":8,"farmersdelight:rope":18,"born_in_chaos_v1:trident_hayfork":1,"minecraft:mutton":1,"minecraft:cobblestone":3955,"born_in_chaos_v1:corpse_maggot":2,"minecraft:feather":4,"minecraft:andesite":1,"minecraft:leather":2,"minecraft:potato":4,"minecraft:oak_log":28,"minecraft:yellow_bed":1,"minecraft:gunpowder":10,"minecraft:lapis_lazuli":88,"minecraft:dirt":12,"twilightforest:canopy_sapling":97,"minecraft:bone":4,"minecraft:apple":1,"minecraft:wheat_seeds":8,"valhelsia_structures:metal_framed_glass_pane":4,"minecraft:raw_gold":3,"minecraft:stone_pickaxe":31,"minecraft:iron_ingot":2,"minecraft:dark_oak_sign":1,"minecraft:mossy_stone_bricks":2,"minecraft:rabbit":1,"minecraft:oak_planks":30,"minecraft:mossy_stone_brick_stairs":1,"minecraft:dark_oak_stairs":1,"minecraft:book":12,"born_in_chaos_v1:ethereal_spirit":2,"twilightforest:canopy_log":218,"minecraft:stripped_spruce_log":1,"minecraft:red_banner":5,"minecraft:blast_furnace":3,"minecraft:white_bed":3,"minecraft:spruce_log":2,"minecraft:diamond":8,"twilightforest:raven_feather":1,"evilcraft:dark_gem":20,"minecraft:granite":9,"minecraft:oak_sapling":4,"valhelsia_furniture:dark_oak_table":1,"minecraft:bread":2,"born_in_chaos_v1:rotten_fish":1,"epicsamurai:ruby":6,"minecraft:coal":115,"iceandfire:raw_silver":4},"minecraft:used":{"minecraft:chest":2,"minecraft:shield":32,"vanillaplustools:stone_hammer":311,"minecraft:cooked_chicken":4,"minecraft:torch":164,"valhelsia_furniture:dark_oak_desk_drawer":2,"minecraft:iron_axe":262,"minecraft:iron_helmet":1,"valhelsia_furniture:dark_oak_table":1,"minecraft:furnace":8,"minecraft:cooked_beef":1,"minecraft:brown_bed":2,"born_in_chaos_v1:trident_hayfork":73,"minecraft:cooked_mutton":1,"minecraft:dark_oak_sign":1,"minecraft:stone_pickaxe":92,"minecraft:oak_planks":40,"minecraft:wooden_pickaxe":7,"minecraft:cracked_stone_bricks":1,"bakery:sandwich":6,"minecraft:crafting_table":7,"minecraft:white_bed":3,"minecraft:flower_pot":1,"minecraft:apple":1,"minecraft:bread":28,"minecraft:iron_pickaxe":134,"minecraft:stone_axe":77,"minecraft:cobblestone":119,"minecraft:cooked_porkchop":3,"minecraft:red_banner":4,"minecraft:yellow_bed":1},"minecraft:dropped":{"minecraft:iron_ingot":6,"minecraft:bread":2,"minecraft:wheat_seeds":8,"minecraft:cooked_beef":3,"twilightforest:canopy_sapling":14,"minecraft:iron_helmet":1,"minecraft:cobblestone":1982,"minecraft:mossy_stone_brick_stairs":1,"bakery:sandwich":1,"minecraft:stick":4,"minecraft:dirt":2,"twilightforest:firefly":6,"minecraft:torch":50,"minecraft:chain":1,"gravestone:obituary":6,"valhelsia_structures:metal_framed_glass_pane":4,"minecraft:raw_copper":121,"minecraft:rotten_flesh":2,"minecraft:light_gray_wool":1,"minecraft:oak_planks":16,"sophisticatedbackpacks:backpack":1,"minecraft:carrot":2,"minecraft:potato":4,"minecraft:flower_pot":1,"minecraft:iron_chestplate":1,"born_in_chaos_v1:corpse_maggot":2,"minecraft:mossy_stone_bricks":1,"minecraft:arrow":9,"minecraft:wooden_pickaxe":1,"minecraft:stone_pickaxe":64},"minecraft:custom":{"minecraft:mob_kills":37,"minecraft:interact_with_crafting_table":30,"minecraft:open_barrel":50,"minecraft:leave_game":3,"minecraft:time_since_death":10324,"minecraft:climb_one_cm":11182,"minecraft:sprint_one_cm":360184,"minecraft:walk_one_cm":275609,"minecraft:damage_blocked_by_shield":1457,"minecraft:drop":159,"minecraft:play_time":106315,"minecraft:sneak_time":4649,"minecraft:deaths":2,"minecraft:walk_under_water_one_cm":2782,"minecraft:jump":3218,"minecraft:interact_with_blast_furnace":6,"minecraft:walk_on_water_one_cm":8136,"minecraft:total_world_time":106315,"minecraft:interact_with_furnace":101,"twilightforest:uncrafting_table_interactions":2,"minecraft:pot_flower":1,"minecraft:sleep_in_bed":7,"minecraft:time_since_rest":8912,"minecraft:damage_taken":2326,"minecraft:trigger_trapped_chest":1,"minecraft:damage_dealt":5587,"minecraft:swim_one_cm":12815,"minecraft:fly_one_cm":867011,"minecraft:open_chest":75,"minecraft:crouch_one_cm":15227,"minecraft:interact_with_smoker":2,"minecraft:fall_one_cm":65141},"minecraft:mined":{"minecraft:diamond_ore":1,"minecraft:white_bed":2,"iceandfire:graveyard_soil":1,"iceandfire:silver_ore":4,"gravestone:gravestone":2,"minecraft:granite":9,"minecraft:grass_block":5,"born_in_chaos_v1:black_argillite":3,"minecraft:spruce_leaves":1,"minecraft:hay_block":10,"minecraft:redstone_ore":3,"minecraft:iron_ore":10,"minecraft:andesite":1,"evilcraft:dark_ore":4,"minecraft:brown_bed":2,"minecraft:mossy_stone_brick_stairs":1,"minecraft:bookshelf":4,"minecraft:water_cauldron":1,"regions_unexplored:medium_grass":3,"minecraft:stone":2859,"valhelsia_structures:big_glazed_jar":2,"valhelsia_furniture:dark_oak_desk_drawer":2,"minecraft:torch":1,"minecraft:blast_furnace":3,"twilightforest:uncrafting_table":1,"minecraft:tall_grass":9,"minecraft:copper_ore":1,"minecraft:cobblestone":20,"minecraft:lapis_ore":2,"minecraft:oak_planks":3,"twilightforest:mayapple":1,"valhelsia_furniture:dark_oak_table":1,"minecraft:wall_torch":2,"minecraft:spruce_stairs":1,"minecraft:dark_oak_wall_sign":2,"valhelsia_structures:metal_framed_glass_pane":2,"minecraft:spruce_log":2,"minecraft:grass":14,"minecraft:oak_log":27,"minecraft:coal_ore":7,"minecraft:sand":3,"minecraft:dirt":9,"minecraft:cracked_stone_bricks":2,"minecraft:stone_bricks":2,"twilightforest:canopy_log":255,"minecraft:mossy_stone_bricks":1,"minecraft:gold_ore":2,"minecraft:oak_leaves":2,"minecraft:deepslate":25,"epicsamurai:ruby_ore":6,"minecraft:fern":2}},"DataVersion":3465}