{"stats":{"minecraft:custom":{"minecraft:time_since_rest":23927,"minecraft:sprint_one_cm":38204,"minecraft:damage_taken":249,"minecraft:walk_one_cm":23947,"minecraft:drop":20,"minecraft:damage_dealt":159,"minecraft:interact_with_crafting_table":9,"minecraft:fly_one_cm":33450,"minecraft:crouch_one_cm":2208,"minecraft:play_time":26997,"minecraft:deaths":1,"minecraft:sneak_time":873,"minecraft:jump":233,"minecraft:leave_game":4,"minecraft:time_since_death":23902,"minecraft:total_world_time":26997,"minecraft:fall_one_cm":4600},"minecraft:broken":{"minecraft:stone_axe":1},"minecraft:picked_up":{"minecraft:stick":10,"minecraft:coarse_dirt":2,"minecraft:sweet_berries":6,"minecraft:diamond_sword":1,"minecraft:spruce_sapling":23,"minecraft:spruce_log":126,"minecraft:dirt":9,"aether:diamond_gloves":1,"minecraft:diamond_chestplate":1,"minecraft:rotten_flesh":4,"minecraft:diamond_leggings":1,"minecraft:diamond_boots":1,"minecraft:spruce_planks":1,"minecraft:diamond_helmet":1,"minecraft:cobblestone":36},"minecraft:mined":{"minecraft:large_fern":2,"minecraft:coarse_dirt":1,"minecraft:spruce_planks":1,"minecraft:sweet_berry_bush":1,"minecraft:spruce_log":140,"gravestone:gravestone":1,"minecraft:grass":2,"minecraft:dirt":9,"minecraft:spruce_leaves":1,"minecraft:stone":36,"minecraft:fern":2},"minecraft:crafted":{"minecraft:crafting_table":2,"minecraft:spruce_planks":480,"minecraft:stick":8,"minecraft:wooden_pickaxe":1,"minecraft:stone_pickaxe":1,"minecraft:furnace":1,"minecraft:stone_axe":2,"regions_unexplored:spruce_branch":2},"minecraft:used":{"minecraft:stone_pickaxe":29,"minecraft:spruce_planks":5,"minecraft:wooden_pickaxe":7,"minecraft:stone_axe":143,"minecraft:diamond_chestplate":1,"minecraft:dirt":2,"minecraft:sweet_berries":7,"minecraft:crafting_table":2,"minecraft:furnace":1},"minecraft:dropped":{"minecraft:dirt":7,"minecraft:coarse_dirt":2,"alexsmobs:animal_dictionary":1,"minecraft:spruce_planks":461,"weaponmaster:tutorialbook":1,"minecraft:cobblestone":19,"minecraft:rotten_flesh":2,"gravestone:obituary":1,"regions_unexplored:spruce_branch":2,"minecraft:wooden_pickaxe":1,"bossominium:the_bossdexium":1}},"DataVersion":3465}