{"stats":{"minecraft:picked_up":{"minecraft:music_disc_strad":1,"minecraft:wheat":14,"minecraft:flower_pot":1,"minecraft:brown_bed":2,"born_in_chaos_v1:black_argillite":3,"minecraft:raw_copper":175,"minecraft:music_disc_cat":1,"minecraft:string":3,"evilcraft:ender_tear":1,"minecraft:cobbled_deepslate":25,"comforts:sleeping_bag_white":1,"minecraft:iron_pickaxe":1,"minecraft:coal_block":4,"evilcraft:blood_extractor":1,"minecraft:stick":90,"minecraft:jukebox":3,"minecraft:torch":59,"minecraft:porkchop":5,"minecraft:cauldron":1,"minecraft:yellow_banner":2,"minecraft:rotten_flesh":18,"minecraft:iron_block":3,"farmersdelight:rope":18,"minecraft:obsidian":9,"undead_revamp2:arapholia":2,"minecraft:cobblestone":3982,"minecraft:feather":4,"minecraft:andesite":2,"minecraft:brown_wool":1,"minecraft:potato":38,"uniquedungeons:climbing_hook_item":6,"minecraft:dirt":30,"minecraft:lapis_lazuli":88,"twilightforest:canopy_sapling":97,"minecraft:bone":4,"cardinal_sins:scythe":1,"minecraft:wheat_seeds":83,"valhelsia_structures:metal_framed_glass_pane":4,"minecraft:raw_gold":3,"minecraft:dark_oak_sign":2,"minecraft:mossy_stone_bricks":3,"minecraft:rabbit":1,"minecraft:oak_planks":36,"minecraft:mossy_stone_brick_stairs":1,"twilightforest:canopy_slab":71,"twilightforest:canopy_log":218,"minecraft:stripped_spruce_log":1,"twilightforest:canopy_planks":1,"born_in_chaos_v1:fire_dust":3,"weaponmaster:workstation":2,"minecraft:diamond":8,"waystones:waystone":2,"minecraft:granite":9,"minecraft:bread":2,"born_in_chaos_v1:rotten_fish":3,"minecraft:oak_sapling":5,"epicsamurai:ruby":6,"epicsamurai:green_samurai_chestplate":1,"iceandfire:raw_silver":9,"minecraft:chicken":4,"valhelsia_furniture:dark_oak_desk_drawer":2,"epicsamurai:green_samurai_helmet_master":1,"gravestone:obituary":5,"minecraft:chain":1,"minecraft:iron_axe":1,"minecraft:white_carpet":1,"minecraft:cracked_stone_bricks":3,"minecraft:candle":9,"minecraft:beef":9,"minecraft:light_gray_wool":2,"minecraft:raw_iron":90,"minecraft:oak_door":2,"ecologics:coconut_slice":8,"minecraft:bowl":3,"sophisticatedbackpacks:backpack":2,"minecraft:carrot":30,"minecraft:redstone":107,"twilightforest:firefly":6,"regions_unexplored:purple_coneflower":5,"minecraft:arrow":12,"minecraft:hay_block":19,"born_in_chaos_v1:spiny_shell":4,"minecraft:gold_ingot":3,"born_in_chaos_v1:trident_hayfork":1,"minecraft:mutton":13,"minecraft:white_wool":5,"born_in_chaos_v1:corpse_maggot":2,"minecraft:leather":4,"minecraft:oak_log":30,"minecraft:yellow_bed":1,"minecraft:gunpowder":10,"minecraft:apple":1,"minecraft:stone_bricks":5,"minecraft:iron_ingot":2,"minecraft:stone_pickaxe":31,"minecraft:dark_oak_stairs":1,"minecraft:book":12,"minecraft:pumpkin":3,"minecraft:chiseled_stone_bricks":1,"born_in_chaos_v1:ethereal_spirit":2,"minecraft:gravel":3,"minecraft:red_banner":5,"minecraft:blast_furnace":3,"minecraft:spruce_log":2,"minecraft:white_bed":3,"cardinal_sins:sinsencyclopedia":1,"twilightforest:raven_feather":1,"evilcraft:dark_gem":20,"vanillaplustools:stone_hammer":2,"valhelsia_furniture:dark_oak_table":1,"minecraft:coal":137},"minecraft:broken":{"vanillaplustools:stone_hammer":1,"minecraft:iron_axe":1},"minecraft:custom":{"minecraft:interact_with_crafting_table":61,"minecraft:open_barrel":68,"minecraft:eat_cake_slice":1,"minecraft:leave_game":5,"minecraft:time_since_death":35439,"minecraft:sprint_one_cm":651280,"minecraft:damage_blocked_by_shield":1873,"minecraft:drop":215,"minecraft:play_time":216316,"minecraft:deaths":3,"minecraft:jump":5380,"minecraft:walk_on_water_one_cm":44846,"minecraft:interact_with_furnace":112,"twilightforest:uncrafting_table_interactions":5,"minecraft:play_record":2,"minecraft:sleep_in_bed":11,"minecraft:waystone_activated":2,"minecraft:damage_dealt":10751,"minecraft:crouch_one_cm":43567,"minecraft:interact_with_smoker":2,"minecraft:mob_kills":70,"minecraft:damage_dealt_resisted":36,"minecraft:climb_one_cm":27402,"minecraft:walk_one_cm":541467,"minecraft:sneak_time":12622,"minecraft:walk_under_water_one_cm":25967,"minecraft:interact_with_blast_furnace":14,"minecraft:total_world_time":216316,"minecraft:pot_flower":1,"minecraft:time_since_rest":35468,"minecraft:damage_taken":4327,"minecraft:trigger_trapped_chest":1,"minecraft:swim_one_cm":82637,"minecraft:fly_one_cm":1369868,"minecraft:open_chest":237,"minecraft:fall_one_cm":125137},"minecraft:killed":{"undead_revamp2:thewolf":1,"twilightforest:boar":2,"born_in_chaos_v1:zombie_lumberjack":1,"born_in_chaos_v1:restless_spirit":2,"born_in_chaos_v1:door_knight_not_despawn":1,"minecraft:skeleton":6,"minecraft:chicken":4,"born_in_chaos_v1:firelight_not_despawn":1,"twilightforest:raven":1,"minecraft:creeper":3,"twilightforest:skeleton_druid":1,"minecraft:sheep":7,"twilightforest:redcap":3,"minecraft:zombie":6,"born_in_chaos_v1:corpse_fly":6,"minecraft:cow":4,"undead_revamp2:thehunter":1,"born_in_chaos_v1:thornshell_crab":1,"minecraft:phantom":1,"twilightforest:tiny_bird":1,"minecraft:drowned":1,"born_in_chaos_v1:corpse_fish":2,"undead_revamp2:sucker":3,"undead_revamp2:the_moonflower":5,"twilightforest:bighorn_sheep":1,"minecraft:enderman":1},"minecraft:used":{"minecraft:chest":4,"minecraft:shield":36,"simplyswords:diamond_twinblade":16,"valhelsia_furniture:dark_oak_desk_drawer":2,"minecraft:iron_helmet":2,"minecraft:rabbit_stew":7,"cardinal_sins:scythe":15,"minecraft:furnace":9,"minecraft:mossy_stone_bricks":1,"weaponmaster:wm_rapierlarge":1,"minecraft:dark_oak_sign":1,"minecraft:stone_pickaxe":92,"minecraft:oak_planks":42,"minecraft:wooden_pickaxe":7,"bakery:sandwich":6,"minecraft:mushroom_stew":1,"minecraft:blast_furnace":3,"minecraft:crossbow":10,"dungeonsweaponry:weaponry_table":1,"waystones:waystone":2,"minecraft:bread":37,"minecraft:brown_wool":1,"ecologics:coconut_slice":6,"twilightforest:canopy_slab":210,"minecraft:coal_block":3,"twilightforest:canopy_planks":49,"vanillaplustools:stone_hammer":311,"weaponmaster:workstation":3,"minecraft:cooked_chicken":6,"minecraft:torch":189,"minecraft:dirt":6,"minecraft:white_carpet":1,"minecraft:iron_block":1,"minecraft:iron_axe":278,"minecraft:light_gray_wool":1,"valhelsia_furniture:dark_oak_table":1,"undead_revamp2:arapholia":1,"comforts:sleeping_bag_white":1,"minecraft:cooked_beef":1,"minecraft:brown_bed":2,"born_in_chaos_v1:trident_hayfork":141,"minecraft:cooked_mutton":13,"minecraft:yellow_banner":1,"minecraft:cracked_stone_bricks":1,"minecraft:crafting_table":10,"minecraft:white_bed":3,"minecraft:music_disc_strad":2,"minecraft:flower_pot":1,"minecraft:apple":3,"minecraft:iron_pickaxe":190,"minecraft:stone_axe":77,"minecraft:chiseled_stone_bricks":1,"minecraft:cobblestone":181,"minecraft:cooked_porkchop":3,"minecraft:red_banner":4,"minecraft:yellow_bed":1,"minecraft:jukebox":3},"minecraft:crafted":{"minecraft:oak_planks":116,"epicsamurai:green_samurai_chestplate":1,"minecraft:cooked_chicken":4,"minecraft:bookshelf":1,"minecraft:cooked_mutton":13,"weaponmaster:workstation":1,"evilcraft:blood_extractor":1,"twilightforest:canopy_slab":324,"minecraft:chest":2,"weaponmaster:weaponkit":1,"minecraft:cooked_porkchop":5,"minecraft:crafting_table":11,"minecraft:spruce_planks":8,"minecraft:wooden_pickaxe":1,"minecraft:iron_helmet":1,"epicsamurai:green_samurai_helmet_master":1,"minecraft:lectern":1,"minecraft:shield":2,"sophisticatedbackpacks:diamond_backpack":1,"minecraft:stick":266,"minecraft:iron_ingot":70,"cardinal_sins:sinsencyclopedia":1,"minecraft:shears":1,"vanillaplustools:stone_hammer":7,"comforts:sleeping_bag_white":1,"minecraft:furnace":9,"minecraft:iron_axe":1,"minecraft:stone_pickaxe":89,"twilightforest:canopy_planks":312,"dungeonsweaponry:weaponry_table":1,"epicsamurai:red_samurai_boots_master":1,"minecraft:wheat":171,"sophisticatedbackpacks:iron_backpack":1,"minecraft:cooked_beef":4,"bakery:sandwich":7,"sophisticatedbackpacks:gold_backpack":1,"minecraft:stone_axe":2,"minecraft:bread":53,"minecraft:air":0,"minecraft:iron_leggings":1,"minecraft:anvil":1,"epicsamurai:steel_ingot":36,"minecraft:torch":207},"minecraft:dropped":{"minecraft:cooked_beef":3,"minecraft:leather":2,"minecraft:mossy_stone_brick_stairs":1,"bakery:sandwich":1,"minecraft:dirt":2,"twilightforest:firefly":6,"gravestone:obituary":8,"minecraft:chain":1,"minecraft:iron_pickaxe":1,"valhelsia_structures:metal_framed_glass_pane":4,"minecraft:gold_ingot":3,"minecraft:gravel":1,"epicsamurai:green_samurai_chestplate":1,"undead_revamp2:arapholia":1,"minecraft:rotten_flesh":5,"minecraft:oak_planks":22,"simplyswords:diamond_twinblade":1,"minecraft:carrot":2,"born_in_chaos_v1:corpse_maggot":2,"minecraft:chest":3,"vanillaplustools:stone_hammer":2,"comforts:sleeping_bag_white":1,"minecraft:arrow":9,"minecraft:glass":10,"minecraft:iron_ingot":6,"minecraft:bread":2,"twilightforest:canopy_slab":128,"minecraft:wheat_seeds":83,"twilightforest:canopy_sapling":14,"minecraft:iron_helmet":1,"minecraft:cobblestone":1983,"evilcraft:dark_gem":19,"minecraft:coal_block":4,"minecraft:stick":4,"minecraft:iron_block":2,"evilcraft:blood_extractor":1,"minecraft:torch":50,"cardinal_sins:sinsencyclopedia":1,"epicsamurai:green_samurai_helmet_master":1,"minecraft:dark_oak_sign":1,"minecraft:raw_copper":121,"minecraft:bowl":9,"minecraft:light_gray_wool":1,"sophisticatedbackpacks:backpack":1,"minecraft:potato":4,"minecraft:stone":38,"minecraft:flower_pot":1,"minecraft:iron_chestplate":1,"minecraft:andesite":1,"minecraft:mossy_stone_bricks":1,"minecraft:oak_sapling":1,"minecraft:stone_bricks":5,"minecraft:stone_pickaxe":64,"minecraft:wooden_pickaxe":1},"minecraft:mined":{"minecraft:white_bed":2,"iceandfire:graveyard_soil":1,"minecraft:granite":9,"minecraft:grass_block":24,"minecraft:chiseled_stone_bricks":1,"minecraft:magma_block":1,"minecraft:iron_ore":10,"minecraft:fire":1,"minecraft:pumpkin":3,"minecraft:brown_bed":2,"minecraft:water_cauldron":1,"weaponmaster:workstation":2,"uniquedungeons:climbing_rope":2,"minecraft:iron_block":1,"valhelsia_structures:big_glazed_jar":2,"minecraft:yellow_banner":1,"valhelsia_furniture:dark_oak_desk_drawer":2,"minecraft:torch":1,"minecraft:blast_furnace":3,"twilightforest:uncrafting_table":1,"minecraft:cobblestone":26,"minecraft:oak_planks":3,"valhelsia_furniture:dark_oak_table":1,"minecraft:wall_torch":2,"minecraft:wheat":63,"minecraft:jukebox":2,"minecraft:grass":21,"minecraft:oak_log":29,"minecraft:sand":3,"minecraft:dirt":13,"born_in_chaos_v1:infernal_evil_pumpkin_s":1,"twilightforest:canopy_log":255,"minecraft:oak_leaves":3,"minecraft:deepslate":25,"minecraft:diamond_ore":1,"minecraft:yellow_wall_banner":1,"iceandfire:silver_ore":9,"minecraft:candle":4,"gravestone:gravestone":3,"born_in_chaos_v1:black_argillite":3,"minecraft:spruce_leaves":1,"minecraft:hay_block":21,"minecraft:redstone_ore":3,"minecraft:carrots":16,"twilightforest:canopy_planks":2,"minecraft:andesite":2,"evilcraft:dark_ore":4,"minecraft:mossy_stone_brick_stairs":1,"minecraft:bookshelf":4,"minecraft:potatoes":20,"twilightforest:canopy_slab":4,"regions_unexplored:medium_grass":3,"minecraft:stone":2887,"uniquedungeons:climbing_hook":6,"minecraft:campfire":1,"minecraft:tall_grass":19,"minecraft:copper_ore":1,"minecraft:lapis_ore":2,"twilightforest:mayapple":1,"minecraft:spruce_stairs":1,"minecraft:coarse_dirt":1,"minecraft:dark_oak_wall_sign":2,"valhelsia_structures:metal_framed_glass_pane":2,"minecraft:white_carpet":6,"minecraft:spruce_log":2,"minecraft:coal_ore":8,"minecraft:gravel":4,"minecraft:cobweb":1,"minecraft:cracked_stone_bricks":4,"minecraft:stone_bricks":7,"minecraft:mossy_stone_bricks":2,"minecraft:gold_ore":2,"epicsamurai:ruby_ore":6,"minecraft:fern":2}},"DataVersion":3465}