{"stats":{"minecraft:used":{"minecraft:stone_pickaxe":2,"minecraft:oak_planks":27,"minecraft:wooden_pickaxe":7,"minecraft:torch":4,"minecraft:crafting_table":3,"minecraft:apple":1,"minecraft:bread":8,"minecraft:iron_helmet":1,"minecraft:stone_axe":48,"minecraft:red_banner":4,"minecraft:brown_bed":1},"minecraft:custom":{"minecraft:mob_kills":5,"minecraft:interact_with_crafting_table":8,"minecraft:open_barrel":6,"minecraft:time_since_death":2723,"minecraft:climb_one_cm":343,"minecraft:time_since_rest":2730,"minecraft:sprint_one_cm":71937,"minecraft:damage_taken":603,"minecraft:walk_one_cm":35542,"minecraft:trigger_trapped_chest":1,"minecraft:drop":12,"minecraft:damage_dealt":951,"minecraft:swim_one_cm":568,"minecraft:fly_one_cm":174836,"minecraft:open_chest":7,"minecraft:crouch_one_cm":5287,"minecraft:play_time":11509,"minecraft:deaths":1,"minecraft:sneak_time":1463,"minecraft:walk_under_water_one_cm":85,"minecraft:jump":645,"minecraft:walk_on_water_one_cm":803,"minecraft:total_world_time":11509,"minecraft:fall_one_cm":24283},"minecraft:killed":{"born_in_chaos_v1:restless_spirit":2,"minecraft:cow":3},"minecraft:dropped":{"minecraft:bread":2,"minecraft:wheat_seeds":1,"minecraft:oak_planks":3,"minecraft:stick":4,"gravestone:obituary":1,"minecraft:wooden_pickaxe":1},"minecraft:crafted":{"minecraft:oak_planks":88,"minecraft:crafting_table":3,"minecraft:spruce_planks":8,"minecraft:wooden_pickaxe":1,"minecraft:iron_helmet":1,"minecraft:stone_axe":1,"minecraft:bread":21,"minecraft:shield":1,"minecraft:stick":8,"minecraft:stone_pickaxe":1,"minecraft:torch":36,"minecraft:wheat":72},"minecraft:mined":{"iceandfire:graveyard_soil":1,"gravestone:gravestone":1,"minecraft:grass_block":2,"minecraft:tall_grass":4,"minecraft:cobblestone":6,"minecraft:spruce_leaves":1,"minecraft:oak_planks":2,"minecraft:hay_block":10,"minecraft:spruce_log":2,"minecraft:brown_bed":1,"minecraft:grass":2,"minecraft:oak_log":22,"minecraft:coal_ore":1,"regions_unexplored:medium_grass":3,"minecraft:stone":1,"minecraft:oak_leaves":2,"minecraft:fern":1},"minecraft:picked_up":{"minecraft:wheat":3,"minecraft:leather":2,"minecraft:brown_bed":1,"minecraft:oak_log":22,"minecraft:chain":1,"minecraft:yellow_bed":1,"minecraft:gunpowder":7,"minecraft:music_disc_cat":1,"minecraft:apple":1,"minecraft:wheat_seeds":2,"minecraft:iron_ingot":2,"minecraft:beef":8,"minecraft:oak_planks":2,"minecraft:stick":10,"minecraft:oak_door":2,"born_in_chaos_v1:ethereal_spirit":2,"sophisticatedbackpacks:backpack":1,"minecraft:red_banner":5,"minecraft:white_bed":1,"minecraft:spruce_log":2,"regions_unexplored:purple_coneflower":5,"minecraft:hay_block":8,"farmersdelight:rope":18,"minecraft:bread":2,"minecraft:oak_sapling":4,"minecraft:coal":9,"minecraft:cobblestone":7}},"DataVersion":3465}