{"stats":{"minecraft:used":{"minecraft:apple":1,"minecraft:bread":1,"minecraft:oak_planks":14,"minecraft:wooden_pickaxe":7,"minecraft:stone_axe":31,"minecraft:crafting_table":2,"minecraft:red_banner":4},"minecraft:custom":{"minecraft:time_since_rest":5509,"minecraft:sprint_one_cm":22372,"minecraft:damage_taken":150,"minecraft:walk_one_cm":15494,"minecraft:mob_kills":2,"minecraft:drop":9,"minecraft:damage_dealt":412,"minecraft:interact_with_crafting_table":7,"minecraft:fly_one_cm":44113,"minecraft:open_chest":4,"minecraft:crouch_one_cm":2896,"minecraft:play_time":5509,"minecraft:sneak_time":864,"minecraft:jump":174,"minecraft:walk_on_water_one_cm":511,"minecraft:time_since_death":5509,"minecraft:total_world_time":5509,"minecraft:fall_one_cm":5699},"minecraft:killed":{"minecraft:cow":2},"minecraft:dropped":{"minecraft:wheat_seeds":1,"minecraft:oak_planks":3,"minecraft:wooden_pickaxe":1,"minecraft:stick":4},"minecraft:crafted":{"minecraft:oak_planks":48,"minecraft:shield":1,"minecraft:crafting_table":2,"minecraft:stick":8,"minecraft:spruce_planks":8,"minecraft:wooden_pickaxe":1,"minecraft:stone_pickaxe":1,"minecraft:stone_axe":1,"minecraft:bread":21,"minecraft:wheat":72},"minecraft:mined":{"minecraft:hay_block":10,"minecraft:spruce_log":2,"minecraft:grass":1,"minecraft:oak_log":22,"regions_unexplored:medium_grass":3,"minecraft:tall_grass":4,"minecraft:cobblestone":6,"minecraft:spruce_leaves":1,"minecraft:oak_leaves":2},"minecraft:picked_up":{"minecraft:stick":10,"minecraft:wheat":3,"minecraft:oak_door":2,"sophisticatedbackpacks:backpack":1,"minecraft:yellow_bed":1,"minecraft:oak_log":22,"minecraft:red_banner":5,"minecraft:white_bed":1,"minecraft:spruce_log":2,"minecraft:gunpowder":7,"minecraft:music_disc_cat":1,"regions_unexplored:purple_coneflower":5,"minecraft:apple":1,"minecraft:wheat_seeds":1,"minecraft:beef":5,"minecraft:hay_block":8,"minecraft:iron_ingot":2,"farmersdelight:rope":18,"minecraft:oak_sapling":4,"minecraft:cobblestone":6}},"DataVersion":3465}