{"stats":{"minecraft:broken":{"vanillaplustools:stone_hammer":1,"minecraft:iron_axe":1},"minecraft:used":{"minecraft:shield":11,"vanillaplustools:stone_hammer":299,"minecraft:torch":105,"valhelsia_furniture:dark_oak_desk_drawer":2,"minecraft:iron_axe":254,"minecraft:iron_helmet":1,"valhelsia_furniture:dark_oak_table":1,"minecraft:cooked_beef":1,"minecraft:brown_bed":2,"born_in_chaos_v1:trident_hayfork":39,"minecraft:stone_pickaxe":91,"minecraft:dark_oak_sign":1,"minecraft:oak_planks":40,"minecraft:wooden_pickaxe":7,"bakery:sandwich":4,"minecraft:crafting_table":4,"minecraft:white_bed":3,"minecraft:flower_pot":1,"minecraft:apple":1,"minecraft:bread":28,"minecraft:iron_pickaxe":90,"minecraft:stone_axe":77,"minecraft:cobblestone":32,"minecraft:red_banner":4,"minecraft:yellow_bed":1},"minecraft:custom":{"minecraft:mob_kills":23,"minecraft:interact_with_crafting_table":26,"minecraft:open_barrel":37,"minecraft:leave_game":2,"minecraft:time_since_death":70588,"minecraft:climb_one_cm":7466,"minecraft:sprint_one_cm":266692,"minecraft:walk_one_cm":201327,"minecraft:damage_blocked_by_shield":510,"minecraft:drop":137,"minecraft:play_time":79374,"minecraft:deaths":1,"minecraft:sneak_time":3381,"minecraft:walk_under_water_one_cm":2186,"minecraft:jump":2366,"minecraft:interact_with_blast_furnace":3,"minecraft:walk_on_water_one_cm":5369,"minecraft:total_world_time":79374,"minecraft:interact_with_furnace":76,"minecraft:pot_flower":1,"minecraft:sleep_in_bed":3,"minecraft:time_since_rest":51614,"minecraft:damage_taken":1507,"minecraft:trigger_trapped_chest":1,"minecraft:damage_dealt":3966,"minecraft:swim_one_cm":6653,"minecraft:fly_one_cm":662417,"minecraft:open_chest":51,"minecraft:crouch_one_cm":10724,"minecraft:interact_with_smoker":1,"minecraft:fall_one_cm":46949},"minecraft:killed":{"twilightforest:boar":1,"born_in_chaos_v1:zombie_lumberjack":1,"born_in_chaos_v1:restless_spirit":2,"born_in_chaos_v1:door_knight_not_despawn":1,"minecraft:skeleton":4,"born_in_chaos_v1:corpse_fish":1,"minecraft:creeper":2,"minecraft:zombie":5,"born_in_chaos_v1:corpse_fly":3,"minecraft:cow":3},"minecraft:dropped":{"minecraft:iron_ingot":6,"minecraft:bread":2,"minecraft:wheat_seeds":5,"minecraft:cooked_beef":3,"twilightforest:canopy_sapling":14,"minecraft:cobblestone":1622,"minecraft:mossy_stone_brick_stairs":1,"bakery:sandwich":1,"minecraft:stick":4,"minecraft:dirt":2,"twilightforest:firefly":6,"minecraft:torch":50,"minecraft:chain":1,"gravestone:obituary":5,"minecraft:rotten_flesh":2,"minecraft:oak_planks":16,"sophisticatedbackpacks:backpack":1,"minecraft:carrot":2,"minecraft:potato":4,"minecraft:flower_pot":1,"born_in_chaos_v1:corpse_maggot":2,"minecraft:mossy_stone_bricks":1,"minecraft:arrow":8,"minecraft:stone_pickaxe":63,"minecraft:wooden_pickaxe":1},"minecraft:crafted":{"minecraft:oak_planks":88,"vanillaplustools:stone_hammer":6,"minecraft:iron_axe":1,"minecraft:stone_pickaxe":89,"twilightforest:canopy_planks":128,"minecraft:wheat":72,"minecraft:cooked_beef":4,"minecraft:cooked_porkchop":2,"bakery:sandwich":7,"minecraft:crafting_table":4,"minecraft:spruce_planks":8,"minecraft:iron_helmet":1,"minecraft:wooden_pickaxe":1,"minecraft:stone_axe":2,"minecraft:bread":21,"minecraft:air":0,"minecraft:shield":1,"minecraft:stick":266,"minecraft:iron_ingot":34,"minecraft:iron_leggings":1,"minecraft:torch":148},"minecraft:mined":{"minecraft:diamond_ore":1,"minecraft:white_bed":2,"iceandfire:graveyard_soil":1,"iceandfire:silver_ore":4,"gravestone:gravestone":1,"minecraft:granite":9,"minecraft:grass_block":3,"born_in_chaos_v1:black_argillite":3,"minecraft:spruce_leaves":1,"minecraft:hay_block":10,"minecraft:redstone_ore":3,"minecraft:iron_ore":7,"minecraft:andesite":1,"evilcraft:dark_ore":4,"minecraft:brown_bed":2,"minecraft:mossy_stone_brick_stairs":1,"minecraft:bookshelf":4,"minecraft:water_cauldron":1,"regions_unexplored:medium_grass":3,"minecraft:stone":2740,"valhelsia_structures:big_glazed_jar":2,"valhelsia_furniture:dark_oak_desk_drawer":2,"minecraft:torch":1,"minecraft:tall_grass":9,"minecraft:copper_ore":1,"minecraft:cobblestone":11,"minecraft:lapis_ore":2,"minecraft:oak_planks":3,"minecraft:wall_torch":1,"valhelsia_furniture:dark_oak_table":1,"minecraft:dark_oak_wall_sign":2,"minecraft:spruce_log":2,"minecraft:grass":3,"minecraft:oak_log":22,"minecraft:coal_ore":7,"minecraft:dirt":1,"twilightforest:canopy_log":255,"minecraft:mossy_stone_bricks":1,"minecraft:gold_ore":2,"minecraft:oak_leaves":2,"epicsamurai:ruby_ore":6,"minecraft:deepslate":25,"minecraft:fern":2},"minecraft:picked_up":{"minecraft:wheat":3,"valhelsia_furniture:dark_oak_desk_drawer":2,"minecraft:flower_pot":1,"minecraft:brown_bed":2,"gravestone:obituary":4,"minecraft:chain":1,"born_in_chaos_v1:black_argillite":3,"minecraft:music_disc_cat":1,"minecraft:raw_copper":3,"minecraft:iron_axe":1,"minecraft:cobbled_deepslate":25,"minecraft:beef":8,"minecraft:iron_pickaxe":1,"minecraft:raw_iron":34,"minecraft:stick":90,"minecraft:oak_door":2,"minecraft:torch":58,"sophisticatedbackpacks:backpack":2,"minecraft:porkchop":2,"minecraft:carrot":2,"minecraft:redstone":107,"twilightforest:firefly":6,"minecraft:cauldron":1,"regions_unexplored:purple_coneflower":5,"minecraft:rotten_flesh":9,"minecraft:arrow":8,"minecraft:hay_block":8,"farmersdelight:rope":18,"born_in_chaos_v1:trident_hayfork":1,"minecraft:cobblestone":3010,"born_in_chaos_v1:corpse_maggot":2,"minecraft:andesite":1,"minecraft:leather":2,"minecraft:potato":4,"minecraft:oak_log":23,"minecraft:yellow_bed":1,"minecraft:gunpowder":10,"minecraft:lapis_lazuli":88,"minecraft:dirt":2,"twilightforest:canopy_sapling":97,"minecraft:bone":2,"minecraft:apple":1,"minecraft:wheat_seeds":5,"minecraft:raw_gold":3,"minecraft:stone_pickaxe":31,"minecraft:iron_ingot":2,"minecraft:dark_oak_sign":1,"minecraft:mossy_stone_bricks":2,"minecraft:mossy_stone_brick_stairs":1,"minecraft:oak_planks":30,"minecraft:book":12,"born_in_chaos_v1:ethereal_spirit":2,"twilightforest:canopy_log":218,"minecraft:red_banner":5,"minecraft:spruce_log":2,"minecraft:white_bed":3,"minecraft:diamond":8,"evilcraft:dark_gem":20,"minecraft:granite":9,"valhelsia_furniture:dark_oak_table":1,"minecraft:bread":2,"epicsamurai:ruby":6,"born_in_chaos_v1:rotten_fish":1,"minecraft:oak_sapling":4,"minecraft:coal":114,"iceandfire:raw_silver":4}},"DataVersion":3465}