{"stats":{"minecraft:custom":{"minecraft:time_since_rest":13475,"minecraft:sprint_one_cm":24707,"minecraft:damage_taken":235,"minecraft:walk_one_cm":20735,"minecraft:drop":13,"minecraft:damage_dealt":141,"minecraft:interact_with_crafting_table":7,"minecraft:fly_one_cm":19524,"minecraft:crouch_one_cm":2208,"minecraft:play_time":16545,"minecraft:deaths":1,"minecraft:sneak_time":845,"minecraft:jump":169,"minecraft:leave_game":2,"minecraft:time_since_death":13450,"minecraft:total_world_time":16545,"minecraft:fall_one_cm":2208},"minecraft:broken":{"minecraft:stone_axe":1},"minecraft:picked_up":{"minecraft:stick":10,"minecraft:coarse_dirt":2,"minecraft:diamond_sword":1,"minecraft:spruce_sapling":23,"minecraft:spruce_log":120,"minecraft:dirt":9,"aether:diamond_gloves":1,"minecraft:diamond_chestplate":1,"minecraft:rotten_flesh":4,"minecraft:diamond_leggings":1,"minecraft:diamond_boots":1,"minecraft:spruce_planks":1,"minecraft:diamond_helmet":1,"minecraft:cobblestone":36},"minecraft:mined":{"minecraft:large_fern":2,"minecraft:coarse_dirt":1,"minecraft:spruce_planks":1,"minecraft:spruce_log":134,"gravestone:gravestone":1,"minecraft:grass":2,"minecraft:dirt":9,"minecraft:spruce_leaves":1,"minecraft:stone":36,"minecraft:fern":2},"minecraft:crafted":{"minecraft:crafting_table":2,"minecraft:spruce_planks":480,"minecraft:stick":8,"minecraft:wooden_pickaxe":1,"minecraft:stone_pickaxe":1,"minecraft:furnace":1,"minecraft:stone_axe":2},"minecraft:used":{"minecraft:stone_pickaxe":29,"minecraft:spruce_planks":5,"minecraft:wooden_pickaxe":7,"minecraft:stone_axe":136,"minecraft:diamond_chestplate":1,"minecraft:dirt":2,"minecraft:crafting_table":2},"minecraft:dropped":{"minecraft:dirt":7,"minecraft:coarse_dirt":2,"alexsmobs:animal_dictionary":1,"minecraft:spruce_planks":209,"weaponmaster:tutorialbook":1,"minecraft:rotten_flesh":2,"gravestone:obituary":1,"minecraft:wooden_pickaxe":1,"bossominium:the_bossdexium":1}},"DataVersion":3465}