{"stats":{"minecraft:broken":{"minecraft:iron_leggings":2,"vanillaplustools:stone_hammer":2,"minecraft:iron_axe":1},"minecraft:killed_by":{"minecraft:spider":1},"minecraft:used":{"minecraft:spruce_slab":1,"minecraft:oak_sign":1,"minecraft:chest":6,"minecraft:shield":71,"minecraft:iron_sword":32,"simplyswords:diamond_twinblade":19,"minecraft:carrot":33,"minecraft:stripped_spruce_log":4,"vanillaplustools:iron_shovel":37,"valhelsia_furniture:dark_oak_desk_drawer":2,"twilightforest:twilight_oak_planks":40,"minecraft:iron_helmet":2,"minecraft:rabbit_stew":7,"cardinal_sins:scythe":15,"minecraft:furnace":9,"minecraft:potato":78,"minecraft:mossy_stone_bricks":1,"minecraft:oak_planks":42,"minecraft:stone_pickaxe":92,"weaponmaster:wm_rapierlarge":17,"minecraft:dark_oak_sign":1,"minecraft:wooden_pickaxe":7,"bakery:sandwich":6,"undead_revamp2:bostroxset_chestplate":1,"minecraft:crossbow":14,"minecraft:blast_furnace":6,"minecraft:mushroom_stew":1,"dungeonsweaponry:weaponry_table":1,"waystones:waystone":2,"minecraft:bread":60,"minecraft:cyan_bed":2,"minecraft:brown_wool":1,"twilightforest:canopy_slab":210,"ecologics:coconut_slice":6,"minecraft:coal_block":3,"minecraft:grindstone":1,"minecraft:cooked_rabbit":1,"minecraft:coarse_dirt":2,"minecraft:bone_meal":117,"twilightforest:canopy_planks":49,"vanillaplustools:stone_hammer":442,"weaponmaster:workstation":3,"minecraft:cooked_chicken":8,"minecraft:torch":455,"minecraft:dirt":82,"minecraft:white_carpet":1,"minecraft:iron_hoe":30,"minecraft:bookshelf":3,"minecraft:iron_block":1,"minecraft:iron_axe":449,"twilightforest:canopy_fence":1,"evilcraft:flesh_humanoid":1,"minecraft:light_gray_wool":1,"valhelsia_furniture:dark_oak_table":1,"undead_revamp2:arapholia":1,"comforts:sleeping_bag_white":1,"minecraft:cooked_beef":1,"minecraft:brown_bed":2,"minecraft:iron_leggings":3,"born_in_chaos_v1:trident_hayfork":141,"minecraft:cooked_mutton":13,"minecraft:yellow_banner":1,"minecraft:water_bucket":20,"undead_revamp2:wincallerfan":10,"undead_revamp2:bostroxset_boots":1,"minecraft:baked_potato":36,"minecraft:cracked_stone_bricks":5,"minecraft:crafting_table":14,"minecraft:white_bed":4,"minecraft:music_disc_strad":2,"minecraft:apple":3,"minecraft:flower_pot":1,"minecraft:iron_pickaxe":278,"minecraft:stone_axe":77,"minecraft:chiseled_stone_bricks":1,"twilightforest:raw_venison":1,"minecraft:cobblestone":255,"minecraft:bucket":20,"vanillaplustools:iron_hammer":3,"minecraft:red_banner":4,"minecraft:cooked_porkchop":4,"minecraft:yellow_bed":1,"minecraft:jukebox":3},"minecraft:custom":{"minecraft:interact_with_crafting_table":114,"minecraft:open_barrel":89,"minecraft:eat_cake_slice":1,"minecraft:leave_game":11,"minecraft:time_since_death":171366,"minecraft:sprint_one_cm":1401796,"minecraft:damage_blocked_by_shield":2976,"minecraft:drop":378,"minecraft:play_time":516347,"minecraft:deaths":14,"minecraft:jump":11748,"minecraft:enchant_item":9,"minecraft:walk_on_water_one_cm":84735,"minecraft:interact_with_furnace":191,"twilightforest:uncrafting_table_interactions":18,"minecraft:play_record":2,"minecraft:sleep_in_bed":26,"minecraft:waystone_activated":3,"minecraft:damage_dealt":12747,"minecraft:crouch_one_cm":51526,"minecraft:interact_with_smoker":2,"minecraft:horse_one_cm":8500,"minecraft:mob_kills":311,"minecraft:damage_dealt_resisted":1134,"minecraft:climb_one_cm":35234,"minecraft:walk_one_cm":1696860,"minecraft:sneak_time":16678,"minecraft:walk_under_water_one_cm":197418,"minecraft:interact_with_blast_furnace":58,"minecraft:total_world_time":516347,"minecraft:pot_flower":1,"minecraft:interact_with_stonecutter":1,"minecraft:time_since_rest":93398,"minecraft:damage_taken":24037,"minecraft:trigger_trapped_chest":1,"minecraft:swim_one_cm":223679,"minecraft:fly_one_cm":4844164,"minecraft:open_chest":429,"minecraft:fall_one_cm":256802},"minecraft:dropped":{"minecraft:cooked_beef":3,"minecraft:baked_potato":15,"minecraft:diamond":3,"minecraft:rooted_dirt":3,"minecraft:leather":2,"minecraft:mossy_stone_brick_stairs":1,"minecraft:cracked_stone_bricks":2,"bakery:sandwich":1,"twilightforest:ore_magnet":1,"minecraft:dirt":17,"twilightforest:firefly":7,"minecraft:chain":1,"gravestone:obituary":24,"minecraft:phantom_membrane":3,"minecraft:iron_pickaxe":1,"undead_revamp2:blacpetalblock":1,"valhelsia_structures:metal_framed_glass_pane":4,"minecraft:gold_ingot":3,"minecraft:bone":16,"minecraft:gravel":1,"simplyswords:runic_tablet":1,"minecraft:diamond_block":2,"epicsamurai:green_samurai_chestplate":3,"minecraft:wheat":1,"undead_revamp2:arapholia":1,"minecraft:rotten_flesh":17,"minecraft:oak_planks":24,"simplyswords:diamond_twinblade":3,"iceandfire:frozen_grass":1,"evilcraft:flesh_humanoid":2,"minecraft:carrot":13,"weaponmaster:weaponkit":2,"epicsamurai:red_samurai_boots_master":2,"minecraft:jungle_stairs":1,"born_in_chaos_v1:corpse_maggot":4,"vanillaplustools:stone_hammer":2,"minecraft:chest":3,"comforts:sleeping_bag_white":1,"minecraft:arrow":9,"minecraft:glass":10,"minecraft:iron_ingot":21,"minecraft:bread":2,"twilightforest:canopy_slab":128,"minecraft:wheat_seeds":91,"twilightforest:canopy_sapling":14,"minecraft:oak_fence":1,"minecraft:iron_helmet":1,"minecraft:cobblestone":3933,"minecraft:book":1,"evilcraft:dark_gem":19,"minecraft:coal_block":4,"minecraft:stick":6,"minecraft:polished_andesite":2,"minecraft:iron_block":2,"evilcraft:blood_extractor":1,"undead_revamp2:wincallerfan":2,"minecraft:torch":116,"minecraft:iron_leggings":1,"cardinal_sins:sinsencyclopedia":1,"epicsamurai:green_samurai_helmet_master":2,"minecraft:string":7,"minecraft:dark_oak_sign":1,"minecraft:raw_copper":121,"minecraft:smooth_stone_slab":2,"minecraft:bowl":9,"minecraft:tuff":1,"twilightforest:twilight_scepter":1,"minecraft:light_gray_wool":1,"sophisticatedbackpacks:backpack":1,"undead_revamp2:bostroxingot":2,"minecraft:potato":68,"undead_revamp2:bostroxset_chestplate":1,"minecraft:stone":38,"minecraft:shield":1,"minecraft:flower_pot":1,"minecraft:iron_chestplate":1,"minecraft:andesite":1,"minecraft:mossy_stone_bricks":4,"minecraft:oak_sapling":5,"minecraft:andesite_stairs":1,"minecraft:stone_bricks":9,"sophisticatedbackpacks:copper_backpack":1,"minecraft:stone_pickaxe":64,"minecraft:wooden_pickaxe":1,"twilightforest:twilight_oak_log":1,"weaponmaster:wm_rapierlarge":7},"minecraft:killed":{"dungeonsweaponry:wraith":1,"undead_revamp2:thewolf":2,"twilightforest:boar":2,"born_in_chaos_v1:restless_spirit":7,"born_in_chaos_v1:zombie_lumberjack":1,"born_in_chaos_v1:door_knight_not_despawn":2,"minecraft:spider":7,"undead_revamp2:axestrom":1,"twilightforest:lich_minion":5,"weaponmaster:ability_skeleton_grenade_skeletons":17,"born_in_chaos_v1:scarlet_persecutor":5,"naturalist:snail":1,"minecraft:skeleton":34,"minecraft:guardian":1,"minecraft:bee":1,"minecraft:fox":1,"minecraft:chicken":4,"minecraft:silverfish":6,"undead_revamp2:therod":1,"undead_revamp2:crackleball":1,"born_in_chaos_v1:firelight_not_despawn":1,"minecraft:wolf":1,"minecraft:zombie_villager":2,"naturalist:snake":1,"twilightforest:raven":2,"undead_revamp2:thebeartamer":1,"minecraft:creeper":9,"twilightforest:skeleton_druid":1,"minecraft:sheep":7,"undead_revamp2:theordure":2,"twilightforest:redcap":3,"minecraft:pillager":3,"undead_revamp2:slaveman":2,"minecraft:zombie":50,"born_in_chaos_v1:corpse_fly":6,"alexsmobs:fly":2,"minecraft:cow":4,"twilightforest:deer":3,"undead_revamp2:thehunter":5,"born_in_chaos_v1:thornshell_crab":1,"born_in_chaos_v1:maggot":8,"minecraft:phantom":23,"twilightforest:swarm_spider":1,"twilightforest:death_tome":5,"born_in_chaos_v1:corpse_fish":2,"minecraft:drowned":1,"twilightforest:tiny_bird":1,"undead_revamp2:sucker":8,"born_in_chaos_v1:fallen_chaos_knight":1,"born_in_chaos_v1:baby_skeleton":1,"undead_revamp2:the_moonflower":23,"twilightforest:kobold":2,"born_in_chaos_v1:decrepit_skeleton":3,"iceandfire:ghost":1,"iceandfire:ice_dragon":1,"minecraft:enderman":2,"twilightforest:bighorn_sheep":1},"minecraft:crafted":{"minecraft:oak_planks":116,"epicsamurai:green_samurai_chestplate":1,"minecraft:cooked_chicken":4,"minecraft:stone":64,"minecraft:bookshelf":4,"minecraft:cooked_mutton":13,"weaponmaster:workstation":1,"undead_revamp2:bostroxset_chestplate":1,"minecraft:glass":50,"vanillaplustools:iron_hammer":1,"minecraft:bow":1,"twilightforest:canopy_slab":324,"sophisticatedbackpacks:tank_upgrade":1,"evilcraft:blood_extractor":1,"minecraft:chest":4,"weaponmaster:weaponkit":3,"minecraft:cooked_rabbit":1,"twilightforest:canopy_fence":3,"twilightforest:magic_map_focus":1,"minecraft:cooked_porkchop":6,"minecraft:crafting_table":15,"minecraft:spruce_planks":8,"minecraft:iron_helmet":1,"minecraft:wooden_pickaxe":1,"minecraft:baked_potato":114,"undead_revamp2:bostroxset_boots":1,"minecraft:sticky_piston":1,"minecraft:gold_block":5,"epicsamurai:green_samurai_helmet_master":1,"minecraft:birch_planks":8,"sophisticatedbackpacks:upgrade_base":3,"minecraft:dispenser":1,"minecraft:lectern":1,"minecraft:paper":9,"minecraft:shield":5,"sophisticatedbackpacks:diamond_backpack":1,"minecraft:stick":302,"minecraft:iron_ingot":248,"minecraft:iron_pickaxe":9,"minecraft:iron_block":10,"minecraft:gold_ingot":36,"cardinal_sins:sinsencyclopedia":1,"minecraft:shears":1,"vanillaplustools:stone_hammer":7,"comforts:sleeping_bag_white":1,"vanillaplustools:iron_shovel":1,"sophisticatedbackpacks:stack_upgrade_tier_1":1,"minecraft:furnace":9,"minecraft:piston":2,"minecraft:bone_meal":117,"sophisticatedbackpacks:advanced_pump_upgrade":1,"twilightforest:twilight_oak_planks":100,"minecraft:iron_axe":1,"minecraft:stone_pickaxe":89,"twilightforest:canopy_planks":332,"dungeonsweaponry:weaponry_table":1,"minecraft:wheat":171,"epicsamurai:red_samurai_boots_master":1,"sophisticatedbackpacks:iron_backpack":1,"minecraft:cooked_beef":4,"bakery:sandwich":7,"minecraft:iron_sword":1,"sophisticatedbackpacks:gold_backpack":1,"minecraft:bucket":2,"minecraft:stone_axe":2,"minecraft:bread":53,"minecraft:air":0,"aether:iron_gloves":1,"sophisticatedbackpacks:pump_upgrade":1,"minecraft:iron_shovel":9,"minecraft:iron_leggings":3,"minecraft:anvil":1,"undead_revamp2:bostroxset_helmet":1,"undead_revamp2:bostroxingot":12,"epicsamurai:steel_ingot":36,"minecraft:torch":447,"twilightforest:magic_map":1},"minecraft:mined":{"minecraft:spruce_planks":4,"minecraft:white_bed":3,"iceandfire:graveyard_soil":1,"minecraft:andesite_stairs":1,"minecraft:granite":9,"minecraft:grass_block":30,"minecraft:chiseled_stone_bricks":1,"minecraft:spawner":2,"minecraft:magma_block":1,"minecraft:iron_ore":12,"minecraft:fire":1,"minecraft:pumpkin":3,"minecraft:brown_bed":2,"minecraft:water_cauldron":1,"twilightforest:mossy_nagastone_pillar":1,"weaponmaster:workstation":2,"uniquedungeons:climbing_rope":2,"minecraft:iron_block":1,"minecraft:spruce_slab":1,"valhelsia_structures:big_glazed_jar":2,"minecraft:yellow_banner":1,"twilightforest:torchberry_plant":1,"valhelsia_furniture:dark_oak_desk_drawer":2,"minecraft:torch":15,"minecraft:jungle_stairs":1,"minecraft:blast_furnace":6,"twilightforest:twilight_oak_log":45,"minecraft:white_stained_glass_pane":1,"twilightforest:uncrafting_table":1,"minecraft:cobblestone":32,"minecraft:oak_planks":3,"minecraft:sugar_cane":4,"minecraft:grindstone":1,"minecraft:cyan_bed":2,"valhelsia_furniture:dark_oak_table":1,"minecraft:wall_torch":7,"minecraft:wheat":63,"minecraft:jukebox":2,"twilightforest:root":3,"twilightforest:twilight_oak_planks":1,"minecraft:smooth_stone_slab":2,"minecraft:grass":42,"minecraft:oak_log":29,"minecraft:sand":251,"minecraft:dirt":37,"twilightforest:canopy_log":338,"born_in_chaos_v1:infernal_evil_pumpkin_s":1,"minecraft:oak_leaves":6,"minecraft:deepslate":25,"minecraft:diamond_ore":2,"minecraft:yellow_wall_banner":1,"iceandfire:silver_ore":9,"minecraft:candle":4,"gravestone:gravestone":14,"born_in_chaos_v1:black_argillite":3,"minecraft:spruce_leaves":1,"minecraft:hay_block":21,"twilightforest:etched_nagastone":1,"minecraft:redstone_ore":6,"minecraft:carrots":16,"twilightforest:canopy_planks":2,"minecraft:andesite":2,"minecraft:stripped_spruce_log":1,"evilcraft:dark_ore":4,"minecraft:mossy_stone_brick_stairs":1,"minecraft:bookshelf":28,"minecraft:potatoes":70,"twilightforest:canopy_slab":4,"regions_unexplored:medium_grass":3,"minecraft:stone":4091,"uniquedungeons:climbing_hook":6,"minecraft:infested_stone_bricks":2,"minecraft:oak_fence":1,"minecraft:campfire":1,"minecraft:copper_ore":2,"minecraft:tall_grass":23,"twilightforest:nagastone":4,"minecraft:lapis_ore":6,"twilightforest:mayapple":1,"minecraft:spruce_stairs":1,"minecraft:coarse_dirt":1,"minecraft:dark_oak_wall_sign":2,"valhelsia_structures:metal_framed_glass_pane":2,"minecraft:white_carpet":6,"minecraft:spruce_log":2,"minecraft:coal_ore":11,"minecraft:gravel":6,"minecraft:cobweb":17,"minecraft:cracked_stone_bricks":11,"minecraft:stone_bricks":25,"minecraft:polished_andesite":2,"minecraft:mossy_stone_bricks":13,"minecraft:gold_ore":3,"minecraft:fern":2,"epicsamurai:ruby_ore":6},"minecraft:picked_up":{"minecraft:music_disc_strad":1,"minecraft:wheat":16,"minecraft:flower_pot":1,"weaponmaster:wm_rapierlarge":7,"minecraft:brown_bed":2,"minecraft:stone_brick_stairs":1,"born_in_chaos_v1:black_argillite":3,"minecraft:music_disc_cat":1,"minecraft:string":45,"evilcraft:ender_tear":1,"minecraft:raw_copper":175,"minecraft:smooth_stone_slab":4,"aether:skyroot_stick":4,"minecraft:gold_nugget":1,"minecraft:cobbled_deepslate":25,"comforts:sleeping_bag_white":1,"minecraft:spruce_planks":3,"minecraft:cobblestone_slab":1,"minecraft:iron_pickaxe":1,"minecraft:coal_block":4,"evilcraft:blood_extractor":1,"minecraft:stick":130,"minecraft:jukebox":3,"minecraft:oak_fence":2,"minecraft:torch":158,"iceandfire:dragonscales_white":28,"minecraft:porkchop":5,"undead_revamp2:blockofbostrox":1,"minecraft:cauldron":1,"minecraft:yellow_banner":2,"minecraft:rotten_flesh":105,"minecraft:iron_block":3,"farmersdelight:rope":18,"minecraft:obsidian":9,"undead_revamp2:arapholia":2,"minecraft:cobblestone":5309,"minecraft:birch_log":2,"evilcraft:vengeance_pickaxe":1,"minecraft:mossy_cobblestone_slab":2,"minecraft:feather":4,"twilightforest:twilight_oak_log":34,"minecraft:andesite":3,"minecraft:brown_wool":1,"minecraft:potato":211,"paraglider:spirit_orb":2,"uniquedungeons:climbing_hook_item":7,"minecraft:tuff":1,"evilcraft:flesh_humanoid":4,"undead_revamp2:huntereye":3,"twilightforest:mossy_nagastone_pillar":2,"minecraft:lapis_lazuli":217,"minecraft:dirt":207,"twilightforest:canopy_sapling":124,"minecraft:bone":43,"cardinal_sins:scythe":1,"undead_revamp2:blacpetalblock":1,"minecraft:bow":3,"minecraft:wheat_seeds":93,"valhelsia_structures:metal_framed_glass_pane":4,"minecraft:raw_gold":17,"minecraft:grindstone":1,"minecraft:dark_oak_sign":2,"minecraft:mossy_stone_bricks":13,"minecraft:rabbit":1,"minecraft:glowstone_dust":4,"minecraft:oak_planks":37,"minecraft:mossy_stone_brick_stairs":4,"minecraft:sand":212,"twilightforest:canopy_slab":71,"twilightforest:canopy_log":292,"minecraft:stripped_spruce_log":5,"minecraft:cyan_bed":2,"minecraft:diamond_block":2,"minecraft:mossy_cobblestone":1,"minecraft:polished_andesite":2,"twilightforest:twilight_scepter":1,"epicsamurai:red_samurai_boots_master":1,"weaponmaster:workstation":2,"born_in_chaos_v1:fire_dust":3,"twilightforest:canopy_planks":1,"twilightforest:twilight_oak_sapling":2,"minecraft:diamond":14,"waystones:waystone":2,"minecraft:granite":9,"minecraft:emerald":1,"minecraft:bread":2,"alexsmobs:maggot":2,"minecraft:rooted_dirt":3,"epicsamurai:ruby":6,"minecraft:oak_sapling":9,"born_in_chaos_v1:rotten_fish":3,"iceandfire:silver_nugget":22,"twilightforest:torchberries":1,"epicsamurai:green_samurai_chestplate":2,"iceandfire:raw_silver":9,"undead_revamp2:bostroxingot":12,"minecraft:coarse_dirt":2,"minecraft:chicken":4,"minecraft:ladder":1,"valhelsia_furniture:dark_oak_desk_drawer":2,"born_in_chaos_v1:seedof_chaos":1,"epicsamurai:green_samurai_helmet_master":1,"twilightforest:nagastone":4,"minecraft:chain":1,"gravestone:obituary":14,"minecraft:shield":1,"iceandfire:frozen_grass":1,"minecraft:iron_axe":1,"undead_revamp2:bostroxset_chestplate":1,"minecraft:white_carpet":1,"minecraft:cracked_stone_bricks":16,"simplyswords:runic_tablet":1,"minecraft:candle":9,"twilightforest:nagastone_head":1,"minecraft:beef":9,"minecraft:andesite_stairs":1,"minecraft:light_gray_wool":2,"minecraft:spruce_slab":1,"minecraft:sugar_cane":9,"minecraft:phantom_membrane":7,"iceandfire:ice_dragon_heart":1,"minecraft:raw_iron":138,"iceandfire:dragonbone":8,"minecraft:oak_door":2,"ecologics:coconut_slice":8,"minecraft:copper_ingot":2,"minecraft:bowl":3,"sophisticatedbackpacks:backpack":2,"born_in_chaos_v1:pieceofdarkmetal":2,"minecraft:carrot":30,"minecraft:redstone":280,"twilightforest:firefly":9,"iceandfire:dragon_skull_ice":1,"regions_unexplored:purple_coneflower":5,"minecraft:arrow":30,"minecraft:jungle_stairs":1,"twilightforest:etched_nagastone":1,"minecraft:hay_block":19,"born_in_chaos_v1:spiny_shell":4,"minecraft:gold_ingot":10,"sophisticatedbackpacks:copper_backpack":1,"twilightforest:magic_map_focus":1,"undead_revamp2:wincallerfan":2,"born_in_chaos_v1:trident_hayfork":1,"minecraft:mutton":13,"minecraft:white_wool":5,"minecraft:stripped_oak_log":1,"born_in_chaos_v1:corpse_maggot":7,"minecraft:leather":6,"minecraft:oak_log":30,"minecraft:yellow_bed":1,"minecraft:gunpowder":18,"minecraft:cobblestone_stairs":1,"minecraft:paper":22,"minecraft:white_banner":1,"twilightforest:raw_venison":3,"minecraft:apple":1,"minecraft:stone_bricks":25,"minecraft:iron_ingot":13,"minecraft:stone_pickaxe":31,"minecraft:dark_oak_stairs":1,"minecraft:book":86,"twilightforest:nagastone_pillar":2,"minecraft:pumpkin":3,"minecraft:chiseled_stone_bricks":2,"born_in_chaos_v1:ethereal_spirit":6,"minecraft:gravel":5,"minecraft:red_banner":5,"minecraft:blast_furnace":6,"minecraft:white_bed":4,"minecraft:spruce_log":2,"minecraft:spider_eye":2,"undead_revamp2:rawbostrox":3,"minecraft:slime_ball":10,"cardinal_sins:sinsencyclopedia":1,"twilightforest:raven_feather":2,"evilcraft:dark_gem":20,"vanillaplustools:stone_hammer":2,"minecraft:painting":9,"minecraft:mossy_cobblestone_stairs":4,"valhelsia_furniture:dark_oak_table":1,"minecraft:baked_potato":7,"twilightforest:spiral_bricks":5,"minecraft:coal":259}},"DataVersion":3465}