{"stats":{"minecraft:killed_by":{"minecraft:player":2},"minecraft:used":{"minecraft:rose_bush":2,"minecraft:stone_sword":11,"minecraft:poppy":2,"minecraft:chest":2,"minecraft:iron_sword":3,"minecraft:torch":11,"minecraft:dirt":3,"minecraft:allium":1,"minecraft:blue_orchid":1,"regions_unexplored:purple_coneflower":8,"minecraft:potato":14,"minecraft:cooked_beef":3,"minecraft:dark_oak_sign":2,"minecraft:stone_pickaxe":38,"minecraft:oak_planks":10,"minecraft:leather_chestplate":1,"farmersdelight:onion":3,"minecraft:crafting_table":1,"minecraft:white_bed":2,"minecraft:apple":12,"minecraft:bread":4,"minecraft:iron_pickaxe":173,"minecraft:cobblestone":23,"minecraft:cooked_porkchop":2,"minecraft:red_banner":3,"minecraft:andesite":5,"minecraft:dandelion":1,"minecraft:splash_potion":1},"minecraft:custom":{"minecraft:interact_with_crafting_table":9,"minecraft:open_barrel":13,"minecraft:bell_ring":2,"minecraft:eat_cake_slice":2,"minecraft:time_since_death":13313,"minecraft:climb_one_cm":4861,"minecraft:sprint_one_cm":198800,"minecraft:walk_one_cm":169975,"minecraft:drop":128,"minecraft:play_time":77754,"minecraft:deaths":7,"minecraft:sneak_time":6282,"minecraft:walk_under_water_one_cm":740,"minecraft:jump":2309,"minecraft:interact_with_blast_furnace":2,"minecraft:walk_on_water_one_cm":8931,"minecraft:total_world_time":77754,"minecraft:interact_with_furnace":19,"minecraft:sleep_in_bed":5,"minecraft:time_since_rest":13351,"minecraft:damage_taken":3848,"minecraft:damage_dealt":428,"minecraft:swim_one_cm":2629,"minecraft:fly_one_cm":787017,"minecraft:player_kills":1,"minecraft:open_chest":30,"minecraft:crouch_one_cm":23070,"minecraft:fall_one_cm":74097},"minecraft:dropped":{"minecraft:wheat_seeds":14,"minecraft:diamond":1,"minecraft:iron_helmet":1,"minecraft:cobblestone":90,"minecraft:torch":1,"minecraft:iron_leggings":1,"gravestone:obituary":10,"minecraft:gold_nugget":12,"minecraft:iron_pickaxe":1,"minecraft:string":6,"minecraft:dandelion":2,"minecraft:bone":1,"minecraft:white_tulip":1,"minecraft:oak_planks":13,"minecraft:iron_boots":1,"minecraft:azure_bluet":1,"minecraft:filled_map":1,"minecraft:leather_chestplate":1,"minecraft:iron_chestplate":1},"minecraft:crafted":{"minecraft:wooden_sword":1,"minecraft:oak_planks":8,"minecraft:iron_boots":1,"twilightforest:twilight_oak_planks":36,"minecraft:chest":1,"minecraft:crafting_table":1,"minecraft:birch_planks":24,"minecraft:air":0,"minecraft:iron_chestplate":1,"minecraft:diamond_pickaxe":1,"minecraft:stick":8,"minecraft:iron_ingot":9,"minecraft:iron_pickaxe":2,"minecraft:iron_leggings":1,"minecraft:torch":4},"minecraft:mined":{"minecraft:diamond_ore":1,"minecraft:white_bed":2,"iceandfire:silver_ore":9,"minecraft:mossy_cobblestone":1,"gravestone:gravestone":4,"minecraft:granite":4,"minecraft:allium":1,"minecraft:grass_block":8,"minecraft:spawner":1,"regions_unexplored:birch_branch":2,"minecraft:redstone_ore":1,"minecraft:iron_ore":4,"minecraft:andesite":14,"minecraft:deepslate_lapis_ore":1,"minecraft:peony":2,"regions_unexplored:medium_grass":2,"minecraft:stone":116,"minecraft:blue_orchid":1,"minecraft:glass_pane":3,"minecraft:dandelion":1,"minecraft:crafting_table":1,"minecraft:oak_wood":2,"minecraft:poppy":2,"twilightforest:twilight_oak_log":5,"minecraft:rose_bush":2,"minecraft:tall_grass":4,"minecraft:copper_ore":1,"minecraft:cobblestone":6,"minecraft:oak_planks":2,"minecraft:diorite":2,"minecraft:wall_torch":1,"minecraft:dark_oak_wall_sign":2,"minecraft:birch_log":7,"minecraft:grass":7,"regions_unexplored:oak_shrub":1,"minecraft:coal_ore":2,"minecraft:dirt":13,"minecraft:oak_leaves":3,"minecraft:deepslate":47,"minecraft:fern":1},"minecraft:picked_up":{"minecraft:crafting_table":1,"minecraft:allium":1,"minecraft:azure_bluet":1,"minecraft:ladder":1,"minecraft:enchanted_book":2,"minecraft:chain":1,"gravestone:obituary":3,"iceandfire:manuscript":9,"minecraft:string":6,"minecraft:raw_copper":30,"minecraft:blue_orchid":1,"iceandfire:graveyard_soil":6,"minecraft:gold_nugget":19,"minecraft:cobbled_deepslate":44,"minecraft:bucket":1,"minecraft:white_tulip":1,"minecraft:rose_bush":2,"minecraft:poppy":6,"minecraft:chest":1,"farmersdelight:cabbage_seeds":3,"minecraft:stick":7,"minecraft:raw_iron":21,"minecraft:torch":15,"minecraft:diorite":2,"minecraft:redstone":49,"regions_unexplored:purple_coneflower":8,"minecraft:arrow":2,"minecraft:rotten_flesh":2,"minecraft:beetroot_seeds":3,"minecraft:jungle_stairs":1,"minecraft:saddle":1,"minecraft:gold_ingot":1,"evilcraft:condensed_blood":30,"minecraft:cobblestone":1716,"minecraft:birch_log":6,"minecraft:cooked_beef":3,"twilightforest:twilight_oak_log":6,"minecraft:andesite":14,"minecraft:filled_map":1,"paraglider:spirit_orb":2,"evilcraft:flesh_humanoid":1,"iceandfire:ectoplasm":2,"minecraft:gunpowder":6,"minecraft:dirt":11,"twilightforest:twilight_oak_planks":2,"minecraft:bone":19,"uniquedungeons:crystal_arrow_item":1,"minecraft:apple":1,"minecraft:wheat_seeds":26,"minecraft:iron_ingot":3,"minecraft:dark_oak_sign":2,"minecraft:cobweb":6,"minecraft:mossy_stone_bricks":16,"minecraft:oak_planks":28,"minecraft:cooked_porkchop":2,"minecraft:dandelion":2,"twilightforest:canopy_slab":2,"minecraft:red_banner":3,"minecraft:white_bed":2,"minecraft:jungle_slab":2,"minecraft:mossy_cobblestone":1,"minecraft:oak_wood":2,"twilightforest:canopy_planks":6,"minecraft:diamond":5,"minecraft:granite":4,"minecraft:golden_horse_armor":1,"minecraft:coal":66,"iceandfire:raw_silver":10}},"DataVersion":3465}