{"stats":{"minecraft:custom":{"minecraft:time_since_rest":52515,"minecraft:crouch_one_cm":4696,"minecraft:sprint_one_cm":17440,"minecraft:play_time":52515,"minecraft:damage_taken":30,"minecraft:walk_one_cm":31219,"minecraft:sneak_time":1108,"minecraft:drop":8,"minecraft:jump":285,"minecraft:leave_game":1,"minecraft:time_since_death":52515,"minecraft:total_world_time":52515,"minecraft:fall_one_cm":1465,"minecraft:fly_one_cm":64018},"minecraft:picked_up":{"minecraft:brown_mushroom":1,"minecraft:wooden_pickaxe":1,"bossominium:the_bossdexium":1,"minecraft:spruce_planks":209,"weaponmaster:tutorialbook":1,"minecraft:spruce_sapling":2,"alexsmobs:animal_dictionary":1,"minecraft:dirt":12},"minecraft:mined":{"minecraft:podzol":2,"minecraft:grass":1,"minecraft:brown_mushroom":1,"minecraft:dirt":3,"minecraft:spruce_leaves":3,"minecraft:fern":1},"minecraft:used":{"minecraft:dirt":83,"minecraft:coarse_dirt":244,"minecraft:spruce_sapling":1},"minecraft:dropped":{"minecraft:diamond_sword":1,"minecraft:dirt":3,"minecraft:diamond_boots":1,"minecraft:brown_mushroom":1,"minecraft:diamond_chestplate":1,"aether:diamond_gloves":1,"minecraft:diamond_leggings":1,"minecraft:diamond_helmet":1}},"DataVersion":3465}