{"stats":{"minecraft:killed_by":{"minecraft:player":2,"weaponmaster:ability_skeleton_grenade_skeletons":1,"minecraft:skeleton":1},"minecraft:used":{"minecraft:rose_bush":2,"minecraft:stone_sword":11,"minecraft:enchanting_table":1,"twilightforest:torchberries":1,"minecraft:ladder":3,"minecraft:poppy":3,"minecraft:chest":2,"evilcraft:vengeance_pickaxe":2,"minecraft:iron_sword":30,"minecraft:stone":17,"vanillaplustools:stone_hammer":156,"minecraft:cooked_chicken":5,"minecraft:rotten_flesh":2,"minecraft:iron_chestplate":1,"minecraft:torch":15,"minecraft:dirt":38,"minecraft:carrot":9,"minecraft:allium":1,"minecraft:glass":1,"born_in_chaos_v1:corpse_maggot":1,"minecraft:rooted_dirt":10,"minecraft:lantern":1,"minecraft:iron_axe":57,"minecraft:blue_orchid":1,"regions_unexplored:purple_coneflower":8,"minecraft:furnace":13,"minecraft:potato":14,"minecraft:cooked_beef":48,"simplyswords:soulpyre":8,"minecraft:oak_planks":10,"minecraft:stone_pickaxe":38,"minecraft:dark_oak_sign":3,"minecraft:leather_chestplate":1,"valhelsia_furniture:spruce_table":2,"minecraft:white_wool":1,"farmersdelight:onion":3,"minecraft:blast_furnace":10,"minecraft:crafting_table":1,"cardinal_sins:malevolichite_ore":7,"minecraft:white_bed":3,"minecraft:oak_log":28,"minecraft:diamond_pickaxe":15,"minecraft:cornflower":1,"minecraft:apple":12,"minecraft:iron_pickaxe":439,"minecraft:bread":4,"minecraft:string":1,"minecraft:gravel":1,"cardinal_sins:greatsword":30,"minecraft:cobblestone":454,"vanillaplustools:iron_hammer":8,"minecraft:porkchop":1,"minecraft:cooked_porkchop":2,"minecraft:andesite":5,"minecraft:red_banner":3,"immersive_aircraft:gyrodyne":3,"minecraft:dandelion":1,"minecraft:stripped_oak_log":1,"minecraft:splash_potion":1},"minecraft:custom":{"minecraft:interact_with_smithing_table":1,"minecraft:mob_kills":9,"minecraft:interact_with_crafting_table":73,"minecraft:open_barrel":35,"minecraft:bell_ring":2,"minecraft:damage_dealt_resisted":135,"minecraft:eat_cake_slice":2,"minecraft:leave_game":21,"minecraft:time_since_death":6565,"minecraft:climb_one_cm":7934,"minecraft:sprint_one_cm":507840,"minecraft:walk_one_cm":562458,"minecraft:drop":171,"minecraft:play_time":277983,"minecraft:deaths":11,"minecraft:sneak_time":19468,"minecraft:walk_under_water_one_cm":43729,"minecraft:jump":6269,"minecraft:interact_with_blast_furnace":210,"minecraft:walk_on_water_one_cm":26867,"minecraft:total_world_time":277983,"minecraft:interact_with_furnace":226,"twilightforest:uncrafting_table_interactions":4,"minecraft:sleep_in_bed":11,"minecraft:time_since_rest":6632,"minecraft:waystone_activated":1,"minecraft:damage_taken":10713,"minecraft:damage_dealt":4380,"minecraft:player_kills":1,"minecraft:swim_one_cm":11111,"minecraft:fly_one_cm":2506345,"minecraft:open_chest":183,"minecraft:crouch_one_cm":77841,"minecraft:fall_one_cm":175751},"minecraft:dropped":{"minecraft:wheat_seeds":14,"minecraft:diamond":1,"minecraft:cobblestone":220,"minecraft:iron_helmet":1,"cardinal_sins:scythe":2,"minecraft:coal":1,"minecraft:dirt":1,"minecraft:torch":1,"minecraft:iron_leggings":1,"gravestone:obituary":14,"minecraft:gold_nugget":15,"minecraft:phantom_membrane":1,"minecraft:iron_pickaxe":2,"epicsamurai:green_samurai_helmet_master":1,"vanillaplustools:iron_hammer":1,"minecraft:string":8,"minecraft:dandelion":2,"minecraft:bone":1,"minecraft:white_tulip":1,"minecraft:blaze_rod":3,"epicsamurai:green_samurai_chestplate":1,"minecraft:raw_copper":192,"minecraft:obsidian":9,"minecraft:raw_iron":63,"minecraft:oak_planks":13,"minecraft:iron_boots":1,"minecraft:white_bed":1,"minecraft:azure_bluet":1,"minecraft:filled_map":1,"weaponmaster:weaponkit":1,"minecraft:leather_chestplate":1,"minecraft:cobblestone_slab":3,"minecraft:iron_chestplate":1,"minecraft:leather_leggings":1,"minecraft:raw_gold":6},"minecraft:killed":{"twilightforest:boar":2,"dungeonsweaponry:enchanter":1,"cardinal_sins:linneausofsloth":1,"undead_revamp2:bomber":1,"minecraft:skeleton":1,"born_in_chaos_v1:corpse_fly":1,"minecraft:enderman":1,"minecraft:blaze":1},"minecraft:crafted":{"minecraft:wooden_sword":1,"minecraft:smooth_stone":3,"minecraft:oak_planks":8,"vanillaplustools:stone_hammer":1,"minecraft:blaze_powder":6,"immersive_aircraft:sail":2,"cardinal_sins:soulweaver_orb":1,"minecraft:furnace":5,"minecraft:blast_furnace":1,"minecraft:stone":20,"minecraft:white_carpet":12,"minecraft:iron_boots":2,"twilightforest:twilight_oak_planks":36,"immersive_aircraft:hull":2,"minecraft:chest":2,"twilightforest:canopy_planks":4,"weaponmaster:weaponkit":2,"minecraft:ender_eye":1,"sophisticatedbackpacks:iron_backpack":1,"minecraft:coal_block":10,"immersive_aircraft:enhanced_propeller":1,"sophisticatedbackpacks:backpack":1,"minecraft:crafting_table":1,"minecraft:enchanting_table":1,"cardinal_sins:greatsword":1,"minecraft:iron_helmet":1,"minecraft:iron_sword":1,"minecraft:copper_ingot":6,"minecraft:stripped_oak_wood":21,"sophisticatedbackpacks:gold_backpack":1,"minecraft:birch_planks":24,"immersive_aircraft:propeller":2,"minecraft:air":0,"cardinal_sins:scythe":2,"minecraft:iron_chestplate":2,"immersive_aircraft:gyrodyne":1,"minecraft:diamond_pickaxe":1,"sophisticatedbackpacks:diamond_backpack":1,"minecraft:stick":16,"minecraft:iron_ingot":586,"minecraft:iron_pickaxe":4,"minecraft:iron_leggings":2,"minecraft:gold_ingot":5,"minecraft:torch":4},"minecraft:mined":{"minecraft:diamond_ore":1,"minecraft:white_bed":3,"iceandfire:silver_ore":13,"minecraft:mossy_cobblestone":1,"minecraft:obsidian":9,"regions_unexplored:red_maple_shrub":1,"minecraft:granite":51,"gravestone:gravestone":5,"minecraft:allium":1,"minecraft:grass_block":17,"iceandfire:frozen_grass":4,"minecraft:rooted_dirt":2,"minecraft:spawner":1,"regions_unexplored:birch_branch":2,"minecraft:redstone_ore":8,"regions_unexplored:stone_bud":4,"minecraft:glowstone":8,"minecraft:furnace":13,"minecraft:iron_ore":31,"minecraft:andesite":19,"evilcraft:dark_ore":1,"minecraft:deepslate_lapis_ore":1,"minecraft:peony":2,"minecraft:brown_bed":1,"minecraft:cobblestone_slab":2,"minecraft:lantern":1,"minecraft:stripped_oak_log":29,"regions_unexplored:medium_grass":2,"minecraft:stone":2567,"minecraft:blue_orchid":1,"minecraft:tripwire":1,"minecraft:deepslate_redstone_ore":1,"epicsamurai:jade_ore":2,"minecraft:glass_pane":3,"minecraft:dandelion":1,"minecraft:cornflower":1,"iceandfire:frozen_gravel":11,"minecraft:torch":1,"minecraft:crafting_table":1,"minecraft:blast_furnace":7,"minecraft:oak_wood":2,"minecraft:poppy":2,"minecraft:rose_bush":2,"twilightforest:twilight_oak_log":5,"iceandfire:frozen_dirt":18,"minecraft:copper_ore":25,"minecraft:tall_grass":4,"minecraft:cobblestone":34,"minecraft:deepslate_gold_ore":1,"minecraft:oak_planks":2,"minecraft:diorite":13,"minecraft:wall_torch":2,"minecraft:dark_oak_wall_sign":2,"evilcraft:dark_ore_deepslate":3,"minecraft:birch_log":7,"minecraft:grass":12,"regions_unexplored:oak_shrub":1,"minecraft:coal_ore":22,"minecraft:dirt":51,"minecraft:stone_bricks":1,"twilightforest:canopy_log":2,"minecraft:gold_ore":1,"minecraft:deepslate":251,"minecraft:oak_leaves":3,"minecraft:fern":1},"minecraft:picked_up":{"minecraft:iron_chestplate":1,"minecraft:music_disc_strad":1,"minecraft:crafting_table":1,"minecraft:allium":1,"minecraft:azure_bluet":1,"minecraft:ladder":4,"minecraft:leather_leggings":1,"epicsamurai:green_samurai_helmet_master":1,"minecraft:enchanted_book":2,"minecraft:chain":1,"gravestone:obituary":7,"iceandfire:frozen_grass":3,"minecraft:cornflower":1,"iceandfire:manuscript":9,"minecraft:string":19,"minecraft:raw_copper":971,"epicsamurai:jade":2,"minecraft:blue_orchid":1,"iceandfire:graveyard_soil":6,"minecraft:gold_nugget":21,"minecraft:cobbled_deepslate":190,"minecraft:bucket":2,"minecraft:white_tulip":1,"minecraft:rose_bush":2,"minecraft:cobblestone_slab":3,"minecraft:poppy":7,"iceandfire:frozen_gravel":9,"minecraft:chest":1,"minecraft:phantom_membrane":1,"farmersdelight:cabbage_seeds":3,"minecraft:furnace":9,"minecraft:stick":11,"minecraft:raw_iron":179,"minecraft:torch":21,"minecraft:porkchop":1,"cardinal_sins:essenceofsloth":2,"minecraft:diorite":2,"minecraft:redstone":247,"regions_unexplored:purple_coneflower":8,"minecraft:arrow":4,"minecraft:rotten_flesh":10,"minecraft:beetroot_seeds":3,"minecraft:jungle_stairs":1,"minecraft:saddle":1,"minecraft:gold_ingot":4,"evilcraft:condensed_blood":30,"minecraft:blaze_rod":3,"minecraft:obsidian":9,"minecraft:white_wool":1,"minecraft:cobblestone":4884,"minecraft:stripped_oak_log":29,"minecraft:birch_log":6,"evilcraft:vengeance_pickaxe":1,"born_in_chaos_v1:corpse_maggot":4,"minecraft:cooked_beef":3,"twilightforest:twilight_oak_log":6,"minecraft:andesite":14,"minecraft:leather":4,"minecraft:filled_map":1,"paraglider:spirit_orb":2,"evilcraft:flesh_humanoid":3,"iceandfire:ectoplasm":2,"minecraft:gunpowder":6,"immersive_aircraft:gyrodyne":3,"minecraft:dirt":57,"vanillaplustools:iron_hammer":1,"minecraft:lantern":1,"twilightforest:twilight_oak_planks":2,"minecraft:glass":1,"minecraft:bone":21,"uniquedungeons:crystal_arrow_item":1,"minecraft:apple":1,"minecraft:stone_bricks":1,"minecraft:wheat_seeds":29,"minecraft:raw_gold":11,"minecraft:dark_oak_sign":3,"minecraft:iron_ingot":3,"minecraft:cooked_chicken":5,"minecraft:cobweb":6,"minecraft:mossy_stone_bricks":16,"minecraft:glowstone_dust":27,"minecraft:oak_planks":29,"minecraft:cooked_porkchop":2,"minecraft:dandelion":2,"minecraft:gravel":1,"valhelsia_furniture:spruce_table":2,"twilightforest:canopy_slab":2,"twilightforest:canopy_log":2,"minecraft:red_banner":3,"minecraft:blast_furnace":3,"minecraft:white_bed":3,"minecraft:jungle_slab":2,"iceandfire:frozen_dirt":14,"minecraft:mossy_cobblestone":1,"minecraft:oak_wood":2,"twilightforest:canopy_planks":6,"minecraft:diamond":5,"evilcraft:dark_gem":18,"minecraft:granite":39,"vanillaplustools:stone_hammer":2,"minecraft:bone_meal":1,"minecraft:golden_apple":1,"minecraft:golden_horse_armor":1,"minecraft:rooted_dirt":2,"twilightforest:torchberries":1,"minecraft:coal":980,"epicsamurai:green_samurai_chestplate":1,"iceandfire:raw_silver":14}},"DataVersion":3465}