{"stats":{"minecraft:picked_up":{"minecraft:iron_chestplate":1,"minecraft:music_disc_strad":1,"minecraft:crafting_table":1,"minecraft:allium":1,"minecraft:azure_bluet":1,"minecraft:ladder":4,"epicsamurai:green_samurai_helmet_master":1,"minecraft:enchanted_book":2,"minecraft:chain":1,"gravestone:obituary":6,"minecraft:cornflower":1,"iceandfire:manuscript":9,"minecraft:string":9,"minecraft:raw_copper":971,"epicsamurai:jade":2,"minecraft:blue_orchid":1,"iceandfire:graveyard_soil":6,"minecraft:gold_nugget":19,"minecraft:cobbled_deepslate":190,"minecraft:bucket":2,"minecraft:white_tulip":1,"minecraft:rose_bush":2,"minecraft:poppy":7,"minecraft:chest":1,"farmersdelight:cabbage_seeds":3,"minecraft:furnace":9,"minecraft:stick":10,"minecraft:raw_iron":179,"minecraft:torch":21,"minecraft:porkchop":1,"cardinal_sins:essenceofsloth":2,"minecraft:diorite":2,"minecraft:redstone":247,"regions_unexplored:purple_coneflower":8,"minecraft:arrow":4,"minecraft:rotten_flesh":9,"minecraft:beetroot_seeds":3,"minecraft:jungle_stairs":1,"minecraft:saddle":1,"minecraft:gold_ingot":4,"evilcraft:condensed_blood":30,"minecraft:blaze_rod":3,"minecraft:obsidian":9,"minecraft:white_wool":1,"minecraft:cobblestone":4879,"minecraft:birch_log":6,"born_in_chaos_v1:corpse_maggot":3,"minecraft:cooked_beef":3,"twilightforest:twilight_oak_log":6,"minecraft:andesite":14,"minecraft:leather":4,"minecraft:filled_map":1,"paraglider:spirit_orb":2,"evilcraft:flesh_humanoid":3,"iceandfire:ectoplasm":2,"minecraft:gunpowder":6,"vanillaplustools:iron_hammer":1,"minecraft:dirt":54,"minecraft:lantern":1,"twilightforest:twilight_oak_planks":2,"minecraft:glass":1,"minecraft:bone":21,"uniquedungeons:crystal_arrow_item":1,"minecraft:apple":1,"minecraft:stone_bricks":1,"minecraft:wheat_seeds":29,"minecraft:raw_gold":11,"minecraft:dark_oak_sign":3,"minecraft:iron_ingot":3,"minecraft:cooked_chicken":5,"minecraft:cobweb":6,"minecraft:mossy_stone_bricks":16,"minecraft:glowstone_dust":27,"minecraft:oak_planks":29,"minecraft:cooked_porkchop":2,"minecraft:dandelion":2,"minecraft:gravel":1,"valhelsia_furniture:spruce_table":2,"twilightforest:canopy_slab":2,"twilightforest:canopy_log":2,"minecraft:red_banner":3,"minecraft:blast_furnace":3,"minecraft:white_bed":3,"minecraft:jungle_slab":2,"minecraft:mossy_cobblestone":1,"minecraft:oak_wood":2,"twilightforest:canopy_planks":6,"minecraft:diamond":5,"evilcraft:dark_gem":18,"minecraft:granite":39,"vanillaplustools:stone_hammer":2,"minecraft:bone_meal":1,"minecraft:golden_apple":1,"minecraft:golden_horse_armor":1,"minecraft:rooted_dirt":2,"epicsamurai:green_samurai_chestplate":1,"twilightforest:torchberries":1,"minecraft:coal":980,"iceandfire:raw_silver":14},"minecraft:custom":{"minecraft:interact_with_smithing_table":1,"minecraft:mob_kills":8,"minecraft:interact_with_crafting_table":56,"minecraft:open_barrel":34,"minecraft:bell_ring":2,"minecraft:damage_dealt_resisted":135,"minecraft:eat_cake_slice":2,"minecraft:leave_game":18,"minecraft:time_since_death":83252,"minecraft:climb_one_cm":7934,"minecraft:sprint_one_cm":462185,"minecraft:walk_one_cm":502599,"minecraft:drop":156,"minecraft:play_time":229278,"minecraft:deaths":10,"minecraft:sneak_time":17742,"minecraft:walk_under_water_one_cm":26819,"minecraft:jump":5507,"minecraft:interact_with_blast_furnace":210,"minecraft:walk_on_water_one_cm":25074,"minecraft:total_world_time":229278,"minecraft:interact_with_furnace":211,"twilightforest:uncrafting_table_interactions":4,"minecraft:sleep_in_bed":11,"minecraft:time_since_rest":8838,"minecraft:waystone_activated":1,"minecraft:damage_taken":7812,"minecraft:damage_dealt":3848,"minecraft:swim_one_cm":10124,"minecraft:player_kills":1,"minecraft:fly_one_cm":2325531,"minecraft:open_chest":151,"minecraft:crouch_one_cm":74221,"minecraft:fall_one_cm":143484},"minecraft:killed_by":{"minecraft:player":2,"minecraft:skeleton":1},"minecraft:killed":{"twilightforest:boar":2,"cardinal_sins:linneausofsloth":1,"undead_revamp2:bomber":1,"minecraft:skeleton":1,"born_in_chaos_v1:corpse_fly":1,"minecraft:enderman":1,"minecraft:blaze":1},"minecraft:used":{"minecraft:rose_bush":2,"minecraft:stone_sword":11,"minecraft:enchanting_table":1,"twilightforest:torchberries":1,"minecraft:ladder":3,"minecraft:poppy":3,"minecraft:chest":2,"minecraft:stone":17,"minecraft:iron_sword":30,"vanillaplustools:stone_hammer":137,"minecraft:cooked_chicken":5,"minecraft:rotten_flesh":2,"minecraft:iron_chestplate":1,"minecraft:torch":15,"minecraft:dirt":38,"minecraft:carrot":9,"minecraft:allium":1,"minecraft:glass":1,"born_in_chaos_v1:corpse_maggot":1,"minecraft:rooted_dirt":10,"minecraft:lantern":1,"minecraft:blue_orchid":1,"regions_unexplored:purple_coneflower":8,"minecraft:furnace":13,"minecraft:potato":14,"minecraft:cooked_beef":26,"simplyswords:soulpyre":8,"minecraft:oak_planks":10,"minecraft:stone_pickaxe":38,"minecraft:dark_oak_sign":3,"minecraft:leather_chestplate":1,"valhelsia_furniture:spruce_table":2,"minecraft:white_wool":1,"farmersdelight:onion":3,"minecraft:blast_furnace":10,"minecraft:crafting_table":1,"cardinal_sins:malevolichite_ore":7,"minecraft:white_bed":3,"minecraft:diamond_pickaxe":11,"minecraft:cornflower":1,"minecraft:apple":12,"minecraft:bread":4,"minecraft:iron_pickaxe":435,"minecraft:gravel":1,"cardinal_sins:greatsword":18,"minecraft:cobblestone":452,"vanillaplustools:iron_hammer":8,"minecraft:porkchop":1,"minecraft:cooked_porkchop":2,"minecraft:red_banner":3,"minecraft:andesite":5,"minecraft:dandelion":1,"minecraft:splash_potion":1},"minecraft:crafted":{"minecraft:wooden_sword":1,"minecraft:smooth_stone":3,"minecraft:oak_planks":8,"vanillaplustools:stone_hammer":1,"minecraft:blaze_powder":6,"cardinal_sins:soulweaver_orb":1,"minecraft:furnace":5,"minecraft:blast_furnace":1,"minecraft:stone":20,"minecraft:iron_boots":2,"twilightforest:twilight_oak_planks":36,"minecraft:chest":2,"twilightforest:canopy_planks":4,"weaponmaster:weaponkit":2,"minecraft:ender_eye":1,"sophisticatedbackpacks:iron_backpack":1,"minecraft:coal_block":10,"sophisticatedbackpacks:backpack":1,"minecraft:crafting_table":1,"minecraft:enchanting_table":1,"cardinal_sins:greatsword":1,"minecraft:iron_helmet":1,"minecraft:iron_sword":1,"minecraft:copper_ingot":3,"sophisticatedbackpacks:gold_backpack":1,"minecraft:birch_planks":24,"minecraft:air":0,"cardinal_sins:scythe":2,"minecraft:iron_chestplate":2,"minecraft:diamond_pickaxe":1,"sophisticatedbackpacks:diamond_backpack":1,"minecraft:stick":16,"minecraft:iron_ingot":532,"minecraft:iron_pickaxe":4,"minecraft:iron_leggings":2,"minecraft:gold_ingot":5,"minecraft:torch":4},"minecraft:dropped":{"minecraft:wheat_seeds":14,"minecraft:diamond":1,"minecraft:iron_helmet":1,"minecraft:cobblestone":217,"cardinal_sins:scythe":2,"minecraft:coal":1,"minecraft:torch":1,"minecraft:iron_leggings":1,"gravestone:obituary":13,"minecraft:gold_nugget":12,"minecraft:iron_pickaxe":2,"epicsamurai:green_samurai_helmet_master":1,"vanillaplustools:iron_hammer":1,"minecraft:string":6,"minecraft:dandelion":2,"minecraft:bone":1,"minecraft:white_tulip":1,"minecraft:blaze_rod":3,"epicsamurai:green_samurai_chestplate":1,"minecraft:raw_copper":192,"minecraft:obsidian":9,"minecraft:raw_iron":63,"minecraft:oak_planks":13,"minecraft:iron_boots":1,"minecraft:white_bed":1,"minecraft:azure_bluet":1,"minecraft:filled_map":1,"weaponmaster:weaponkit":1,"minecraft:leather_chestplate":1,"minecraft:iron_chestplate":1,"minecraft:raw_gold":6},"minecraft:mined":{"minecraft:diamond_ore":1,"minecraft:white_bed":3,"iceandfire:silver_ore":13,"minecraft:mossy_cobblestone":1,"minecraft:obsidian":9,"regions_unexplored:red_maple_shrub":1,"gravestone:gravestone":5,"minecraft:granite":51,"minecraft:allium":1,"minecraft:grass_block":17,"minecraft:rooted_dirt":2,"minecraft:spawner":1,"regions_unexplored:birch_branch":2,"minecraft:redstone_ore":8,"regions_unexplored:stone_bud":4,"minecraft:glowstone":8,"minecraft:furnace":13,"minecraft:iron_ore":31,"minecraft:andesite":19,"evilcraft:dark_ore":1,"minecraft:deepslate_lapis_ore":1,"minecraft:peony":2,"minecraft:brown_bed":1,"minecraft:lantern":1,"regions_unexplored:medium_grass":2,"minecraft:stone":2567,"minecraft:blue_orchid":1,"minecraft:deepslate_redstone_ore":1,"epicsamurai:jade_ore":2,"minecraft:glass_pane":3,"minecraft:dandelion":1,"minecraft:cornflower":1,"minecraft:crafting_table":1,"minecraft:torch":1,"minecraft:blast_furnace":7,"minecraft:oak_wood":2,"minecraft:poppy":2,"minecraft:rose_bush":2,"twilightforest:twilight_oak_log":5,"minecraft:copper_ore":25,"minecraft:tall_grass":4,"minecraft:cobblestone":30,"minecraft:deepslate_gold_ore":1,"minecraft:oak_planks":2,"minecraft:diorite":13,"minecraft:wall_torch":2,"minecraft:dark_oak_wall_sign":2,"evilcraft:dark_ore_deepslate":3,"minecraft:birch_log":7,"minecraft:grass":12,"regions_unexplored:oak_shrub":1,"minecraft:coal_ore":22,"minecraft:dirt":49,"minecraft:stone_bricks":1,"twilightforest:canopy_log":2,"minecraft:gold_ore":1,"minecraft:deepslate":251,"minecraft:oak_leaves":3,"minecraft:fern":1}},"DataVersion":3465}