{"stats":{"minecraft:used":{"regions_unexplored:purple_coneflower":8,"minecraft:oak_planks":8,"minecraft:leather_chestplate":1,"farmersdelight:onion":2,"minecraft:dirt":2,"minecraft:red_banner":3,"minecraft:potato":7},"minecraft:custom":{"minecraft:time_since_rest":5754,"minecraft:sprint_one_cm":27333,"minecraft:damage_taken":255,"minecraft:walk_one_cm":13754,"minecraft:drop":2,"minecraft:damage_dealt":200,"minecraft:swim_one_cm":401,"minecraft:fly_one_cm":55363,"minecraft:open_chest":6,"minecraft:crouch_one_cm":4642,"minecraft:play_time":5754,"minecraft:sneak_time":856,"minecraft:bell_ring":2,"minecraft:walk_under_water_one_cm":283,"minecraft:jump":225,"minecraft:eat_cake_slice":2,"minecraft:time_since_death":5754,"minecraft:walk_on_water_one_cm":189,"minecraft:total_world_time":5754,"minecraft:climb_one_cm":1220,"minecraft:fall_one_cm":6359},"minecraft:dropped":{"minecraft:dandelion":2},"minecraft:crafted":{"minecraft:oak_planks":8},"minecraft:mined":{"minecraft:white_bed":1,"minecraft:glass_pane":3,"minecraft:birch_log":4,"minecraft:grass":1,"minecraft:oak_wood":2,"minecraft:grass_block":2,"regions_unexplored:medium_grass":1,"minecraft:oak_leaves":2},"minecraft:picked_up":{"minecraft:birch_log":4,"minecraft:stick":6,"minecraft:dandelion":1,"minecraft:enchanted_book":2,"iceandfire:ectoplasm":2,"minecraft:chain":1,"minecraft:red_banner":3,"minecraft:white_bed":1,"minecraft:gunpowder":6,"minecraft:redstone":3,"minecraft:dirt":2,"iceandfire:manuscript":9,"minecraft:string":6,"regions_unexplored:purple_coneflower":8,"minecraft:oak_wood":2,"minecraft:apple":1,"minecraft:bone":18,"uniquedungeons:crystal_arrow_item":1,"iceandfire:graveyard_soil":6,"minecraft:beetroot_seeds":3,"minecraft:gold_nugget":6,"minecraft:bucket":1,"minecraft:cobweb":6,"minecraft:gold_ingot":1,"minecraft:saddle":1,"minecraft:golden_horse_armor":1,"minecraft:poppy":1,"evilcraft:condensed_blood":30,"minecraft:coal":3,"farmersdelight:cabbage_seeds":3}},"DataVersion":3465}