{"stats":{"minecraft:custom":{"minecraft:jump":162,"minecraft:time_since_rest":16515,"minecraft:damage_taken":30,"minecraft:leave_game":1,"minecraft:crouch_one_cm":842,"minecraft:play_time":16515,"minecraft:sprint_one_cm":10786,"minecraft:time_since_death":16515,"minecraft:walk_one_cm":9003,"minecraft:sneak_time":347,"minecraft:total_world_time":16515,"minecraft:fly_one_cm":43312,"minecraft:fall_one_cm":1465},"minecraft:picked_up":{"minecraft:spruce_sapling":1,"minecraft:brown_mushroom":1,"minecraft:dirt":5},"minecraft:mined":{"minecraft:podzol":2,"minecraft:grass":1,"minecraft:spruce_leaves":3,"minecraft:brown_mushroom":1,"minecraft:dirt":3,"minecraft:fern":1},"minecraft:used":{"minecraft:dirt":79,"minecraft:spruce_sapling":1}},"DataVersion":3465}