{"stats":{"minecraft:killed_by":{"minecraft:player":2,"minecraft:skeleton":1},"minecraft:used":{"minecraft:rose_bush":2,"minecraft:stone_sword":11,"minecraft:ladder":3,"minecraft:poppy":2,"minecraft:chest":2,"minecraft:iron_sword":3,"vanillaplustools:stone_hammer":110,"minecraft:cooked_chicken":5,"minecraft:torch":11,"minecraft:dirt":5,"minecraft:carrot":9,"minecraft:allium":1,"minecraft:rooted_dirt":10,"minecraft:blue_orchid":1,"regions_unexplored:purple_coneflower":8,"minecraft:furnace":4,"minecraft:potato":14,"minecraft:cooked_beef":9,"minecraft:dark_oak_sign":2,"minecraft:stone_pickaxe":38,"minecraft:oak_planks":10,"minecraft:leather_chestplate":1,"farmersdelight:onion":3,"minecraft:crafting_table":1,"minecraft:blast_furnace":7,"minecraft:white_bed":2,"minecraft:apple":12,"minecraft:bread":4,"minecraft:iron_pickaxe":405,"minecraft:cobblestone":300,"vanillaplustools:iron_hammer":8,"minecraft:cooked_porkchop":2,"minecraft:red_banner":3,"minecraft:andesite":5,"minecraft:dandelion":1,"minecraft:splash_potion":1},"minecraft:custom":{"minecraft:mob_kills":1,"minecraft:interact_with_crafting_table":16,"minecraft:open_barrel":13,"minecraft:bell_ring":2,"minecraft:eat_cake_slice":2,"minecraft:time_since_death":21582,"minecraft:climb_one_cm":4861,"minecraft:sprint_one_cm":281906,"minecraft:walk_one_cm":319687,"minecraft:drop":137,"minecraft:play_time":125754,"minecraft:deaths":9,"minecraft:sneak_time":11587,"minecraft:walk_under_water_one_cm":1414,"minecraft:jump":3139,"minecraft:interact_with_blast_furnace":167,"minecraft:walk_on_water_one_cm":16550,"minecraft:total_world_time":125754,"minecraft:interact_with_furnace":187,"minecraft:sleep_in_bed":6,"minecraft:time_since_rest":21616,"minecraft:damage_taken":5688,"minecraft:damage_dealt":1145,"minecraft:swim_one_cm":5660,"minecraft:fly_one_cm":907529,"minecraft:player_kills":1,"minecraft:open_chest":38,"minecraft:crouch_one_cm":41685,"minecraft:fall_one_cm":84291},"minecraft:killed":{"minecraft:skeleton":1},"minecraft:dropped":{"minecraft:wheat_seeds":14,"minecraft:diamond":1,"minecraft:iron_helmet":1,"minecraft:cobblestone":217,"minecraft:coal":1,"minecraft:torch":1,"minecraft:iron_leggings":1,"gravestone:obituary":11,"minecraft:gold_nugget":12,"minecraft:iron_pickaxe":1,"vanillaplustools:iron_hammer":1,"minecraft:string":6,"minecraft:dandelion":2,"minecraft:bone":1,"minecraft:white_tulip":1,"minecraft:raw_copper":192,"minecraft:raw_iron":63,"minecraft:oak_planks":13,"minecraft:iron_boots":1,"minecraft:azure_bluet":1,"minecraft:filled_map":1,"minecraft:leather_chestplate":1,"minecraft:iron_chestplate":1},"minecraft:crafted":{"minecraft:wooden_sword":1,"minecraft:smooth_stone":3,"minecraft:oak_planks":8,"minecraft:furnace":5,"minecraft:blast_furnace":1,"minecraft:stone":20,"minecraft:iron_boots":1,"twilightforest:twilight_oak_planks":36,"minecraft:chest":1,"twilightforest:canopy_planks":4,"minecraft:coal_block":10,"minecraft:crafting_table":1,"minecraft:copper_ingot":3,"minecraft:birch_planks":24,"minecraft:air":0,"minecraft:iron_chestplate":1,"minecraft:diamond_pickaxe":1,"minecraft:stick":12,"minecraft:iron_ingot":487,"minecraft:iron_pickaxe":3,"minecraft:iron_leggings":1,"minecraft:torch":4},"minecraft:mined":{"minecraft:diamond_ore":1,"minecraft:white_bed":2,"iceandfire:silver_ore":9,"minecraft:mossy_cobblestone":1,"gravestone:gravestone":5,"minecraft:granite":4,"minecraft:allium":1,"minecraft:grass_block":16,"minecraft:rooted_dirt":2,"minecraft:spawner":1,"regions_unexplored:birch_branch":2,"minecraft:redstone_ore":8,"minecraft:glowstone":8,"minecraft:iron_ore":17,"minecraft:andesite":14,"minecraft:deepslate_lapis_ore":1,"minecraft:peony":2,"regions_unexplored:medium_grass":2,"minecraft:stone":1246,"minecraft:blue_orchid":1,"minecraft:glass_pane":3,"minecraft:dandelion":1,"minecraft:crafting_table":1,"minecraft:torch":1,"minecraft:oak_wood":2,"minecraft:poppy":2,"twilightforest:twilight_oak_log":5,"minecraft:rose_bush":2,"minecraft:tall_grass":4,"minecraft:copper_ore":25,"minecraft:cobblestone":20,"minecraft:oak_planks":2,"minecraft:diorite":2,"minecraft:wall_torch":2,"minecraft:dark_oak_wall_sign":2,"minecraft:birch_log":7,"minecraft:grass":10,"regions_unexplored:oak_shrub":1,"minecraft:coal_ore":16,"minecraft:dirt":44,"twilightforest:canopy_log":2,"minecraft:gold_ore":1,"minecraft:oak_leaves":3,"minecraft:deepslate":47,"minecraft:fern":1},"minecraft:picked_up":{"minecraft:crafting_table":1,"minecraft:allium":1,"minecraft:azure_bluet":1,"minecraft:ladder":4,"minecraft:enchanted_book":2,"minecraft:chain":1,"gravestone:obituary":4,"iceandfire:manuscript":9,"minecraft:string":9,"minecraft:raw_copper":909,"minecraft:blue_orchid":1,"iceandfire:graveyard_soil":6,"minecraft:gold_nugget":19,"minecraft:cobbled_deepslate":44,"minecraft:bucket":2,"minecraft:white_tulip":1,"minecraft:rose_bush":2,"minecraft:poppy":7,"minecraft:chest":1,"farmersdelight:cabbage_seeds":3,"minecraft:stick":10,"minecraft:raw_iron":171,"minecraft:torch":18,"minecraft:diorite":2,"minecraft:redstone":247,"regions_unexplored:purple_coneflower":8,"minecraft:arrow":4,"minecraft:rotten_flesh":2,"minecraft:beetroot_seeds":3,"minecraft:jungle_stairs":1,"minecraft:saddle":1,"minecraft:gold_ingot":1,"evilcraft:condensed_blood":30,"minecraft:cobblestone":4145,"minecraft:birch_log":6,"minecraft:cooked_beef":3,"twilightforest:twilight_oak_log":6,"minecraft:andesite":14,"minecraft:filled_map":1,"paraglider:spirit_orb":2,"evilcraft:flesh_humanoid":1,"iceandfire:ectoplasm":2,"minecraft:gunpowder":6,"vanillaplustools:iron_hammer":1,"minecraft:dirt":50,"twilightforest:twilight_oak_planks":2,"minecraft:glass":1,"minecraft:bone":21,"uniquedungeons:crystal_arrow_item":1,"minecraft:apple":1,"minecraft:wheat_seeds":29,"minecraft:raw_gold":8,"minecraft:cooked_chicken":5,"minecraft:iron_ingot":3,"minecraft:dark_oak_sign":2,"minecraft:cobweb":6,"minecraft:mossy_stone_bricks":16,"minecraft:glowstone_dust":27,"minecraft:oak_planks":28,"minecraft:cooked_porkchop":2,"minecraft:dandelion":2,"twilightforest:canopy_slab":2,"twilightforest:canopy_log":2,"minecraft:red_banner":3,"minecraft:white_bed":2,"minecraft:jungle_slab":2,"minecraft:mossy_cobblestone":1,"minecraft:oak_wood":2,"twilightforest:canopy_planks":6,"minecraft:diamond":5,"vanillaplustools:stone_hammer":2,"minecraft:granite":4,"minecraft:bone_meal":1,"minecraft:golden_horse_armor":1,"minecraft:rooted_dirt":2,"minecraft:coal":958,"iceandfire:raw_silver":10}},"DataVersion":3465}