{"stats":{"minecraft:killed_by":{"minecraft:player":1},"minecraft:used":{"minecraft:rose_bush":2,"minecraft:poppy":2,"minecraft:dark_oak_sign":2,"minecraft:oak_planks":10,"minecraft:leather_chestplate":1,"minecraft:iron_sword":3,"minecraft:torch":11,"farmersdelight:onion":3,"minecraft:dirt":3,"minecraft:crafting_table":1,"minecraft:allium":1,"minecraft:white_bed":2,"minecraft:apple":12,"minecraft:blue_orchid":1,"minecraft:bread":4,"regions_unexplored:purple_coneflower":8,"minecraft:iron_pickaxe":149,"minecraft:cobblestone":13,"minecraft:red_banner":3,"minecraft:andesite":5,"minecraft:cooked_beef":3,"minecraft:potato":14,"minecraft:dandelion":1,"minecraft:splash_potion":1},"minecraft:custom":{"minecraft:interact_with_furnace":2,"minecraft:interact_with_crafting_table":7,"minecraft:open_barrel":6,"minecraft:bell_ring":2,"minecraft:eat_cake_slice":2,"minecraft:time_since_death":1170,"minecraft:sleep_in_bed":5,"minecraft:climb_one_cm":4861,"minecraft:time_since_rest":1213,"minecraft:sprint_one_cm":166404,"minecraft:damage_taken":3430,"minecraft:walk_one_cm":115542,"minecraft:drop":22,"minecraft:damage_dealt":298,"minecraft:swim_one_cm":2629,"minecraft:fly_one_cm":459872,"minecraft:open_chest":25,"minecraft:crouch_one_cm":17787,"minecraft:play_time":59754,"minecraft:deaths":6,"minecraft:sneak_time":4899,"minecraft:walk_under_water_one_cm":740,"minecraft:jump":1871,"minecraft:interact_with_blast_furnace":2,"minecraft:walk_on_water_one_cm":8931,"minecraft:total_world_time":59754,"minecraft:fall_one_cm":71653},"minecraft:dropped":{"minecraft:white_tulip":1,"minecraft:wheat_seeds":2,"minecraft:diamond":1,"minecraft:azure_bluet":1,"minecraft:leather_chestplate":1,"minecraft:torch":1,"minecraft:gold_nugget":12,"gravestone:obituary":9,"minecraft:iron_pickaxe":1,"minecraft:string":6,"minecraft:bone":1,"minecraft:dandelion":2},"minecraft:crafted":{"minecraft:wooden_sword":1,"minecraft:oak_planks":8,"minecraft:crafting_table":1,"minecraft:birch_planks":24,"minecraft:iron_boots":1,"minecraft:iron_chestplate":1,"minecraft:diamond_pickaxe":1,"twilightforest:twilight_oak_planks":16,"minecraft:stick":4,"minecraft:iron_pickaxe":1,"minecraft:iron_leggings":1,"minecraft:torch":4},"minecraft:mined":{"minecraft:white_bed":2,"minecraft:glass_pane":3,"iceandfire:silver_ore":9,"minecraft:mossy_cobblestone":1,"minecraft:dandelion":1,"minecraft:crafting_table":1,"gravestone:gravestone":3,"minecraft:allium":1,"minecraft:oak_wood":2,"minecraft:grass_block":7,"twilightforest:twilight_oak_log":5,"minecraft:poppy":2,"minecraft:rose_bush":2,"minecraft:copper_ore":1,"minecraft:cobblestone":5,"minecraft:tall_grass":4,"minecraft:oak_planks":2,"minecraft:diorite":2,"minecraft:wall_torch":1,"minecraft:spawner":1,"regions_unexplored:birch_branch":2,"minecraft:dark_oak_wall_sign":2,"minecraft:iron_ore":4,"minecraft:birch_log":7,"minecraft:andesite":14,"minecraft:deepslate_lapis_ore":1,"minecraft:peony":2,"minecraft:grass":6,"regions_unexplored:oak_shrub":1,"minecraft:coal_ore":2,"minecraft:dirt":10,"regions_unexplored:medium_grass":2,"minecraft:blue_orchid":1,"minecraft:stone":61,"minecraft:deepslate":47,"minecraft:oak_leaves":3,"minecraft:fern":1},"minecraft:picked_up":{"minecraft:birch_log":6,"minecraft:crafting_table":1,"minecraft:allium":1,"minecraft:azure_bluet":1,"minecraft:cooked_beef":3,"twilightforest:twilight_oak_log":4,"minecraft:andesite":14,"minecraft:enchanted_book":2,"paraglider:spirit_orb":2,"gravestone:obituary":3,"minecraft:chain":1,"iceandfire:ectoplasm":2,"minecraft:gunpowder":6,"iceandfire:manuscript":9,"minecraft:string":6,"minecraft:dirt":7,"minecraft:raw_copper":30,"minecraft:blue_orchid":1,"minecraft:bone":19,"uniquedungeons:crystal_arrow_item":1,"minecraft:apple":1,"iceandfire:graveyard_soil":6,"minecraft:wheat_seeds":4,"minecraft:gold_nugget":18,"minecraft:cobbled_deepslate":44,"minecraft:white_tulip":1,"minecraft:bucket":1,"minecraft:iron_ingot":3,"minecraft:cobweb":6,"minecraft:dark_oak_sign":2,"minecraft:rose_bush":2,"minecraft:poppy":4,"minecraft:oak_planks":2,"farmersdelight:cabbage_seeds":3,"minecraft:stick":7,"minecraft:raw_iron":19,"minecraft:torch":15,"minecraft:dandelion":2,"minecraft:red_banner":3,"minecraft:diorite":2,"minecraft:white_bed":2,"minecraft:redstone":3,"minecraft:mossy_cobblestone":1,"regions_unexplored:purple_coneflower":8,"minecraft:oak_wood":2,"minecraft:arrow":2,"minecraft:beetroot_seeds":3,"minecraft:golden_horse_armor":1,"minecraft:saddle":1,"minecraft:gold_ingot":1,"evilcraft:condensed_blood":30,"minecraft:coal":66,"iceandfire:raw_silver":10,"minecraft:cobblestone":62}},"DataVersion":3465}