{"stats":{"minecraft:custom":{"minecraft:time_since_rest":64515,"minecraft:sprint_one_cm":19820,"minecraft:damage_taken":30,"minecraft:walk_one_cm":76816,"minecraft:drop":36,"minecraft:fly_one_cm":108527,"minecraft:crouch_one_cm":5423,"minecraft:play_time":64515,"minecraft:sneak_time":1256,"minecraft:jump":328,"minecraft:leave_game":1,"minecraft:time_since_death":64515,"minecraft:total_world_time":64515,"minecraft:fall_one_cm":1465},"minecraft:picked_up":{"minecraft:brown_mushroom":1,"minecraft:wooden_pickaxe":1,"evilcraft:flesh_humanoid":1,"minecraft:spruce_sapling":2,"minecraft:dirt":12,"alexsmobs:animal_dictionary":1,"minecraft:diamond_chestplate":1,"bossominium:the_bossdexium":1,"minecraft:spruce_planks":209,"weaponmaster:tutorialbook":1},"minecraft:mined":{"minecraft:podzol":2,"minecraft:brown_mushroom":1,"minecraft:grass":1,"minecraft:dirt":3,"minecraft:spruce_leaves":3,"minecraft:fern":1},"minecraft:used":{"minecraft:spruce_sapling":1,"minecraft:dirt":104,"minecraft:coarse_dirt":244},"minecraft:dropped":{"simplyswords:stormbringer":1,"simplyswords:whisperwind":1,"minecraft:diamond_sword":2,"simplyswords:shadowsting":1,"minecraft:dirt":3,"minecraft:brown_mushroom":1,"minecraft:diamond_chestplate":4,"simplyswords:harbinger":2,"aether:diamond_gloves":2,"simplyswords:awakened_lichblade":2,"simplyswords:tainted_relic":3,"minecraft:diamond_leggings":3,"minecraft:diamond_helmet":3,"minecraft:diamond_boots":3,"minecraft:enchanted_golden_apple":257,"simplyswords:righteous_relic":1,"twilightforest:giant_pickaxe":1}},"DataVersion":3465}