{"stats":{"minecraft:used":{"minecraft:apple":5,"minecraft:bread":4,"regions_unexplored:purple_coneflower":8,"minecraft:iron_pickaxe":6,"minecraft:oak_planks":8,"minecraft:leather_chestplate":1,"farmersdelight:onion":3,"minecraft:dirt":2,"minecraft:crafting_table":1,"minecraft:red_banner":3,"minecraft:white_bed":1,"minecraft:potato":14,"minecraft:splash_potion":1},"minecraft:custom":{"minecraft:time_since_rest":10417,"minecraft:sprint_one_cm":92739,"minecraft:damage_taken":1098,"minecraft:walk_one_cm":50303,"minecraft:drop":5,"minecraft:damage_dealt":250,"minecraft:interact_with_crafting_table":1,"minecraft:swim_one_cm":2629,"minecraft:fly_one_cm":316087,"minecraft:open_barrel":6,"minecraft:open_chest":15,"minecraft:crouch_one_cm":9938,"minecraft:play_time":23754,"minecraft:deaths":2,"minecraft:sneak_time":1402,"minecraft:bell_ring":2,"minecraft:walk_under_water_one_cm":449,"minecraft:jump":1024,"minecraft:eat_cake_slice":2,"minecraft:sleep_in_bed":2,"minecraft:time_since_death":10400,"minecraft:walk_on_water_one_cm":2284,"minecraft:total_world_time":23754,"minecraft:climb_one_cm":1220,"minecraft:fall_one_cm":48702},"minecraft:dropped":{"gravestone:obituary":2,"minecraft:string":6,"minecraft:dandelion":2},"minecraft:crafted":{"minecraft:oak_planks":8,"minecraft:crafting_table":1,"minecraft:birch_planks":24},"minecraft:mined":{"regions_unexplored:birch_branch":2,"minecraft:white_bed":2,"minecraft:glass_pane":3,"iceandfire:silver_ore":4,"minecraft:birch_log":7,"minecraft:crafting_table":1,"gravestone:gravestone":2,"regions_unexplored:oak_shrub":1,"minecraft:grass":4,"minecraft:oak_wood":2,"minecraft:grass_block":2,"minecraft:tall_grass":4,"regions_unexplored:medium_grass":1,"minecraft:oak_leaves":3,"minecraft:fern":1,"minecraft:spawner":1},"minecraft:picked_up":{"minecraft:birch_log":6,"minecraft:stick":7,"minecraft:crafting_table":1,"minecraft:dandelion":1,"paraglider:spirit_orb":2,"minecraft:enchanted_book":2,"iceandfire:ectoplasm":2,"minecraft:chain":1,"minecraft:red_banner":3,"minecraft:white_bed":2,"minecraft:gunpowder":6,"minecraft:redstone":3,"minecraft:dirt":2,"iceandfire:manuscript":9,"minecraft:string":6,"regions_unexplored:purple_coneflower":8,"minecraft:oak_wood":2,"minecraft:apple":1,"minecraft:bone":18,"uniquedungeons:crystal_arrow_item":1,"iceandfire:graveyard_soil":6,"minecraft:beetroot_seeds":3,"minecraft:wheat_seeds":1,"minecraft:gold_nugget":6,"minecraft:bucket":1,"minecraft:cobweb":6,"minecraft:gold_ingot":1,"minecraft:saddle":1,"minecraft:golden_horse_armor":1,"minecraft:poppy":1,"evilcraft:condensed_blood":30,"minecraft:coal":3,"farmersdelight:cabbage_seeds":3,"iceandfire:raw_silver":4}},"DataVersion":3465}