{"stats":{"minecraft:killed_by":{"minecraft:player":3,"weaponmaster:ability_skeleton_grenade_skeletons":1,"minecraft:skeleton":1},"minecraft:used":{"minecraft:moss_carpet":1,"minecraft:poppy":3,"minecraft:ladder":3,"minecraft:chest":2,"minecraft:stone":17,"minecraft:iron_sword":30,"minecraft:rotten_flesh":2,"minecraft:iron_chestplate":1,"minecraft:carrot":9,"minecraft:allium":1,"born_in_chaos_v1:corpse_maggot":1,"minecraft:glass":1,"minecraft:lantern":1,"minecraft:blue_orchid":1,"minecraft:furnace":13,"minecraft:potato":14,"simplyswords:soulpyre":8,"minecraft:dark_oak_sign":3,"minecraft:stone_pickaxe":38,"minecraft:oak_planks":10,"minecraft:leather_chestplate":1,"minecraft:white_wool":1,"minecraft:blast_furnace":10,"cardinal_sins:malevolichite_ore":7,"minecraft:bread":4,"minecraft:string":1,"minecraft:gravel":1,"immersive_aircraft:gyrodyne":8,"minecraft:andesite":5,"minecraft:rose_bush":2,"minecraft:enchanting_table":1,"minecraft:stone_sword":11,"twilightforest:torchberries":1,"evilcraft:vengeance_pickaxe":20,"vanillaplustools:stone_hammer":156,"minecraft:cooked_chicken":5,"minecraft:torch":17,"minecraft:dirt":38,"minecraft:spyglass":16,"minecraft:iron_axe":60,"minecraft:rooted_dirt":10,"regions_unexplored:purple_coneflower":8,"minecraft:cooked_beef":59,"valhelsia_furniture:spruce_table":2,"farmersdelight:onion":3,"minecraft:rail":2,"minecraft:crafting_table":1,"minecraft:white_bed":3,"minecraft:oak_log":28,"minecraft:diamond_pickaxe":17,"minecraft:cornflower":1,"minecraft:apple":12,"minecraft:iron_pickaxe":439,"cardinal_sins:greatsword":35,"minecraft:cobblestone":454,"vanillaplustools:iron_hammer":8,"minecraft:cooked_porkchop":2,"minecraft:porkchop":1,"minecraft:red_banner":3,"minecraft:stripped_oak_log":1,"minecraft:dandelion":1,"minecraft:splash_potion":1},"minecraft:custom":{"minecraft:interact_with_crafting_table":79,"minecraft:open_barrel":35,"minecraft:bell_ring":2,"minecraft:eat_cake_slice":2,"minecraft:leave_game":21,"minecraft:time_since_death":8584,"minecraft:sprint_one_cm":583379,"minecraft:drop":249,"minecraft:play_time":319983,"minecraft:deaths":12,"minecraft:jump":7174,"minecraft:walk_on_water_one_cm":34858,"minecraft:interact_with_furnace":239,"twilightforest:uncrafting_table_interactions":4,"minecraft:sleep_in_bed":13,"minecraft:waystone_activated":1,"minecraft:damage_dealt":4667,"minecraft:player_kills":1,"minecraft:crouch_one_cm":84736,"minecraft:interact_with_smithing_table":1,"minecraft:mob_kills":15,"minecraft:damage_dealt_resisted":135,"minecraft:climb_one_cm":15987,"minecraft:walk_one_cm":653113,"minecraft:sneak_time":21900,"minecraft:walk_under_water_one_cm":50042,"minecraft:interact_with_blast_furnace":218,"minecraft:total_world_time":319983,"minecraft:time_since_rest":8622,"minecraft:damage_taken":11862,"minecraft:swim_one_cm":15777,"minecraft:fly_one_cm":2731103,"minecraft:open_chest":189,"minecraft:fall_one_cm":200508},"minecraft:dropped":{"minecraft:ender_pearl":1,"minecraft:diamond":1,"iceandfire:frozen_dirt":14,"valhelsia_structures:doused_torch":1,"cardinal_sins:scythe":2,"minecraft:dirt":1,"immersive_aircraft:gyrodyne":1,"gravestone:obituary":17,"minecraft:gold_nugget":15,"minecraft:amethyst_shard":2,"minecraft:phantom_membrane":1,"minecraft:iron_pickaxe":2,"vanillaplustools:iron_hammer":1,"minecraft:bone":1,"minecraft:white_tulip":1,"epicsamurai:green_samurai_chestplate":1,"minecraft:obsidian":9,"minecraft:rotten_flesh":25,"minecraft:oak_planks":13,"minecraft:azure_bluet":1,"minecraft:white_bed":1,"iceandfire:frozen_grass":2,"weaponmaster:weaponkit":1,"minecraft:leather_chestplate":1,"minecraft:leather_leggings":1,"minecraft:wheat_seeds":14,"immersive_aircraft:enhanced_propeller":1,"minecraft:iron_helmet":1,"minecraft:cobblestone":220,"iceandfire:frozen_gravel":9,"minecraft:copper_ingot":19,"minecraft:coal":1,"minecraft:torch":1,"minecraft:iron_leggings":1,"epicsamurai:green_samurai_helmet_master":1,"minecraft:string":8,"minecraft:dandelion":2,"minecraft:blaze_rod":3,"minecraft:raw_copper":192,"minecraft:raw_iron":63,"minecraft:iron_boots":1,"minecraft:filled_map":1,"minecraft:cobblestone_slab":3,"minecraft:iron_chestplate":1,"minecraft:raw_gold":6},"minecraft:killed":{"twilightforest:boar":2,"dungeonsweaponry:enchanter":1,"minecraft:skeleton":1,"minecraft:zombie":2,"born_in_chaos_v1:corpse_fly":1,"minecraft:blaze":1,"cardinal_sins:linneausofsloth":1,"undead_revamp2:bomber":1,"born_in_chaos_v1:maggot":1,"undead_revamp2:thehorrors":1,"undead_revamp2:the_moonflower":2,"minecraft:enderman":1},"minecraft:crafted":{"immersive_aircraft:engine":2,"minecraft:oak_planks":8,"minecraft:smooth_stone":3,"minecraft:blaze_powder":6,"cardinal_sins:soulweaver_orb":1,"minecraft:stone":20,"minecraft:iron_boots":2,"immersive_aircraft:hull":2,"minecraft:chest":2,"weaponmaster:weaponkit":2,"minecraft:ender_eye":1,"sophisticatedbackpacks:backpack":1,"minecraft:crafting_table":1,"minecraft:iron_helmet":1,"minecraft:copper_ingot":37,"minecraft:birch_planks":24,"immersive_aircraft:propeller":2,"cardinal_sins:scythe":2,"minecraft:iron_chestplate":2,"minecraft:diamond_pickaxe":1,"sophisticatedbackpacks:diamond_backpack":1,"minecraft:stick":16,"minecraft:iron_pickaxe":4,"minecraft:iron_ingot":586,"minecraft:gold_ingot":5,"minecraft:wooden_sword":1,"vanillaplustools:stone_hammer":1,"immersive_aircraft:sail":2,"minecraft:furnace":7,"minecraft:blast_furnace":1,"minecraft:white_carpet":12,"twilightforest:twilight_oak_planks":36,"twilightforest:canopy_planks":4,"sophisticatedbackpacks:iron_backpack":1,"minecraft:coal_block":10,"immersive_aircraft:enhanced_propeller":1,"immersive_aircraft:boiler":2,"minecraft:enchanting_table":1,"cardinal_sins:greatsword":1,"minecraft:iron_sword":1,"minecraft:stripped_oak_wood":21,"sophisticatedbackpacks:gold_backpack":1,"minecraft:air":0,"immersive_aircraft:gyrodyne":1,"minecraft:iron_leggings":2,"minecraft:torch":4},"minecraft:mined":{"minecraft:white_bed":3,"minecraft:obsidian":9,"regions_unexplored:red_maple_shrub":1,"minecraft:cave_vines_plant":1,"minecraft:granite":51,"minecraft:grass_block":17,"minecraft:spawner":2,"regions_unexplored:birch_branch":2,"regions_unexplored:stone_bud":4,"minecraft:glowstone":8,"minecraft:iron_ore":31,"minecraft:deepslate_lapis_ore":1,"minecraft:brown_bed":1,"epicsamurai:deepslate_silver_ore":2,"minecraft:blue_orchid":1,"minecraft:tripwire":1,"minecraft:deepslate_redstone_ore":2,"minecraft:torch":3,"minecraft:blast_furnace":9,"minecraft:poppy":2,"twilightforest:twilight_oak_log":5,"iceandfire:frozen_dirt":18,"minecraft:cobblestone":34,"minecraft:oak_planks":2,"minecraft:wall_torch":2,"minecraft:birch_log":7,"evilcraft:dark_ore_deepslate":3,"minecraft:grass":12,"regions_unexplored:oak_shrub":1,"minecraft:dirt":51,"twilightforest:canopy_log":2,"minecraft:oak_leaves":3,"minecraft:deepslate":256,"minecraft:diamond_ore":1,"minecraft:tuff":1,"iceandfire:silver_ore":13,"minecraft:mossy_cobblestone":1,"gravestone:gravestone":6,"minecraft:allium":1,"iceandfire:frozen_grass":4,"minecraft:rooted_dirt":2,"minecraft:redstone_ore":8,"minecraft:furnace":13,"twilightforest:canopy_planks":1,"minecraft:andesite":19,"evilcraft:dark_ore":1,"minecraft:peony":2,"minecraft:deepslate_iron_ore":3,"minecraft:cobblestone_slab":2,"minecraft:lantern":1,"minecraft:stripped_oak_log":29,"regions_unexplored:medium_grass":2,"minecraft:stone":2567,"epicsamurai:jade_ore":2,"minecraft:glass_pane":3,"minecraft:dandelion":1,"iceandfire:frozen_gravel":11,"minecraft:crafting_table":1,"minecraft:cornflower":1,"minecraft:oak_wood":2,"minecraft:rose_bush":2,"minecraft:tall_grass":5,"minecraft:copper_ore":25,"minecraft:deepslate_gold_ore":2,"minecraft:diorite":13,"minecraft:big_dripleaf":1,"minecraft:dark_oak_wall_sign":2,"minecraft:coal_ore":22,"minecraft:stone_bricks":1,"minecraft:gold_ore":1,"minecraft:fern":1},"minecraft:picked_up":{"minecraft:music_disc_strad":1,"minecraft:iron_chestplate":1,"minecraft:enchanted_book":2,"iceandfire:manuscript":9,"minecraft:string":20,"immersive_aircraft:improved_landing_gear":2,"minecraft:raw_copper":971,"minecraft:gold_nugget":21,"minecraft:cobbled_deepslate":193,"minecraft:bucket":2,"minecraft:white_tulip":1,"minecraft:rose_bush":2,"minecraft:cobblestone_slab":3,"iceandfire:frozen_gravel":9,"farmersdelight:cabbage_seeds":3,"minecraft:furnace":9,"minecraft:stick":11,"minecraft:big_dripleaf":2,"minecraft:torch":24,"minecraft:porkchop":1,"minecraft:diorite":2,"minecraft:rotten_flesh":42,"evilcraft:condensed_blood":30,"minecraft:blaze_rod":3,"minecraft:obsidian":9,"minecraft:cobblestone":4884,"evilcraft:vengeance_pickaxe":1,"minecraft:birch_log":6,"minecraft:cooked_beef":3,"twilightforest:twilight_oak_log":6,"minecraft:andesite":35,"paraglider:spirit_orb":2,"evilcraft:flesh_humanoid":3,"undead_revamp2:huntereye":1,"minecraft:dirt":61,"minecraft:lantern":1,"minecraft:glass":1,"minecraft:bone":25,"minecraft:wheat_seeds":29,"minecraft:raw_gold":15,"minecraft:dark_oak_sign":3,"minecraft:mossy_stone_bricks":16,"minecraft:glowstone_dust":27,"minecraft:oak_planks":29,"epicsamurai:raw_silver":4,"minecraft:cooked_porkchop":2,"valhelsia_furniture:spruce_table":2,"twilightforest:canopy_slab":2,"immersive_aircraft:gyroscope":2,"twilightforest:canopy_log":2,"minecraft:jungle_slab":2,"iceandfire:frozen_dirt":15,"minecraft:mossy_cobblestone":1,"twilightforest:canopy_planks":7,"minecraft:diamond":5,"minecraft:granite":41,"minecraft:bone_meal":1,"minecraft:golden_apple":1,"minecraft:golden_horse_armor":1,"minecraft:rooted_dirt":2,"twilightforest:torchberries":1,"iceandfire:raw_silver":14,"epicsamurai:green_samurai_chestplate":1,"minecraft:allium":1,"minecraft:crafting_table":1,"minecraft:azure_bluet":1,"minecraft:ladder":4,"minecraft:leather_leggings":1,"epicsamurai:green_samurai_helmet_master":1,"gravestone:obituary":9,"minecraft:chain":1,"minecraft:cornflower":1,"iceandfire:frozen_grass":3,"minecraft:moss_carpet":1,"epicsamurai:jade":2,"minecraft:blue_orchid":1,"iceandfire:graveyard_soil":6,"valhelsia_structures:doused_torch":1,"minecraft:poppy":7,"minecraft:chest":1,"minecraft:phantom_membrane":1,"minecraft:raw_iron":188,"cardinal_sins:essenceofsloth":2,"minecraft:redstone":255,"regions_unexplored:purple_coneflower":8,"minecraft:arrow":4,"minecraft:beetroot_seeds":3,"minecraft:jungle_stairs":1,"minecraft:saddle":1,"minecraft:gold_ingot":4,"minecraft:white_wool":1,"minecraft:rail":2,"minecraft:stripped_oak_log":29,"born_in_chaos_v1:corpse_maggot":6,"minecraft:leather":4,"minecraft:filled_map":1,"iceandfire:ectoplasm":2,"minecraft:gunpowder":6,"immersive_aircraft:gyrodyne":7,"vanillaplustools:iron_hammer":1,"twilightforest:twilight_oak_planks":6,"uniquedungeons:crystal_arrow_item":1,"minecraft:apple":1,"minecraft:stone_bricks":1,"minecraft:iron_ingot":3,"minecraft:cooked_chicken":5,"minecraft:cobweb":6,"minecraft:dandelion":2,"minecraft:spyglass":1,"minecraft:gravel":1,"minecraft:red_banner":3,"minecraft:blast_furnace":5,"minecraft:white_bed":3,"immersive_aircraft:enhanced_propeller":2,"minecraft:oak_wood":2,"evilcraft:dark_gem":18,"vanillaplustools:stone_hammer":2,"minecraft:coal":980}},"DataVersion":3465}