{"stats":{"minecraft:used":{"minecraft:spruce_slab":1,"minecraft:dark_oak_sign":4,"minecraft:spruce_planks":1,"minecraft:chainmail_helmet":1,"vanillaplustools:stone_hammer":68,"minecraft:dirt":1,"minecraft:spruce_stairs":2,"minecraft:carrot":5,"born_in_chaos_v1:monster_flesh":1,"minecraft:lantern":1,"minecraft:melon_slice":7,"valhelsia_structures:oak_post":1,"minecraft:iron_boots":1,"minecraft:barrel":1,"minecraft:stone_bricks":1,"minecraft:tripwire_hook":1,"minecraft:cobblestone":59,"minecraft:andesite":2,"valhelsia_furniture:red_fabric_desk_lamp":1,"minecraft:light_gray_bed":1,"minecraft:chainmail_leggings":1},"minecraft:custom":{"minecraft:interact_with_furnace":4,"minecraft:leave_game":2,"minecraft:time_since_death":763,"minecraft:climb_one_cm":3824,"minecraft:time_since_rest":764,"minecraft:sprint_one_cm":65417,"minecraft:damage_taken":925,"minecraft:walk_one_cm":110955,"minecraft:damage_dealt":256,"minecraft:talked_to_villager":2,"minecraft:fly_one_cm":146500,"minecraft:open_chest":16,"minecraft:crouch_one_cm":8051,"minecraft:play_time":25616,"minecraft:deaths":1,"minecraft:sneak_time":1923,"minecraft:walk_under_water_one_cm":12185,"minecraft:jump":665,"minecraft:walk_on_water_one_cm":1863,"minecraft:total_world_time":25616,"minecraft:fall_one_cm":22692},"minecraft:mined":{"regions_unexplored:spruce_shrub":1,"minecraft:spruce_planks":1,"iceandfire:silver_ore":1,"minecraft:mossy_cobblestone":1,"farmersdelight:wild_carrots":2,"gravestone:gravestone":2,"minecraft:polished_andesite_stairs":3,"minecraft:chest":2,"minecraft:light_gray_bed":1,"minecraft:tall_grass":1,"minecraft:cobblestone":14,"minecraft:polished_andesite_slab":2,"minecraft:spruce_stairs":2,"minecraft:barrel":6,"minecraft:andesite":5,"minecraft:grass":1,"regions_unexplored:oak_shrub":1,"minecraft:coal_ore":23,"minecraft:lantern":1,"minecraft:dirt":1,"regions_unexplored:medium_grass":1,"minecraft:stone_bricks":1,"valhelsia_furniture:red_fabric_desk_lamp":1,"minecraft:polished_andesite":3,"minecraft:stone":53,"minecraft:mossy_stone_bricks":4,"minecraft:spruce_slab":1},"minecraft:picked_up":{"minecraft:iron_chestplate":1,"born_in_chaos_v1:monster_flesh":1,"minecraft:tripwire_hook":1,"minecraft:andesite":2,"minecraft:brown_mushroom":3,"minecraft:potato":3,"minecraft:dirt":1,"minecraft:string":1,"minecraft:lantern":1,"born_in_chaos_v1:monster_skin":1,"minecraft:bone":2,"valhelsia_structures:oak_post":1,"minecraft:stone_bricks":1,"minecraft:cracked_stone_bricks":1,"minecraft:wheat_seeds":32,"minecraft:spruce_planks":1,"minecraft:mossy_stone_bricks":3,"minecraft:spruce_slab":1,"minecraft:melon_slice":10,"minecraft:polished_andesite_slab":2,"minecraft:chest":2,"valhelsia_structures:green_metal_framed_glass_pane":3,"minecraft:spruce_stairs":2,"minecraft:carrot":5,"minecraft:barrel":6,"valhelsia_furniture:red_fabric_desk_lamp":1,"minecraft:pumpkin_seeds":31,"minecraft:arrow":4,"minecraft:light_gray_bed":1,"minecraft:iron_helmet":1,"minecraft:melon_seeds":8,"minecraft:coal":21,"minecraft:cobblestone":59}},"DataVersion":3465}