{"stats":{"minecraft:killed_by":{"minecraft:player":1,"minecraft:zombie":1},"minecraft:used":{"minecraft:leather_leggings":1,"undead_revamp2:bostroxset_boots":1,"minecraft:spruce_slab":1,"minecraft:dark_oak_sign":4,"minecraft:baked_potato":67,"minecraft:spruce_planks":1,"evilcraft:vengeance_pickaxe":7,"minecraft:shield":1,"minecraft:chainmail_helmet":1,"vanillaplustools:stone_hammer":68,"minecraft:torch":6,"iceandfire:frozen_dirt":21,"iceandfire:armor_silver_metal_boots":6,"minecraft:dirt":48,"ecologics:seashell":1,"minecraft:carrot":5,"minecraft:spruce_stairs":2,"minecraft:white_bed":1,"iceandfire:frozen_grass":1,"born_in_chaos_v1:monster_flesh":1,"minecraft:lantern":1,"minecraft:melon_slice":7,"valhelsia_structures:oak_post":1,"minecraft:iron_boots":5,"minecraft:tripwire_hook":1,"minecraft:barrel":2,"minecraft:stone_bricks":1,"minecraft:cobblestone":59,"cardinal_sins:scythe":74,"immersive_aircraft:gyrodyne":10,"minecraft:andesite":2,"minecraft:bucket":1,"minecraft:potato":396,"valhelsia_furniture:red_fabric_desk_lamp":1,"minecraft:light_gray_bed":1,"twilightforest:canopy_planks":51,"minecraft:chainmail_leggings":1},"minecraft:custom":{"minecraft:interact_with_furnace":5,"twilightforest:uncrafting_table_interactions":2,"minecraft:mob_kills":7,"minecraft:open_barrel":2,"minecraft:damage_dealt_resisted":154,"minecraft:leave_game":3,"minecraft:time_since_death":29913,"minecraft:sleep_in_bed":3,"minecraft:climb_one_cm":3824,"minecraft:time_since_rest":17094,"minecraft:waystone_activated":1,"minecraft:sprint_one_cm":209434,"minecraft:damage_taken":5392,"minecraft:walk_one_cm":354129,"minecraft:damage_blocked_by_shield":135,"minecraft:drop":26,"minecraft:damage_dealt":3823,"minecraft:swim_one_cm":10399,"minecraft:fly_one_cm":308245,"minecraft:talked_to_villager":2,"minecraft:play_time":104989,"minecraft:crouch_one_cm":19670,"minecraft:sneak_time":8230,"minecraft:open_chest":72,"minecraft:deaths":3,"minecraft:walk_under_water_one_cm":46986,"minecraft:jump":1977,"minecraft:walk_on_water_one_cm":17710,"minecraft:total_world_time":104989,"minecraft:fall_one_cm":47244},"minecraft:killed":{"undead_revamp2:thehunter":1,"undead_revamp2:theimmortal":1,"born_in_chaos_v1:maggot":1,"minecraft:zombie":2,"born_in_chaos_v1:corpse_fly":1,"undead_revamp2:sucker":1},"minecraft:dropped":{"minecraft:enchanted_book":1,"minecraft:compass":1,"mutantmonsters:hulk_hammer":1,"undead_revamp2:bostroxset_boots":1,"minecraft:poisonous_potato":6,"minecraft:rotten_flesh":4,"cardinal_sins:scythe":1,"minecraft:stick":2,"minecraft:dirt":29,"minecraft:leather_leggings":2,"minecraft:barrel":1,"gravestone:obituary":4,"minecraft:bucket":1},"minecraft:crafted":{"twilightforest:canopy_planks":128},"minecraft:mined":{"regions_unexplored:spruce_shrub":1,"minecraft:spruce_planks":1,"minecraft:white_bed":1,"iceandfire:silver_ore":1,"minecraft:mossy_cobblestone":1,"farmersdelight:wild_carrots":2,"iceandfire:frozen_gravel":3,"minecraft:torch":6,"gravestone:gravestone":7,"minecraft:grass_block":1,"minecraft:polished_andesite_stairs":3,"iceandfire:frozen_grass":1,"minecraft:chest":3,"minecraft:light_gray_bed":1,"iceandfire:frozen_dirt":16,"minecraft:polished_andesite_slab":2,"minecraft:tall_grass":1,"minecraft:cobblestone":14,"minecraft:spruce_stairs":2,"ecologics:seashell":1,"minecraft:barrel":7,"twilightforest:canopy_planks":7,"minecraft:andesite":5,"minecraft:grass":1,"minecraft:potatoes":508,"regions_unexplored:oak_shrub":1,"minecraft:coal_ore":23,"evilcraft:blood_stain":1,"minecraft:lantern":1,"minecraft:dirt":11,"regions_unexplored:medium_grass":1,"valhelsia_furniture:red_fabric_desk_lamp":1,"minecraft:polished_andesite":3,"minecraft:stone_bricks":1,"minecraft:stone":53,"minecraft:mossy_stone_bricks":4,"minecraft:spruce_slab":1},"minecraft:picked_up":{"evilcraft:vengeance_pickaxe":1,"born_in_chaos_v1:corpse_maggot":1,"minecraft:iron_chestplate":1,"ecologics:seashell":1,"born_in_chaos_v1:monster_flesh":1,"minecraft:tripwire_hook":1,"minecraft:andesite":2,"minecraft:leather_leggings":2,"minecraft:brown_mushroom":3,"minecraft:potato":1145,"minecraft:enchanted_book":1,"gravestone:obituary":2,"minecraft:gunpowder":1,"immersive_aircraft:gyrodyne":10,"immersive_aircraft:improved_landing_gear":8,"iceandfire:frozen_grass":1,"minecraft:dirt":41,"minecraft:string":1,"minecraft:lantern":1,"born_in_chaos_v1:monster_skin":1,"minecraft:compass":1,"minecraft:bone":3,"cardinal_sins:scythe":2,"valhelsia_structures:oak_post":1,"minecraft:stone_bricks":1,"minecraft:cracked_stone_bricks":1,"minecraft:wheat_seeds":32,"minecraft:bucket":1,"minecraft:spruce_planks":1,"minecraft:mossy_stone_bricks":3,"minecraft:spruce_slab":1,"iceandfire:frozen_gravel":7,"minecraft:melon_slice":10,"minecraft:polished_andesite_slab":2,"minecraft:chest":2,"minecraft:stick":3,"valhelsia_structures:green_metal_framed_glass_pane":3,"minecraft:copper_ingot":1,"minecraft:torch":6,"minecraft:spruce_stairs":2,"minecraft:poisonous_potato":6,"immersive_aircraft:gyroscope":8,"twilightforest:canopy_log":32,"minecraft:white_bed":1,"minecraft:carrot":5,"immersive_aircraft:enhanced_propeller":7,"iceandfire:frozen_dirt":21,"minecraft:barrel":8,"valhelsia_furniture:red_fabric_desk_lamp":1,"mutantmonsters:hulk_hammer":1,"iceandfire:armor_silver_metal_boots":1,"minecraft:pumpkin_seeds":31,"minecraft:arrow":4,"minecraft:light_gray_bed":1,"minecraft:rotten_flesh":7,"twilightforest:canopy_planks":6,"minecraft:iron_helmet":1,"minecraft:baked_potato":7,"minecraft:melon_seeds":8,"iceandfire:silver_nugget":14,"minecraft:coal":21,"minecraft:cobblestone":59}},"DataVersion":3465}