{"stats":{"minecraft:used":{"minecraft:leather_leggings":1,"minecraft:spruce_slab":1,"minecraft:dark_oak_sign":4,"minecraft:baked_potato":3,"minecraft:spruce_planks":1,"minecraft:shield":1,"minecraft:chainmail_helmet":1,"vanillaplustools:stone_hammer":68,"minecraft:dirt":27,"minecraft:spruce_stairs":2,"minecraft:carrot":5,"born_in_chaos_v1:monster_flesh":1,"minecraft:lantern":1,"minecraft:melon_slice":7,"valhelsia_structures:oak_post":1,"minecraft:iron_boots":1,"minecraft:barrel":2,"minecraft:stone_bricks":1,"minecraft:tripwire_hook":1,"minecraft:cobblestone":59,"cardinal_sins:scythe":1,"minecraft:bucket":1,"minecraft:andesite":2,"valhelsia_furniture:red_fabric_desk_lamp":1,"minecraft:light_gray_bed":1,"minecraft:chainmail_leggings":1},"minecraft:custom":{"minecraft:interact_with_furnace":4,"twilightforest:uncrafting_table_interactions":2,"minecraft:leave_game":2,"minecraft:time_since_death":8294,"minecraft:climb_one_cm":3824,"minecraft:time_since_rest":8295,"minecraft:waystone_activated":1,"minecraft:sprint_one_cm":73075,"minecraft:damage_taken":925,"minecraft:walk_one_cm":142316,"minecraft:damage_blocked_by_shield":135,"minecraft:drop":11,"minecraft:damage_dealt":325,"minecraft:talked_to_villager":2,"minecraft:fly_one_cm":158945,"minecraft:open_chest":20,"minecraft:crouch_one_cm":9937,"minecraft:play_time":33147,"minecraft:deaths":1,"minecraft:sneak_time":2457,"minecraft:walk_under_water_one_cm":15810,"minecraft:jump":794,"minecraft:walk_on_water_one_cm":2610,"minecraft:total_world_time":33147,"minecraft:fall_one_cm":24842},"minecraft:dropped":{"minecraft:enchanted_book":1,"minecraft:compass":1,"minecraft:stick":2,"minecraft:dirt":29,"minecraft:leather_leggings":2,"minecraft:barrel":1,"gravestone:obituary":2,"minecraft:bucket":1},"minecraft:mined":{"regions_unexplored:spruce_shrub":1,"minecraft:spruce_planks":1,"iceandfire:silver_ore":1,"minecraft:mossy_cobblestone":1,"farmersdelight:wild_carrots":2,"gravestone:gravestone":5,"minecraft:polished_andesite_stairs":3,"minecraft:chest":2,"minecraft:light_gray_bed":1,"minecraft:polished_andesite_slab":2,"minecraft:cobblestone":14,"minecraft:tall_grass":1,"minecraft:spruce_stairs":2,"minecraft:barrel":7,"minecraft:andesite":5,"minecraft:grass":1,"regions_unexplored:oak_shrub":1,"minecraft:coal_ore":23,"minecraft:lantern":1,"minecraft:dirt":3,"regions_unexplored:medium_grass":1,"minecraft:stone_bricks":1,"valhelsia_furniture:red_fabric_desk_lamp":1,"minecraft:polished_andesite":3,"minecraft:stone":53,"minecraft:mossy_stone_bricks":4,"minecraft:spruce_slab":1},"minecraft:picked_up":{"evilcraft:vengeance_pickaxe":1,"minecraft:iron_chestplate":1,"born_in_chaos_v1:monster_flesh":1,"minecraft:tripwire_hook":1,"minecraft:andesite":2,"minecraft:leather_leggings":2,"minecraft:brown_mushroom":3,"minecraft:potato":3,"minecraft:enchanted_book":1,"minecraft:string":1,"minecraft:dirt":30,"minecraft:lantern":1,"born_in_chaos_v1:monster_skin":1,"minecraft:compass":1,"minecraft:bone":2,"cardinal_sins:scythe":1,"valhelsia_structures:oak_post":1,"minecraft:stone_bricks":1,"minecraft:cracked_stone_bricks":1,"minecraft:wheat_seeds":32,"minecraft:bucket":1,"minecraft:spruce_planks":1,"minecraft:mossy_stone_bricks":3,"minecraft:spruce_slab":1,"minecraft:melon_slice":10,"minecraft:polished_andesite_slab":2,"minecraft:chest":2,"minecraft:stick":2,"valhelsia_structures:green_metal_framed_glass_pane":3,"minecraft:spruce_stairs":2,"minecraft:carrot":5,"minecraft:barrel":8,"valhelsia_furniture:red_fabric_desk_lamp":1,"minecraft:pumpkin_seeds":31,"minecraft:arrow":4,"minecraft:light_gray_bed":1,"minecraft:iron_helmet":1,"minecraft:melon_seeds":8,"minecraft:coal":21,"minecraft:cobblestone":59}},"DataVersion":3465}