{"stats":{"minecraft:used":{"minecraft:leather_leggings":1,"minecraft:spruce_slab":1,"minecraft:dark_oak_sign":4,"minecraft:baked_potato":17,"minecraft:spruce_planks":1,"minecraft:shield":1,"minecraft:chainmail_helmet":1,"vanillaplustools:stone_hammer":68,"minecraft:dirt":27,"minecraft:spruce_stairs":2,"minecraft:carrot":5,"minecraft:white_bed":1,"born_in_chaos_v1:monster_flesh":1,"minecraft:lantern":1,"minecraft:melon_slice":7,"valhelsia_structures:oak_post":1,"minecraft:iron_boots":1,"minecraft:barrel":2,"minecraft:stone_bricks":1,"minecraft:tripwire_hook":1,"minecraft:cobblestone":59,"cardinal_sins:scythe":18,"minecraft:bucket":1,"minecraft:andesite":2,"minecraft:potato":42,"valhelsia_furniture:red_fabric_desk_lamp":1,"minecraft:light_gray_bed":1,"minecraft:chainmail_leggings":1},"minecraft:custom":{"minecraft:interact_with_furnace":4,"twilightforest:uncrafting_table_interactions":2,"minecraft:mob_kills":3,"minecraft:open_barrel":2,"minecraft:damage_dealt_resisted":154,"minecraft:leave_game":2,"minecraft:time_since_death":20294,"minecraft:sleep_in_bed":2,"minecraft:climb_one_cm":3824,"minecraft:time_since_rest":7444,"minecraft:waystone_activated":1,"minecraft:sprint_one_cm":116898,"minecraft:damage_taken":1618,"minecraft:walk_one_cm":184075,"minecraft:damage_blocked_by_shield":135,"minecraft:drop":16,"minecraft:damage_dealt":1799,"minecraft:talked_to_villager":2,"minecraft:fly_one_cm":201911,"minecraft:open_chest":56,"minecraft:crouch_one_cm":12310,"minecraft:play_time":45147,"minecraft:deaths":1,"minecraft:sneak_time":3000,"minecraft:walk_under_water_one_cm":22556,"minecraft:jump":1033,"minecraft:walk_on_water_one_cm":4262,"minecraft:total_world_time":45147,"minecraft:fall_one_cm":28778},"minecraft:killed":{"undead_revamp2:thehunter":1,"minecraft:zombie":1,"undead_revamp2:sucker":1},"minecraft:dropped":{"minecraft:enchanted_book":1,"minecraft:compass":1,"mutantmonsters:hulk_hammer":1,"minecraft:rotten_flesh":4,"minecraft:stick":2,"minecraft:dirt":29,"minecraft:leather_leggings":2,"minecraft:barrel":1,"gravestone:obituary":2,"minecraft:bucket":1},"minecraft:mined":{"regions_unexplored:spruce_shrub":1,"minecraft:spruce_planks":1,"minecraft:white_bed":1,"iceandfire:silver_ore":1,"minecraft:mossy_cobblestone":1,"farmersdelight:wild_carrots":2,"gravestone:gravestone":5,"minecraft:polished_andesite_stairs":3,"minecraft:chest":2,"minecraft:light_gray_bed":1,"minecraft:polished_andesite_slab":2,"minecraft:cobblestone":14,"minecraft:tall_grass":1,"minecraft:spruce_stairs":2,"minecraft:barrel":7,"minecraft:andesite":5,"evilcraft:blood_stain":1,"minecraft:potatoes":42,"minecraft:grass":1,"regions_unexplored:oak_shrub":1,"minecraft:coal_ore":23,"minecraft:lantern":1,"minecraft:dirt":3,"regions_unexplored:medium_grass":1,"minecraft:stone_bricks":1,"valhelsia_furniture:red_fabric_desk_lamp":1,"minecraft:polished_andesite":3,"minecraft:stone":53,"minecraft:mossy_stone_bricks":4,"minecraft:spruce_slab":1},"minecraft:picked_up":{"evilcraft:vengeance_pickaxe":1,"minecraft:iron_chestplate":1,"born_in_chaos_v1:monster_flesh":1,"minecraft:tripwire_hook":1,"minecraft:andesite":2,"minecraft:leather_leggings":2,"minecraft:brown_mushroom":3,"minecraft:potato":75,"minecraft:enchanted_book":1,"minecraft:gunpowder":1,"minecraft:string":1,"minecraft:dirt":30,"minecraft:lantern":1,"born_in_chaos_v1:monster_skin":1,"minecraft:compass":1,"minecraft:bone":2,"cardinal_sins:scythe":1,"valhelsia_structures:oak_post":1,"minecraft:stone_bricks":1,"minecraft:cracked_stone_bricks":1,"minecraft:wheat_seeds":32,"minecraft:bucket":1,"minecraft:spruce_planks":1,"minecraft:mossy_stone_bricks":3,"minecraft:spruce_slab":1,"minecraft:melon_slice":10,"minecraft:polished_andesite_slab":2,"minecraft:chest":2,"minecraft:stick":2,"valhelsia_structures:green_metal_framed_glass_pane":3,"minecraft:spruce_stairs":2,"minecraft:white_bed":1,"minecraft:carrot":5,"mutantmonsters:hulk_hammer":1,"minecraft:barrel":8,"valhelsia_furniture:red_fabric_desk_lamp":1,"minecraft:pumpkin_seeds":31,"minecraft:arrow":4,"minecraft:light_gray_bed":1,"minecraft:rotten_flesh":4,"minecraft:iron_helmet":1,"minecraft:melon_seeds":8,"minecraft:coal":21,"minecraft:cobblestone":59}},"DataVersion":3465}