{"stats":{"minecraft:picked_up":{"minecraft:crafting_table":4,"minecraft:lilac":12,"minecraft:andesite":28,"minecraft:tuff":1,"minecraft:oak_log":12,"born_in_chaos_v1:black_argillite":2,"minecraft:lapis_lazuli":158,"minecraft:dirt":16,"minecraft:string":3,"minecraft:raw_copper":68,"minecraft:wheat_seeds":1,"minecraft:cobbled_deepslate":111,"minecraft:raw_gold":10,"minecraft:iron_ingot":9,"minecraft:melon_slice":4,"minecraft:sugar_cane":4,"epicsamurai:raw_silver":8,"minecraft:honeycomb":1,"minecraft:furnace":4,"minecraft:book":18,"minecraft:stick":8,"minecraft:raw_iron":101,"minecraft:oak_door":1,"minecraft:torch":3,"minecraft:gravel":4,"minecraft:porkchop":13,"minecraft:diorite":61,"minecraft:carrot":10,"regions_unexplored:purple_coneflower":4,"minecraft:rotten_flesh":1,"minecraft:diamond":6,"regions_unexplored:maple_sapling":3,"farmersdelight:onion":9,"evilcraft:dark_gem":9,"minecraft:hay_block":13,"minecraft:granite":40,"regions_unexplored:maple_log":10,"minecraft:oak_sapling":4,"minecraft:mutton":5,"minecraft:coal":254,"minecraft:white_wool":3,"iceandfire:raw_silver":3,"minecraft:cobblestone":305},"minecraft:broken":{"minecraft:iron_pickaxe":1},"minecraft:custom":{"minecraft:interact_with_furnace":17,"minecraft:mob_kills":13,"minecraft:interact_with_crafting_table":16,"minecraft:open_barrel":1,"minecraft:bell_ring":80,"minecraft:leave_game":3,"minecraft:time_since_death":58322,"minecraft:sleep_in_bed":2,"minecraft:climb_one_cm":4008,"minecraft:time_since_rest":25361,"minecraft:waystone_activated":1,"minecraft:sprint_one_cm":145741,"minecraft:damage_taken":998,"minecraft:walk_one_cm":212662,"minecraft:drop":17,"minecraft:damage_dealt":1534,"minecraft:swim_one_cm":13169,"minecraft:fly_one_cm":146225,"minecraft:open_chest":16,"minecraft:crouch_one_cm":2229,"minecraft:play_time":59491,"minecraft:deaths":2,"minecraft:sneak_time":659,"minecraft:walk_under_water_one_cm":8146,"minecraft:jump":1003,"minecraft:interact_with_blast_furnace":10,"minecraft:walk_on_water_one_cm":4651,"minecraft:total_world_time":59491,"minecraft:interact_with_smoker":6,"minecraft:fall_one_cm":12655},"minecraft:killed_by":{"minecraft:drowned":1},"minecraft:killed":{"minecraft:pig":6,"undead_revamp2:thehunter":1,"naturalist:snake":1,"undead_revamp2:theswarmer":1,"minecraft:sheep":3,"minecraft:drowned":1},"minecraft:used":{"minecraft:stone_pickaxe":177,"minecraft:wooden_pickaxe":11,"minecraft:iron_sword":76,"regions_unexplored:maple_planks":21,"minecraft:torch":4,"minecraft:dirt":2,"minecraft:crafting_table":6,"minecraft:wooden_axe":27,"minecraft:iron_axe":9,"minecraft:bread":9,"minecraft:iron_pickaxe":434,"minecraft:cobblestone":59,"minecraft:furnace":4},"minecraft:crafted":{"minecraft:oak_planks":48,"minecraft:cooked_porkchop":13,"minecraft:crafting_table":3,"minecraft:iron_helmet":1,"minecraft:oak_pressure_plate":1,"regions_unexplored:maple_planks":40,"minecraft:wooden_pickaxe":1,"minecraft:iron_sword":1,"minecraft:furnace":2,"minecraft:bread":15,"minecraft:cooked_mutton":5,"minecraft:air":0,"minecraft:iron_boots":1,"minecraft:iron_chestplate":1,"minecraft:iron_axe":1,"minecraft:stick":8,"minecraft:iron_ingot":100,"minecraft:iron_pickaxe":2,"minecraft:stone_pickaxe":3,"minecraft:wooden_axe":1,"minecraft:iron_leggings":1,"minecraft:torch":4,"minecraft:wheat":45},"minecraft:dropped":{"minecraft:gravel":4,"minecraft:lilac":12,"minecraft:raw_copper":4,"minecraft:tuff":1,"minecraft:rotten_flesh":1,"minecraft:cobblestone":1,"minecraft:granite":40,"minecraft:dirt":14,"born_in_chaos_v1:black_argillite":2,"minecraft:wooden_axe":1,"minecraft:andesite":28,"gravestone:obituary":2,"minecraft:wooden_pickaxe":1,"minecraft:stone_pickaxe":1},"minecraft:mined":{"minecraft:tuff":1,"minecraft:glass_pane":2,"iceandfire:silver_ore":3,"minecraft:deepslate_diamond_ore":1,"regions_unexplored:maple_log":10,"farmersdelight:wild_carrots":11,"minecraft:crafting_table":4,"minecraft:granite":40,"gravestone:gravestone":1,"minecraft:allium":1,"epicsamurai:silver_ore":2,"minecraft:grass_block":2,"minecraft:melon":1,"born_in_chaos_v1:black_argillite":2,"minecraft:copper_ore":4,"minecraft:cobblestone":2,"regions_unexplored:purple_coneflower":1,"minecraft:deepslate_gold_ore":1,"minecraft:lapis_ore":5,"minecraft:sugar_cane":2,"minecraft:wall_torch":3,"minecraft:diorite":61,"minecraft:hay_block":13,"farmersdelight:wild_onions":9,"minecraft:furnace":4,"minecraft:iron_ore":13,"minecraft:lilac":18,"minecraft:andesite":28,"evilcraft:dark_ore":2,"minecraft:deepslate_lapis_ore":3,"minecraft:grass":3,"minecraft:bookshelf":6,"minecraft:coal_ore":5,"minecraft:oak_log":13,"minecraft:deepslate_iron_ore":4,"epicsamurai:deepslate_silver_ore":6,"minecraft:gravel":4,"minecraft:dirt":14,"minecraft:cobweb":3,"regions_unexplored:medium_grass":1,"minecraft:stone":305,"minecraft:gold_ore":1,"minecraft:oak_leaves":2,"minecraft:deepslate":111}},"DataVersion":3465}