{"stats":{"minecraft:picked_up":{"minecraft:oak_door":1,"minecraft:dirt":1},"minecraft:custom":{"minecraft:time_since_rest":855,"minecraft:play_time":2012,"minecraft:sprint_one_cm":3801,"minecraft:walk_one_cm":10282,"minecraft:damage_taken":736,"minecraft:deaths":2,"minecraft:sneak_time":14,"minecraft:mob_kills":1,"minecraft:drop":2,"minecraft:jump":30,"minecraft:damage_dealt":253,"minecraft:leave_game":1,"minecraft:time_since_death":843,"minecraft:sleep_in_bed":1,"minecraft:total_world_time":2012,"minecraft:fall_one_cm":209,"minecraft:fly_one_cm":5685},"minecraft:killed_by":{"minecraft:drowned":1},"minecraft:killed":{"minecraft:drowned":1},"minecraft:used":{"minecraft:dirt":1},"minecraft:dropped":{"gravestone:obituary":2},"minecraft:mined":{"gravestone:gravestone":1,"minecraft:glass_pane":2,"minecraft:dirt":1,"regions_unexplored:purple_coneflower":1}},"DataVersion":3465}