{"stats":{"minecraft:picked_up":{"minecraft:crafting_table":4,"minecraft:brown_bed":1,"minecraft:gold_block":2,"gravestone:obituary":3,"born_in_chaos_v1:black_argillite":2,"minecraft:string":8,"minecraft:raw_copper":68,"simplyswords:runic_tablet":1,"minecraft:cobbled_deepslate":111,"minecraft:spruce_planks":120,"minecraft:beef":10,"minecraft:melon_slice":23,"minecraft:sugar_cane":4,"minecraft:iron_boots":1,"minecraft:furnace":6,"minecraft:stick":8,"minecraft:raw_iron":101,"minecraft:oak_door":1,"minecraft:torch":4,"minecraft:porkchop":14,"minecraft:diorite":61,"minecraft:carrot":10,"regions_unexplored:purple_coneflower":4,"minecraft:rotten_flesh":5,"regions_unexplored:maple_sapling":3,"farmersdelight:onion":9,"minecraft:hay_block":25,"minecraft:mutton":5,"minecraft:cobblestone":313,"minecraft:white_wool":3,"minecraft:lilac":12,"minecraft:andesite":28,"minecraft:leather":4,"minecraft:potato":64,"minecraft:tuff":1,"minecraft:oak_log":12,"minecraft:lapis_lazuli":158,"minecraft:dirt":321,"minecraft:wheat_seeds":1,"minecraft:raw_gold":10,"minecraft:iron_ingot":9,"minecraft:dark_oak_sign":2,"minecraft:bamboo":2,"minecraft:honeycomb":1,"epicsamurai:raw_silver":8,"minecraft:oak_planks":13,"minecraft:book":21,"minecraft:pumpkin":1,"minecraft:gravel":4,"minecraft:spruce_log":88,"minecraft:diamond":6,"evilcraft:dark_gem":9,"minecraft:granite":40,"regions_unexplored:maple_log":10,"minecraft:oak_sapling":4,"minecraft:coal":254,"iceandfire:raw_silver":3},"minecraft:broken":{"minecraft:iron_pickaxe":1},"minecraft:custom":{"minecraft:mob_kills":23,"minecraft:interact_with_crafting_table":36,"minecraft:open_barrel":1,"minecraft:bell_ring":80,"minecraft:damage_dealt_resisted":25,"minecraft:leave_game":3,"minecraft:time_since_death":17132,"minecraft:climb_one_cm":5627,"minecraft:sprint_one_cm":242640,"minecraft:walk_one_cm":302757,"minecraft:drop":37,"minecraft:play_time":119491,"minecraft:deaths":8,"minecraft:sneak_time":7904,"minecraft:walk_under_water_one_cm":39173,"minecraft:jump":1748,"minecraft:interact_with_blast_furnace":23,"minecraft:walk_on_water_one_cm":12259,"minecraft:enchant_item":3,"minecraft:total_world_time":119491,"minecraft:interact_with_furnace":33,"twilightforest:uncrafting_table_interactions":1,"minecraft:interact_with_grindstone":4,"minecraft:sleep_in_bed":5,"minecraft:time_since_rest":14263,"minecraft:waystone_activated":1,"minecraft:damage_taken":3448,"minecraft:damage_dealt":3057,"minecraft:swim_one_cm":26672,"minecraft:fly_one_cm":335415,"minecraft:open_chest":67,"minecraft:crouch_one_cm":39433,"minecraft:interact_with_smoker":6,"minecraft:fall_one_cm":31710,"minecraft:horse_one_cm":303804},"minecraft:killed_by":{"minecraft:drowned":1,"minecraft:zombie":2},"minecraft:killed":{"undead_revamp2:thehunter":2,"undead_revamp2:theswarmer":1,"minecraft:phantom":1,"naturalist:bass":1,"minecraft:drowned":1,"undead_revamp2:thepregnant":1,"minecraft:pig":7,"naturalist:snake":1,"undead_revamp2:the_moonflower":1,"minecraft:sheep":3,"minecraft:cow":4},"minecraft:used":{"minecraft:oak_sign":1,"minecraft:chest":2,"minecraft:iron_sword":120,"regions_unexplored:maple_planks":21,"minecraft:torch":4,"minecraft:dirt":304,"minecraft:carrot":5,"minecraft:iron_hoe":4,"minecraft:wooden_axe":27,"minecraft:bookshelf":5,"minecraft:iron_axe":127,"minecraft:bamboo":1,"minecraft:furnace":8,"minecraft:brown_bed":1,"minecraft:water_bucket":3,"minecraft:stone_pickaxe":177,"minecraft:oak_planks":1,"minecraft:wooden_pickaxe":11,"minecraft:crafting_table":6,"minecraft:diamond_pickaxe":1,"minecraft:bread":15,"minecraft:iron_pickaxe":453,"minecraft:cobblestone":88,"minecraft:grindstone":1,"minecraft:bucket":4,"minecraft:cobweb":2},"minecraft:crafted":{"minecraft:grindstone":1,"epicsamurai:gold_samurai_helmet_master":1,"minecraft:oak_planks":48,"epicsamurai:silver_ingot":8,"minecraft:cobblestone_slab":6,"minecraft:oak_sign":3,"epicsamurai:gold_samurai_chestplate_master":1,"regions_unexplored:maple_planks":40,"minecraft:oak_pressure_plate":1,"minecraft:furnace":2,"minecraft:stone":3,"minecraft:bookshelf":5,"minecraft:cooked_mutton":5,"minecraft:iron_boots":1,"minecraft:iron_axe":1,"minecraft:iron_hoe":1,"minecraft:stone_pickaxe":3,"minecraft:chest":3,"sophisticatedbackpacks:iron_backpack":1,"minecraft:wheat":225,"epicsamurai:gold_samurai_leggings_master":1,"sophisticatedbackpacks:backpack":1,"minecraft:cooked_porkchop":13,"iceandfire:silver_ingot":3,"minecraft:crafting_table":3,"minecraft:spruce_planks":256,"minecraft:wooden_pickaxe":1,"minecraft:iron_helmet":1,"minecraft:iron_sword":1,"sophisticatedbackpacks:gold_backpack":1,"minecraft:bucket":2,"minecraft:bread":75,"minecraft:air":0,"minecraft:iron_chestplate":1,"minecraft:diamond_pickaxe":1,"epicsamurai:gold_samurai_boots_master":1,"minecraft:stick":16,"minecraft:stone_slab":6,"minecraft:iron_ingot":134,"minecraft:iron_pickaxe":2,"minecraft:wooden_axe":1,"minecraft:iron_leggings":1,"minecraft:gold_ingot":28,"epicsamurai:steel_ingot":36,"minecraft:torch":4},"minecraft:dropped":{"minecraft:wheat_seeds":1,"minecraft:lilac":12,"minecraft:cobblestone":1,"minecraft:granite":40,"minecraft:stick":1,"minecraft:dirt":17,"born_in_chaos_v1:black_argillite":2,"minecraft:wooden_axe":1,"gravestone:obituary":11,"minecraft:pumpkin":1,"minecraft:gravel":4,"simplyswords:runic_tablet":1,"minecraft:raw_copper":4,"minecraft:tuff":1,"minecraft:rotten_flesh":1,"minecraft:iron_boots":1,"minecraft:spruce_planks":240,"minecraft:andesite":28,"minecraft:spruce_log":28,"minecraft:stone_pickaxe":1,"minecraft:wooden_pickaxe":1},"minecraft:mined":{"minecraft:tuff":1,"iceandfire:silver_ore":3,"minecraft:deepslate_diamond_ore":1,"regions_unexplored:maple_log":10,"farmersdelight:wild_carrots":11,"gravestone:gravestone":9,"minecraft:granite":40,"minecraft:allium":1,"minecraft:grass_block":10,"epicsamurai:silver_ore":2,"born_in_chaos_v1:black_argillite":2,"regions_unexplored:purple_coneflower":1,"minecraft:hay_block":25,"farmersdelight:wild_onions":9,"minecraft:furnace":6,"minecraft:iron_ore":13,"minecraft:andesite":28,"minecraft:potted_red_mushroom":1,"minecraft:stripped_spruce_log":1,"minecraft:pumpkin":2,"evilcraft:dark_ore":2,"minecraft:deepslate_lapis_ore":3,"minecraft:gold_block":2,"minecraft:brown_bed":1,"minecraft:bookshelf":6,"minecraft:deepslate_iron_ore":4,"epicsamurai:deepslate_silver_ore":6,"regions_unexplored:medium_grass":1,"minecraft:bamboo":1,"minecraft:stone":305,"minecraft:glass_pane":2,"minecraft:crafting_table":4,"minecraft:torch":1,"minecraft:melon":5,"minecraft:tall_grass":5,"minecraft:copper_ore":4,"minecraft:cobblestone":13,"minecraft:lapis_ore":5,"minecraft:deepslate_gold_ore":1,"minecraft:sugar_cane":2,"minecraft:diorite":61,"minecraft:wall_torch":3,"minecraft:dark_oak_slab":1,"minecraft:birch_log":6,"valhelsia_structures:metal_framed_glass_pane":1,"minecraft:lilac":18,"minecraft:spruce_log":97,"valhelsia_furniture:open_red_curtain":1,"minecraft:grass":5,"minecraft:oak_log":13,"minecraft:coal_ore":5,"minecraft:dirt":26,"minecraft:gravel":4,"minecraft:cobweb":8,"minecraft:gold_ore":1,"minecraft:oak_leaves":4,"minecraft:deepslate":111}},"DataVersion":3465}