{"stats":{"minecraft:picked_up":{"minecraft:crafting_table":4,"minecraft:andesite":28,"minecraft:tuff":1,"minecraft:oak_log":12,"born_in_chaos_v1:black_argillite":2,"minecraft:lapis_lazuli":158,"minecraft:dirt":16,"minecraft:raw_copper":66,"minecraft:wheat_seeds":1,"minecraft:cobbled_deepslate":111,"minecraft:raw_gold":10,"minecraft:iron_ingot":1,"epicsamurai:raw_silver":8,"minecraft:furnace":4,"minecraft:stick":8,"minecraft:raw_iron":101,"minecraft:oak_door":1,"minecraft:gravel":4,"minecraft:diorite":61,"regions_unexplored:purple_coneflower":4,"minecraft:diamond":6,"regions_unexplored:maple_sapling":3,"evilcraft:dark_gem":9,"minecraft:granite":40,"regions_unexplored:maple_log":10,"minecraft:oak_sapling":4,"minecraft:coal":254,"iceandfire:raw_silver":3,"minecraft:cobblestone":304},"minecraft:broken":{"minecraft:iron_pickaxe":1},"minecraft:custom":{"minecraft:interact_with_furnace":16,"minecraft:mob_kills":1,"minecraft:interact_with_crafting_table":9,"minecraft:leave_game":2,"minecraft:time_since_death":24474,"minecraft:sleep_in_bed":1,"minecraft:time_since_rest":24486,"minecraft:sprint_one_cm":15618,"minecraft:damage_taken":736,"minecraft:walk_one_cm":83030,"minecraft:drop":2,"minecraft:damage_dealt":253,"minecraft:fly_one_cm":22986,"minecraft:open_chest":3,"minecraft:crouch_one_cm":747,"minecraft:play_time":25643,"minecraft:deaths":2,"minecraft:sneak_time":234,"minecraft:jump":217,"minecraft:total_world_time":25643,"minecraft:fall_one_cm":1703},"minecraft:killed":{"minecraft:drowned":1},"minecraft:killed_by":{"minecraft:drowned":1},"minecraft:used":{"minecraft:stone_pickaxe":177,"minecraft:wooden_pickaxe":11,"regions_unexplored:maple_planks":21,"minecraft:torch":1,"minecraft:dirt":2,"minecraft:crafting_table":5,"minecraft:wooden_axe":24,"minecraft:iron_pickaxe":433,"minecraft:cobblestone":5,"minecraft:furnace":4},"minecraft:crafted":{"minecraft:oak_planks":48,"minecraft:crafting_table":3,"minecraft:wooden_pickaxe":1,"regions_unexplored:maple_planks":40,"minecraft:oak_pressure_plate":1,"minecraft:furnace":2,"minecraft:air":0,"minecraft:stick":8,"minecraft:iron_ingot":68,"minecraft:iron_pickaxe":2,"minecraft:stone_pickaxe":3,"minecraft:wooden_axe":1,"minecraft:torch":4},"minecraft:dropped":{"gravestone:obituary":2},"minecraft:mined":{"minecraft:tuff":1,"minecraft:glass_pane":2,"iceandfire:silver_ore":3,"minecraft:deepslate_diamond_ore":1,"regions_unexplored:maple_log":10,"minecraft:crafting_table":4,"minecraft:granite":40,"gravestone:gravestone":1,"epicsamurai:silver_ore":2,"minecraft:grass_block":2,"born_in_chaos_v1:black_argillite":2,"minecraft:copper_ore":4,"minecraft:cobblestone":1,"regions_unexplored:purple_coneflower":1,"minecraft:deepslate_gold_ore":1,"minecraft:lapis_ore":5,"minecraft:diorite":61,"minecraft:furnace":4,"minecraft:iron_ore":13,"minecraft:andesite":28,"evilcraft:dark_ore":2,"minecraft:deepslate_lapis_ore":3,"minecraft:oak_log":13,"minecraft:coal_ore":5,"minecraft:deepslate_iron_ore":4,"epicsamurai:deepslate_silver_ore":6,"minecraft:gravel":4,"minecraft:dirt":14,"regions_unexplored:medium_grass":1,"minecraft:stone":305,"minecraft:gold_ore":1,"minecraft:deepslate":111}},"DataVersion":3465}