{"stats":{"minecraft:used":{"minecraft:peony":9,"minecraft:water_bucket":3,"minecraft:stone_sword":21,"minecraft:baked_potato":8,"minecraft:leather_boots":1,"minecraft:iron_chestplate":1,"minecraft:crafting_table":1,"dungeonsweaponry:hammer_of_gravity":4,"minecraft:diamond_pickaxe":147,"minecraft:iron_pickaxe":30,"minecraft:iron_helmet":1,"minecraft:stone_bricks":1,"minecraft:cobblestone":30,"minecraft:andesite":3,"minecraft:bucket":2,"minecraft:iron_leggings":1,"minecraft:light_gray_bed":1},"minecraft:custom":{"minecraft:mob_kills":2,"minecraft:interact_with_crafting_table":5,"minecraft:open_barrel":17,"minecraft:interact_with_loom":2,"minecraft:interact_with_stonecutter":1,"minecraft:eat_cake_slice":3,"minecraft:leave_game":1,"minecraft:time_since_death":6695,"minecraft:sleep_in_bed":3,"minecraft:climb_one_cm":6272,"minecraft:time_since_rest":6714,"minecraft:sprint_one_cm":102443,"minecraft:damage_taken":2031,"minecraft:walk_one_cm":68657,"minecraft:trigger_trapped_chest":1,"minecraft:drop":17,"minecraft:damage_dealt":642,"minecraft:swim_one_cm":2383,"minecraft:fly_one_cm":397452,"minecraft:player_kills":1,"minecraft:open_chest":11,"minecraft:crouch_one_cm":1570,"minecraft:play_time":33780,"minecraft:deaths":3,"minecraft:sneak_time":541,"minecraft:walk_under_water_one_cm":2521,"minecraft:jump":691,"minecraft:walk_on_water_one_cm":3936,"minecraft:total_world_time":33780,"minecraft:fall_one_cm":19108},"minecraft:killed":{"twilightforest:boar":1,"minecraft:pig":1},"minecraft:dropped":{"minecraft:gravel":4,"minecraft:wheat_seeds":7,"alexsmobs:animal_dictionary":1,"weaponmaster:tutorialbook":1,"minecraft:cracked_stone_bricks":1,"bossominium:the_bossdexium":1,"minecraft:cobweb":2,"minecraft:andesite":5,"gravestone:obituary":4,"minecraft:bone":6},"minecraft:crafted":{"minecraft:crafting_table":1,"twilightforest:twilight_oak_planks":12,"minecraft:stick":4,"minecraft:stone_sword":1},"minecraft:mined":{"minecraft:diamond_ore":1,"regions_unexplored:spruce_shrub":1,"minecraft:dandelion":1,"gravestone:gravestone":2,"minecraft:granite":2,"minecraft:allium":1,"minecraft:grass_block":6,"twilightforest:twilight_oak_log":2,"minecraft:light_gray_bed":4,"minecraft:tall_grass":7,"minecraft:cobblestone":7,"minecraft:spruce_leaves":1,"minecraft:bricks":2,"twilightforest:mayapple":2,"minecraft:diorite":3,"minecraft:hay_block":1,"minecraft:iron_ore":1,"minecraft:andesite":8,"minecraft:peony":13,"minecraft:grass":39,"minecraft:vine":1,"minecraft:gravel":5,"minecraft:sand":1,"minecraft:dirt":14,"regions_unexplored:medium_grass":11,"minecraft:cracked_stone_bricks":1,"minecraft:blue_orchid":1,"minecraft:stone":121,"minecraft:stone_bricks":4,"minecraft:mossy_stone_bricks":1,"minecraft:chipped_anvil":2,"valhelsia_structures:doused_wall_torch":1,"minecraft:fern":6},"minecraft:picked_up":{"minecraft:allium":1,"twilightforest:twilight_oak_log":3,"minecraft:ladder":2,"minecraft:andesite":8,"minecraft:flint":1,"evilcraft:flesh_humanoid":1,"gravestone:obituary":2,"minecraft:dirt":24,"minecraft:chipped_anvil":2,"minecraft:blue_orchid":1,"minecraft:stone_bricks":4,"minecraft:cracked_stone_bricks":2,"minecraft:wheat_seeds":8,"minecraft:iron_ingot":3,"minecraft:oak_planks":2,"minecraft:oak_slab":3,"minecraft:raw_iron":5,"minecraft:torch":1,"minecraft:gravel":4,"minecraft:porkchop":6,"minecraft:sand":1,"minecraft:diorite":3,"minecraft:spruce_door":1,"minecraft:arrow":4,"minecraft:light_gray_bed":4,"minecraft:diamond":6,"minecraft:peony":11,"minecraft:hay_block":1,"minecraft:granite":2,"minecraft:bricks":2,"minecraft:cobblestone":143}},"DataVersion":3465}