{"stats":{"minecraft:broken":{"vanillaplustools:iron_hammer":1,"twilightforest:ore_magnet":1},"minecraft:killed_by":{"minecraft:player":1},"minecraft:used":{"minecraft:peony":9,"minecraft:ladder":3,"minecraft:poppy":2,"minecraft:oak_sign":15,"minecraft:iron_sword":55,"minecraft:iron_chestplate":2,"minecraft:carrot":7,"twilightforest:canopy_sign":13,"minecraft:lantern":2,"minecraft:iron_helmet":1,"simplyswords:iron_longsword":52,"minecraft:stone_bricks":2,"minecraft:rabbit_stew":7,"minecraft:furnace":16,"minecraft:egg":2,"minecraft:potato":5,"minecraft:mossy_stone_bricks":3,"minecraft:leather_leggings":1,"minecraft:oak_planks":115,"minecraft:blast_furnace":1,"dungeonsweaponry:hammer_of_gravity":4,"undead_revamp2:bostroxset_chestplate":1,"weaponmaster:wm_broadswordlarge":2,"minecraft:bread":33,"valhelsia_structures:doused_torch":1,"twilightforest:canopy_slab":14,"minecraft:andesite":5,"minecraft:oak_trapdoor":6,"minecraft:iron_bars":2,"minecraft:stone_sword":53,"minecraft:torch":7,"minecraft:dirt":13,"minecraft:red_tulip":1,"minecraft:iron_axe":188,"minecraft:oak_stairs":2,"evilcraft:flesh_humanoid":2,"minecraft:glowstone":9,"minecraft:cooked_beef":5,"minecraft:light_gray_bed":6,"minecraft:iron_leggings":2,"minecraft:water_bucket":17,"minecraft:birch_planks":1,"minecraft:polished_andesite":2,"minecraft:baked_potato":57,"minecraft:leather_boots":1,"minecraft:oak_slab":2,"minecraft:crafting_table":3,"minecraft:painting":1,"minecraft:diamond_pickaxe":801,"minecraft:apple":4,"minecraft:iron_pickaxe":216,"minecraft:spruce_trapdoor":16,"minecraft:cobblestone":1088,"vanillaplustools:iron_hammer":242,"minecraft:porkchop":1,"minecraft:cooked_porkchop":2,"minecraft:bucket":18,"minecraft:yellow_bed":2,"minecraft:dandelion":9},"minecraft:custom":{"minecraft:interact_with_crafting_table":40,"minecraft:open_barrel":55,"minecraft:eat_cake_slice":3,"minecraft:leave_game":8,"minecraft:time_since_death":8032,"minecraft:sprint_one_cm":686433,"minecraft:drop":201,"minecraft:talked_to_villager":2,"minecraft:play_time":236779,"minecraft:deaths":18,"minecraft:jump":4601,"minecraft:walk_on_water_one_cm":638580,"minecraft:interact_with_furnace":104,"twilightforest:uncrafting_table_interactions":21,"minecraft:interact_with_loom":2,"minecraft:sleep_in_bed":13,"minecraft:waystone_activated":1,"minecraft:damage_dealt":5932,"minecraft:player_kills":2,"minecraft:crouch_one_cm":65829,"minecraft:mob_kills":86,"minecraft:damage_dealt_resisted":657,"minecraft:climb_one_cm":19552,"minecraft:walk_one_cm":577956,"minecraft:sneak_time":14991,"minecraft:walk_under_water_one_cm":44918,"minecraft:interact_with_blast_furnace":7,"minecraft:total_world_time":236779,"minecraft:interact_with_grindstone":1,"minecraft:interact_with_stonecutter":1,"minecraft:time_since_rest":8068,"minecraft:damage_taken":14161,"minecraft:trigger_trapped_chest":3,"twilightforest:life_charms_activated":1,"minecraft:swim_one_cm":44471,"minecraft:fly_one_cm":2975820,"minecraft:open_chest":170,"minecraft:fall_one_cm":127793},"minecraft:dropped":{"minecraft:brown_mushroom":3,"minecraft:birch_planks":20,"minecraft:lapis_lazuli":66,"minecraft:cooked_beef":10,"minecraft:diamond":1,"minecraft:mossy_stone_brick_stairs":1,"iceandfire:ectoplasm":12,"minecraft:cracked_stone_bricks":3,"minecraft:mossy_cobblestone_wall":1,"paraglider:spirit_orb":1,"minecraft:dirt":2,"born_in_chaos_v1:monster_skin":1,"gravestone:obituary":24,"minecraft:gold_nugget":8,"minecraft:iron_pickaxe":1,"vanillaplustools:iron_hammer":1,"minecraft:white_wool":1,"minecraft:bone":20,"minecraft:gravel":4,"aether:skyroot_stick":4,"minecraft:polished_andesite_slab":2,"alexsmobs:animal_dictionary":2,"minecraft:wheat":2,"born_in_chaos_v1:ethereal_spirit":2,"minecraft:stripped_dark_oak_log":2,"minecraft:rotten_flesh":60,"twilightforest:charm_of_life_1":1,"minecraft:oak_planks":64,"minecraft:glowstone_dust":8,"minecraft:carrot":5,"minecraft:poppy":1,"minecraft:melon_seeds":8,"minecraft:ladder":1,"vanillaplustools:stone_hammer":1,"minecraft:painting":2,"minecraft:stone_brick_stairs":1,"minecraft:egg":3,"minecraft:bread":7,"minecraft:wheat_seeds":64,"twilightforest:transformation_planks":2,"minecraft:mossy_cobblestone":2,"weaponmaster:tutorialbook":2,"minecraft:cobblestone":3099,"minecraft:copper_ingot":9,"twilightforest:twilight_oak_sapling":1,"minecraft:spruce_stairs":4,"minecraft:chainmail_helmet":1,"minecraft:golden_apple":2,"bossominium:the_bossdexium":2,"minecraft:cobweb":2,"minecraft:torch":8,"minecraft:iron_leggings":1,"valhelsia_structures:green_metal_framed_glass_pane":3,"minecraft:redstone":24,"twilightforest:canopy_sign":9,"minecraft:raw_copper":157,"minecraft:bowl":4,"twilightforest:twilight_scepter":1,"minecraft:iron_boots":4,"minecraft:stripped_oak_log":1,"weaponmaster:wm_broadswordlarge":1,"minecraft:pumpkin_seeds":31,"undead_revamp2:bostroxset_chestplate":1,"minecraft:shield":1,"minecraft:iron_chestplate":2,"minecraft:andesite":6,"minecraft:mossy_stone_bricks":3,"minecraft:light_gray_bed":1,"minecraft:andesite_stairs":1,"minecraft:oak_sapling":8,"minecraft:stone_bricks":2,"minecraft:barrel":5},"minecraft:killed":{"twilightforest:boar":1,"born_in_chaos_v1:restless_spirit":1,"born_in_chaos_v1:zombie_lumberjack":1,"born_in_chaos_v1:door_knight_not_despawn":1,"weaponmaster:ability_skeleton_grenade_skeletons":1,"minecraft:skeleton":3,"twilightforest:lich":1,"minecraft:chicken":1,"minecraft:silverfish":1,"minecraft:pig":2,"minecraft:zombie":32,"alexsmobs:terrapin":1,"born_in_chaos_v1:corpse_fly":1,"born_in_chaos_v1:maggot":12,"minecraft:phantom":1,"twilightforest:naga":1,"twilightforest:death_tome":1,"undead_revamp2:thebidy":3,"undead_revamp2:sucker":7,"minecraft:bat":1,"twilightforest:kobold":2,"epicsamurai:komainu":1},"minecraft:crafted":{"minecraft:oak_planks":192,"minecraft:oak_sign":15,"minecraft:bookshelf":1,"vanillaplustools:iron_hammer":1,"minecraft:iron_boots":1,"twilightforest:canopy_slab":24,"minecraft:chest":1,"weaponmaster:weaponkit":1,"sophisticatedbackpacks:backpack":1,"minecraft:cooked_porkchop":3,"minecraft:crafting_table":3,"minecraft:baked_potato":4,"minecraft:iron_helmet":3,"minecraft:spruce_trapdoor":16,"minecraft:iron_chestplate":1,"minecraft:diamond_pickaxe":1,"sophisticatedbackpacks:diamond_backpack":1,"minecraft:stick":44,"minecraft:iron_pickaxe":9,"minecraft:iron_ingot":96,"minecraft:iron_block":4,"minecraft:stone_sword":1,"minecraft:gold_ingot":9,"minecraft:furnace":15,"minecraft:oak_trapdoor":6,"twilightforest:twilight_oak_planks":16,"minecraft:wheat":45,"sophisticatedbackpacks:iron_backpack":2,"sophisticatedbackpacks:gold_backpack":1,"minecraft:bucket":2,"minecraft:glowstone":9,"minecraft:bread":17,"minecraft:air":0,"twilightforest:naga_chestplate":1,"minecraft:iron_leggings":2,"minecraft:anvil":1},"minecraft:mined":{"minecraft:granite":2,"minecraft:grass_block":33,"minecraft:light_gray_bed":13,"minecraft:oak_wall_sign":1,"twilightforest:nagastone_pillar":2,"minecraft:spawner":2,"minecraft:glowstone":7,"minecraft:mossy_cobblestone_stairs":1,"minecraft:iron_ore":11,"minecraft:moss_carpet":1,"minecraft:red_tulip":1,"minecraft:oak_stairs":2,"minecraft:iron_bars":3,"minecraft:blue_orchid":1,"minecraft:torch":2,"minecraft:blast_furnace":1,"minecraft:poppy":2,"iceandfire:ghost_chest":1,"twilightforest:twilight_oak_log":3,"minecraft:cobblestone":96,"minecraft:oak_planks":64,"minecraft:bricks":2,"minecraft:wall_torch":5,"twilightforest:root":1,"minecraft:grass":113,"minecraft:oak_log":52,"minecraft:sand":1,"minecraft:dirt":57,"minecraft:oak_leaves":16,"minecraft:diamond_ore":12,"regions_unexplored:spruce_shrub":1,"minecraft:mossy_cobblestone":1,"gravestone:gravestone":21,"minecraft:ladder":1,"minecraft:allium":1,"minecraft:spruce_leaves":2,"minecraft:hay_block":6,"minecraft:redstone_ore":6,"minecraft:furnace":1,"twilightforest:canopy_planks":2,"minecraft:andesite":9,"minecraft:peony":13,"minecraft:mossy_stone_brick_stairs":1,"minecraft:vine":4,"minecraft:stripped_oak_log":1,"regions_unexplored:medium_grass":13,"twilightforest:transformation_planks":2,"minecraft:stone":2913,"minecraft:white_wool":1,"valhelsia_structures:doused_wall_torch":1,"minecraft:oak_slab":2,"twilightforest:root_strand":4,"minecraft:glass_pane":2,"minecraft:stripped_dark_oak_log":2,"minecraft:dandelion":10,"minecraft:stone_slab":1,"minecraft:tall_grass":13,"minecraft:copper_ore":2,"minecraft:lapis_ore":8,"twilightforest:mayapple":6,"minecraft:diorite":3,"minecraft:spruce_stairs":4,"minecraft:birch_planks":1,"twilightforest:canopy_wall_sign":12,"minecraft:yellow_bed":2,"minecraft:coal_ore":2,"minecraft:gravel":5,"minecraft:cobweb":23,"minecraft:cracked_stone_bricks":2,"minecraft:stone_bricks":8,"minecraft:mossy_stone_bricks":12,"minecraft:chipped_anvil":2,"minecraft:fern":8},"minecraft:picked_up":{"epicsamurai:cloth":4,"minecraft:iron_chestplate":3,"minecraft:wheat":4,"minecraft:oak_stairs":2,"minecraft:stone_brick_stairs":1,"minecraft:string":10,"minecraft:raw_copper":157,"simplyswords:diamond_twinblade":2,"minecraft:iron_leggings":3,"minecraft:oak_sign":1,"twilightforest:transformation_planks":2,"minecraft:gold_nugget":9,"minecraft:spruce_planks":64,"minecraft:written_book":1,"minecraft:iron_pickaxe":1,"minecraft:furnace":1,"minecraft:iron_boots":3,"minecraft:stick":51,"iceandfire:ghost_chest":1,"minecraft:torch":62,"minecraft:spruce_stairs":4,"minecraft:porkchop":8,"minecraft:diorite":3,"minecraft:light_gray_bed":15,"minecraft:rotten_flesh":61,"minecraft:red_tulip":1,"minecraft:iron_bars":2,"minecraft:cobblestone":4015,"minecraft:birch_log":3,"minecraft:cooked_beef":14,"minecraft:repeater":2,"twilightforest:twilight_oak_log":7,"minecraft:water_bucket":1,"minecraft:andesite":11,"paraglider:spirit_orb":6,"minecraft:flint":1,"evilcraft:flesh_humanoid":2,"minecraft:lantern":2,"minecraft:lapis_lazuli":153,"minecraft:dirt":93,"minecraft:name_tag":2,"minecraft:bone":11,"minecraft:chipped_anvil":2,"minecraft:wheat_seeds":32,"minecraft:raw_gold":9,"minecraft:mossy_stone_bricks":36,"minecraft:glowstone_dust":21,"minecraft:oak_planks":64,"minecraft:mossy_stone_brick_stairs":1,"minecraft:sand":1,"minecraft:mossy_cobblestone":2,"minecraft:polished_andesite":5,"twilightforest:twilight_scepter":1,"twilightforest:canopy_planks":3,"twilightforest:twilight_oak_sapling":1,"minecraft:diamond":52,"minecraft:granite":2,"minecraft:golden_apple":1,"minecraft:bread":29,"minecraft:oak_sapling":22,"minecraft:bricks":2,"minecraft:diamond_pickaxe":1,"minecraft:allium":1,"minecraft:ladder":6,"gravestone:obituary":12,"minecraft:shield":1,"undead_revamp2:bostroxset_chestplate":1,"minecraft:blue_orchid":1,"minecraft:cracked_stone_bricks":3,"simplyswords:iron_longsword":1,"minecraft:mossy_cobblestone_wall":1,"minecraft:andesite_stairs":1,"valhelsia_structures:doused_torch":1,"minecraft:poppy":2,"minecraft:egg":5,"minecraft:raw_iron":102,"minecraft:copper_ingot":1,"minecraft:carrot":11,"minecraft:redstone":24,"weaponmaster:wm_broadswordlarge":1,"minecraft:arrow":13,"minecraft:peony":11,"minecraft:hay_block":6,"minecraft:gold_ingot":5,"sophisticatedbackpacks:copper_backpack":2,"minecraft:white_wool":1,"minecraft:stripped_oak_log":1,"born_in_chaos_v1:corpse_maggot":5,"minecraft:birch_planks":15,"minecraft:oak_log":48,"iceandfire:ectoplasm":12,"minecraft:yellow_bed":2,"twilightforest:canopy_sign":22,"vanillaplustools:iron_hammer":1,"minecraft:paper":20,"twilightforest:twilight_oak_planks":1,"minecraft:apple":8,"minecraft:stone_bricks":8,"minecraft:iron_ingot":40,"minecraft:iron_sword":1,"twilightforest:charm_of_life_1":1,"minecraft:book":3,"minecraft:oak_slab":5,"twilightforest:nagastone_pillar":2,"born_in_chaos_v1:ethereal_spirit":4,"minecraft:dandelion":9,"minecraft:gravel":4,"minecraft:blast_furnace":1,"minecraft:spruce_door":1,"minecraft:iron_helmet":2,"minecraft:painting":19,"minecraft:baked_potato":1,"minecraft:stripped_dark_oak_log":2,"minecraft:coal":167}},"DataVersion":3465}