{"stats":{"minecraft:broken":{"vanillaplustools:iron_hammer":1},"minecraft:killed_by":{"minecraft:player":1},"minecraft:used":{"minecraft:peony":9,"minecraft:stone_sword":53,"minecraft:poppy":2,"minecraft:iron_chestplate":1,"minecraft:torch":3,"minecraft:carrot":6,"minecraft:red_tulip":1,"minecraft:iron_helmet":1,"evilcraft:flesh_humanoid":2,"minecraft:stone_bricks":1,"minecraft:furnace":16,"minecraft:egg":1,"minecraft:light_gray_bed":2,"minecraft:iron_leggings":1,"minecraft:water_bucket":10,"minecraft:baked_potato":12,"minecraft:leather_boots":1,"minecraft:crafting_table":2,"dungeonsweaponry:hammer_of_gravity":4,"minecraft:diamond_pickaxe":650,"minecraft:bread":9,"minecraft:iron_pickaxe":216,"minecraft:cobblestone":142,"vanillaplustools:iron_hammer":242,"minecraft:porkchop":1,"minecraft:cooked_porkchop":2,"minecraft:bucket":10,"minecraft:andesite":3,"minecraft:yellow_bed":2,"minecraft:dandelion":9},"minecraft:custom":{"minecraft:mob_kills":7,"minecraft:interact_with_crafting_table":18,"minecraft:open_barrel":24,"minecraft:eat_cake_slice":3,"minecraft:leave_game":2,"minecraft:time_since_death":43936,"minecraft:climb_one_cm":6518,"minecraft:sprint_one_cm":236259,"minecraft:walk_one_cm":226026,"minecraft:drop":99,"minecraft:play_time":85524,"minecraft:deaths":4,"minecraft:sneak_time":1391,"minecraft:walk_under_water_one_cm":3004,"minecraft:jump":1584,"minecraft:walk_on_water_one_cm":6272,"minecraft:total_world_time":85524,"minecraft:interact_with_furnace":84,"minecraft:interact_with_loom":2,"minecraft:interact_with_stonecutter":1,"minecraft:sleep_in_bed":6,"minecraft:time_since_rest":2469,"minecraft:damage_taken":3249,"minecraft:trigger_trapped_chest":3,"minecraft:damage_dealt":1498,"minecraft:swim_one_cm":4494,"minecraft:fly_one_cm":821984,"minecraft:player_kills":2,"minecraft:open_chest":32,"minecraft:crouch_one_cm":4522,"minecraft:fall_one_cm":35765},"minecraft:dropped":{"minecraft:wheat_seeds":28,"twilightforest:transformation_planks":2,"minecraft:mossy_cobblestone":2,"minecraft:diamond":1,"weaponmaster:tutorialbook":1,"minecraft:cobblestone":3098,"iceandfire:ectoplasm":12,"minecraft:cracked_stone_bricks":1,"bossominium:the_bossdexium":1,"minecraft:cobweb":2,"gravestone:obituary":8,"minecraft:gold_nugget":8,"vanillaplustools:iron_hammer":1,"minecraft:bone":6,"minecraft:redstone":24,"minecraft:gravel":4,"alexsmobs:animal_dictionary":1,"minecraft:raw_copper":157,"minecraft:wheat":2,"minecraft:rotten_flesh":6,"twilightforest:charm_of_life_1":1,"minecraft:iron_boots":1,"minecraft:poppy":1,"minecraft:andesite":5,"minecraft:egg":3},"minecraft:killed":{"twilightforest:boar":1,"minecraft:chicken":1,"minecraft:pig":2,"twilightforest:kobold":1,"epicsamurai:komainu":1},"minecraft:crafted":{"minecraft:furnace":15,"minecraft:bookshelf":1,"vanillaplustools:iron_hammer":1,"minecraft:iron_boots":1,"twilightforest:twilight_oak_planks":16,"minecraft:cooked_porkchop":3,"minecraft:crafting_table":2,"minecraft:iron_helmet":1,"minecraft:bucket":2,"minecraft:air":0,"minecraft:iron_chestplate":1,"minecraft:diamond_pickaxe":1,"minecraft:stick":20,"minecraft:iron_pickaxe":9,"minecraft:iron_ingot":96,"minecraft:stone_sword":1,"minecraft:iron_block":4,"minecraft:iron_leggings":1,"minecraft:anvil":1},"minecraft:mined":{"minecraft:diamond_ore":9,"regions_unexplored:spruce_shrub":1,"minecraft:mossy_cobblestone":1,"gravestone:gravestone":3,"minecraft:granite":2,"minecraft:allium":1,"minecraft:grass_block":23,"minecraft:light_gray_bed":6,"minecraft:spruce_leaves":1,"minecraft:hay_block":1,"minecraft:redstone_ore":6,"minecraft:furnace":1,"minecraft:iron_ore":9,"twilightforest:canopy_planks":2,"minecraft:andesite":8,"minecraft:peony":13,"minecraft:red_tulip":1,"minecraft:vine":2,"minecraft:iron_bars":1,"regions_unexplored:medium_grass":11,"twilightforest:transformation_planks":2,"minecraft:blue_orchid":1,"minecraft:stone":2881,"valhelsia_structures:doused_wall_torch":1,"twilightforest:root_strand":4,"minecraft:dandelion":10,"minecraft:torch":1,"minecraft:poppy":2,"iceandfire:ghost_chest":1,"twilightforest:twilight_oak_log":3,"minecraft:stone_slab":1,"minecraft:cobblestone":19,"minecraft:tall_grass":8,"minecraft:copper_ore":2,"minecraft:lapis_ore":6,"minecraft:bricks":2,"twilightforest:mayapple":6,"minecraft:diorite":3,"minecraft:wall_torch":1,"twilightforest:root":1,"minecraft:yellow_bed":2,"minecraft:grass":90,"minecraft:coal_ore":1,"minecraft:dirt":47,"minecraft:gravel":5,"minecraft:sand":1,"minecraft:cracked_stone_bricks":1,"minecraft:stone_bricks":5,"minecraft:mossy_stone_bricks":7,"minecraft:chipped_anvil":2,"minecraft:oak_leaves":1,"minecraft:fern":6},"minecraft:picked_up":{"minecraft:allium":1,"minecraft:wheat":2,"minecraft:iron_chestplate":1,"minecraft:ladder":2,"gravestone:obituary":5,"minecraft:raw_copper":157,"minecraft:iron_leggings":1,"minecraft:blue_orchid":1,"twilightforest:transformation_planks":2,"minecraft:cracked_stone_bricks":2,"minecraft:gold_nugget":8,"minecraft:poppy":2,"minecraft:egg":4,"minecraft:iron_boots":1,"minecraft:furnace":1,"minecraft:stick":14,"minecraft:raw_iron":89,"iceandfire:ghost_chest":1,"minecraft:torch":6,"minecraft:porkchop":8,"minecraft:diorite":3,"minecraft:redstone":24,"minecraft:rotten_flesh":6,"minecraft:arrow":4,"minecraft:light_gray_bed":6,"minecraft:peony":11,"minecraft:hay_block":1,"minecraft:red_tulip":1,"minecraft:gold_ingot":2,"minecraft:cobblestone":3742,"twilightforest:twilight_oak_log":7,"minecraft:repeater":2,"minecraft:andesite":8,"minecraft:flint":1,"evilcraft:flesh_humanoid":1,"iceandfire:ectoplasm":12,"minecraft:yellow_bed":2,"vanillaplustools:iron_hammer":1,"minecraft:dirt":72,"minecraft:lapis_lazuli":85,"minecraft:chipped_anvil":2,"minecraft:stone_bricks":5,"minecraft:wheat_seeds":26,"minecraft:iron_ingot":4,"minecraft:mossy_stone_bricks":30,"minecraft:oak_planks":2,"twilightforest:charm_of_life_1":1,"minecraft:oak_slab":3,"minecraft:dandelion":9,"minecraft:gravel":4,"minecraft:sand":1,"minecraft:spruce_door":1,"minecraft:mossy_cobblestone":2,"minecraft:polished_andesite":3,"twilightforest:canopy_planks":2,"minecraft:diamond":22,"minecraft:iron_helmet":1,"minecraft:granite":2,"minecraft:bread":11,"minecraft:bricks":2,"minecraft:coal":81}},"DataVersion":3465}