{"stats":{"minecraft:broken":{"vanillaplustools:iron_hammer":1},"minecraft:killed_by":{"minecraft:player":1},"minecraft:used":{"minecraft:peony":9,"minecraft:stone_sword":53,"minecraft:poppy":2,"minecraft:iron_sword":40,"minecraft:iron_chestplate":1,"minecraft:torch":3,"minecraft:carrot":6,"minecraft:red_tulip":1,"minecraft:iron_axe":12,"minecraft:oak_stairs":2,"minecraft:iron_helmet":1,"evilcraft:flesh_humanoid":2,"minecraft:stone_bricks":1,"minecraft:rabbit_stew":5,"minecraft:furnace":16,"minecraft:egg":1,"minecraft:cooked_beef":1,"minecraft:light_gray_bed":3,"minecraft:iron_leggings":2,"minecraft:water_bucket":10,"minecraft:leather_leggings":1,"minecraft:baked_potato":12,"minecraft:leather_boots":1,"minecraft:oak_slab":2,"minecraft:crafting_table":2,"dungeonsweaponry:hammer_of_gravity":4,"minecraft:diamond_pickaxe":651,"minecraft:bread":9,"minecraft:iron_pickaxe":216,"minecraft:cobblestone":165,"vanillaplustools:iron_hammer":242,"minecraft:porkchop":1,"minecraft:cooked_porkchop":2,"minecraft:bucket":10,"minecraft:andesite":3,"minecraft:yellow_bed":2,"minecraft:dandelion":9},"minecraft:custom":{"minecraft:mob_kills":22,"minecraft:interact_with_crafting_table":27,"minecraft:open_barrel":32,"minecraft:eat_cake_slice":3,"minecraft:leave_game":2,"minecraft:time_since_death":711,"minecraft:climb_one_cm":14688,"minecraft:sprint_one_cm":318015,"minecraft:walk_one_cm":272502,"minecraft:drop":108,"minecraft:play_time":109524,"minecraft:deaths":5,"minecraft:sneak_time":1986,"minecraft:walk_under_water_one_cm":3112,"minecraft:jump":2149,"minecraft:interact_with_blast_furnace":5,"minecraft:walk_on_water_one_cm":9505,"minecraft:total_world_time":109524,"minecraft:interact_with_furnace":84,"twilightforest:uncrafting_table_interactions":11,"minecraft:interact_with_loom":2,"minecraft:interact_with_stonecutter":1,"minecraft:sleep_in_bed":7,"minecraft:time_since_rest":738,"minecraft:damage_taken":4658,"minecraft:trigger_trapped_chest":3,"minecraft:damage_dealt":3401,"twilightforest:life_charms_activated":1,"minecraft:swim_one_cm":4494,"minecraft:fly_one_cm":1184791,"minecraft:player_kills":2,"minecraft:open_chest":69,"minecraft:crouch_one_cm":5907,"minecraft:fall_one_cm":50228},"minecraft:dropped":{"minecraft:birch_planks":20,"minecraft:wheat_seeds":28,"twilightforest:transformation_planks":2,"minecraft:mossy_cobblestone":2,"minecraft:diamond":1,"weaponmaster:tutorialbook":1,"minecraft:cobblestone":3098,"iceandfire:ectoplasm":12,"minecraft:cracked_stone_bricks":1,"minecraft:golden_apple":2,"bossominium:the_bossdexium":1,"minecraft:cobweb":2,"gravestone:obituary":9,"minecraft:gold_nugget":8,"minecraft:iron_pickaxe":1,"vanillaplustools:iron_hammer":1,"minecraft:white_wool":1,"minecraft:bone":6,"minecraft:redstone":24,"minecraft:gravel":4,"alexsmobs:animal_dictionary":1,"minecraft:raw_copper":157,"minecraft:wheat":2,"minecraft:rotten_flesh":6,"twilightforest:charm_of_life_1":1,"minecraft:iron_boots":3,"minecraft:poppy":1,"minecraft:andesite":5,"minecraft:egg":3},"minecraft:killed":{"twilightforest:boar":1,"born_in_chaos_v1:zombie_lumberjack":1,"minecraft:skeleton":2,"minecraft:chicken":1,"undead_revamp2:thebidy":3,"minecraft:pig":2,"twilightforest:kobold":1,"minecraft:zombie":2,"alexsmobs:terrapin":1,"born_in_chaos_v1:corpse_fly":1,"epicsamurai:komainu":1},"minecraft:crafted":{"minecraft:furnace":15,"minecraft:bookshelf":1,"vanillaplustools:iron_hammer":1,"minecraft:iron_boots":1,"twilightforest:twilight_oak_planks":16,"minecraft:chest":1,"weaponmaster:weaponkit":1,"sophisticatedbackpacks:iron_backpack":1,"minecraft:wheat":45,"sophisticatedbackpacks:backpack":1,"minecraft:cooked_porkchop":3,"minecraft:crafting_table":2,"minecraft:iron_helmet":1,"sophisticatedbackpacks:gold_backpack":1,"minecraft:bucket":2,"minecraft:bread":17,"minecraft:air":0,"minecraft:iron_chestplate":1,"minecraft:diamond_pickaxe":1,"sophisticatedbackpacks:diamond_backpack":1,"minecraft:stick":20,"minecraft:iron_pickaxe":9,"minecraft:iron_ingot":96,"minecraft:stone_sword":1,"minecraft:iron_block":4,"minecraft:gold_ingot":9,"minecraft:iron_leggings":1,"minecraft:anvil":1},"minecraft:mined":{"minecraft:diamond_ore":9,"regions_unexplored:spruce_shrub":1,"minecraft:mossy_cobblestone":1,"gravestone:gravestone":3,"minecraft:granite":2,"minecraft:allium":1,"minecraft:grass_block":23,"minecraft:light_gray_bed":7,"minecraft:spruce_leaves":1,"minecraft:hay_block":6,"minecraft:redstone_ore":6,"minecraft:furnace":1,"minecraft:iron_ore":9,"twilightforest:canopy_planks":2,"minecraft:andesite":8,"minecraft:peony":13,"minecraft:red_tulip":1,"minecraft:vine":2,"minecraft:oak_stairs":2,"minecraft:iron_bars":1,"minecraft:stripped_oak_log":1,"regions_unexplored:medium_grass":12,"twilightforest:transformation_planks":2,"minecraft:blue_orchid":1,"minecraft:stone":2881,"minecraft:white_wool":1,"valhelsia_structures:doused_wall_torch":1,"minecraft:oak_slab":2,"twilightforest:root_strand":4,"minecraft:stripped_dark_oak_log":2,"minecraft:dandelion":10,"minecraft:torch":1,"minecraft:poppy":2,"iceandfire:ghost_chest":1,"twilightforest:twilight_oak_log":3,"minecraft:stone_slab":1,"minecraft:cobblestone":20,"minecraft:tall_grass":8,"minecraft:copper_ore":2,"minecraft:lapis_ore":6,"minecraft:oak_planks":1,"minecraft:bricks":2,"twilightforest:mayapple":6,"minecraft:diorite":3,"minecraft:wall_torch":1,"minecraft:spruce_stairs":4,"twilightforest:root":1,"minecraft:yellow_bed":2,"minecraft:grass":90,"minecraft:coal_ore":1,"minecraft:dirt":47,"minecraft:gravel":5,"minecraft:sand":1,"minecraft:cracked_stone_bricks":1,"minecraft:stone_bricks":5,"minecraft:mossy_stone_bricks":7,"minecraft:chipped_anvil":2,"minecraft:oak_leaves":1,"minecraft:fern":7},"minecraft:picked_up":{"epicsamurai:cloth":4,"minecraft:allium":1,"minecraft:wheat":2,"minecraft:iron_chestplate":1,"minecraft:ladder":2,"minecraft:oak_stairs":2,"minecraft:stone_brick_stairs":1,"gravestone:obituary":5,"minecraft:string":1,"minecraft:raw_copper":157,"minecraft:iron_leggings":1,"minecraft:blue_orchid":1,"twilightforest:transformation_planks":2,"minecraft:cracked_stone_bricks":2,"minecraft:gold_nugget":8,"minecraft:poppy":2,"minecraft:iron_pickaxe":1,"minecraft:egg":4,"minecraft:iron_boots":2,"minecraft:furnace":1,"minecraft:stick":14,"minecraft:raw_iron":89,"iceandfire:ghost_chest":1,"minecraft:torch":6,"minecraft:spruce_stairs":4,"minecraft:porkchop":8,"minecraft:diorite":3,"minecraft:redstone":24,"minecraft:rotten_flesh":9,"minecraft:arrow":7,"minecraft:light_gray_bed":7,"minecraft:peony":11,"minecraft:hay_block":6,"minecraft:red_tulip":1,"minecraft:gold_ingot":2,"minecraft:white_wool":1,"minecraft:cobblestone":3744,"minecraft:stripped_oak_log":1,"minecraft:birch_log":2,"twilightforest:twilight_oak_log":7,"minecraft:repeater":2,"minecraft:andesite":10,"minecraft:birch_planks":14,"minecraft:flint":1,"evilcraft:flesh_humanoid":1,"iceandfire:ectoplasm":12,"minecraft:yellow_bed":2,"vanillaplustools:iron_hammer":1,"minecraft:dirt":72,"minecraft:lapis_lazuli":85,"minecraft:bone":2,"minecraft:chipped_anvil":2,"minecraft:stone_bricks":5,"minecraft:wheat_seeds":26,"minecraft:raw_gold":9,"minecraft:iron_ingot":5,"minecraft:mossy_stone_bricks":30,"minecraft:oak_planks":13,"twilightforest:charm_of_life_1":1,"minecraft:oak_slab":5,"minecraft:dandelion":9,"minecraft:gravel":4,"minecraft:sand":1,"minecraft:spruce_door":1,"minecraft:mossy_cobblestone":2,"minecraft:polished_andesite":3,"twilightforest:canopy_planks":2,"minecraft:diamond":22,"minecraft:iron_helmet":1,"minecraft:granite":2,"minecraft:golden_apple":1,"minecraft:bread":11,"minecraft:stripped_dark_oak_log":2,"minecraft:bricks":2,"minecraft:coal":83}},"DataVersion":3465}