{"stats":{"minecraft:killed_by":{"minecraft:player":1},"minecraft:used":{"minecraft:peony":9,"minecraft:water_bucket":3,"minecraft:stone_sword":30,"minecraft:baked_potato":8,"minecraft:leather_boots":1,"minecraft:iron_chestplate":1,"minecraft:crafting_table":1,"dungeonsweaponry:hammer_of_gravity":4,"minecraft:diamond_pickaxe":169,"minecraft:iron_pickaxe":108,"minecraft:iron_helmet":1,"minecraft:stone_bricks":1,"minecraft:cobblestone":30,"vanillaplustools:iron_hammer":1,"minecraft:furnace":8,"minecraft:cooked_porkchop":2,"minecraft:andesite":3,"minecraft:bucket":2,"minecraft:iron_leggings":1,"minecraft:light_gray_bed":1},"minecraft:custom":{"minecraft:interact_with_furnace":40,"minecraft:mob_kills":3,"minecraft:interact_with_crafting_table":13,"minecraft:open_barrel":18,"minecraft:interact_with_loom":2,"minecraft:interact_with_stonecutter":1,"minecraft:eat_cake_slice":3,"minecraft:leave_game":1,"minecraft:time_since_death":4192,"minecraft:sleep_in_bed":3,"minecraft:climb_one_cm":6272,"minecraft:time_since_rest":4234,"minecraft:sprint_one_cm":140118,"minecraft:damage_taken":2545,"minecraft:walk_one_cm":93023,"minecraft:trigger_trapped_chest":3,"minecraft:drop":23,"minecraft:damage_dealt":880,"minecraft:swim_one_cm":2383,"minecraft:fly_one_cm":459801,"minecraft:player_kills":2,"minecraft:open_chest":17,"minecraft:crouch_one_cm":1838,"minecraft:play_time":45780,"minecraft:deaths":4,"minecraft:sneak_time":678,"minecraft:walk_under_water_one_cm":2521,"minecraft:jump":946,"minecraft:walk_on_water_one_cm":3936,"minecraft:total_world_time":45780,"minecraft:fall_one_cm":21122},"minecraft:killed":{"twilightforest:boar":1,"minecraft:pig":1},"minecraft:dropped":{"minecraft:gravel":4,"minecraft:wheat_seeds":10,"alexsmobs:animal_dictionary":1,"weaponmaster:tutorialbook":1,"minecraft:cobblestone":113,"minecraft:cracked_stone_bricks":1,"bossominium:the_bossdexium":1,"minecraft:cobweb":2,"minecraft:poppy":1,"minecraft:andesite":5,"gravestone:obituary":5,"minecraft:bone":6},"minecraft:crafted":{"minecraft:cooked_porkchop":3,"minecraft:crafting_table":1,"minecraft:iron_helmet":1,"minecraft:furnace":7,"minecraft:air":0,"vanillaplustools:iron_hammer":1,"minecraft:iron_boots":1,"minecraft:iron_chestplate":1,"minecraft:diamond_pickaxe":1,"twilightforest:twilight_oak_planks":12,"minecraft:stick":20,"minecraft:iron_pickaxe":9,"minecraft:iron_ingot":43,"minecraft:stone_sword":1,"minecraft:iron_leggings":1},"minecraft:mined":{"minecraft:diamond_ore":2,"regions_unexplored:spruce_shrub":1,"minecraft:dandelion":1,"gravestone:gravestone":3,"minecraft:granite":2,"minecraft:allium":1,"minecraft:grass_block":6,"twilightforest:twilight_oak_log":2,"minecraft:light_gray_bed":4,"minecraft:tall_grass":7,"minecraft:cobblestone":7,"minecraft:spruce_leaves":1,"minecraft:lapis_ore":1,"minecraft:bricks":2,"twilightforest:mayapple":2,"minecraft:diorite":3,"minecraft:wall_torch":1,"minecraft:hay_block":1,"minecraft:furnace":1,"minecraft:iron_ore":3,"twilightforest:canopy_planks":2,"minecraft:andesite":8,"minecraft:yellow_bed":1,"minecraft:peony":13,"minecraft:grass":39,"minecraft:vine":1,"minecraft:gravel":5,"minecraft:sand":1,"minecraft:dirt":14,"twilightforest:transformation_planks":2,"regions_unexplored:medium_grass":11,"minecraft:cracked_stone_bricks":1,"minecraft:blue_orchid":1,"minecraft:stone":216,"minecraft:stone_bricks":5,"minecraft:mossy_stone_bricks":7,"minecraft:chipped_anvil":2,"valhelsia_structures:doused_wall_torch":1,"minecraft:fern":6},"minecraft:picked_up":{"minecraft:iron_chestplate":1,"minecraft:allium":1,"minecraft:repeater":2,"twilightforest:twilight_oak_log":6,"minecraft:ladder":2,"minecraft:andesite":8,"minecraft:flint":1,"evilcraft:flesh_humanoid":1,"gravestone:obituary":2,"minecraft:yellow_bed":1,"minecraft:lapis_lazuli":59,"minecraft:dirt":24,"minecraft:iron_leggings":1,"minecraft:chipped_anvil":2,"minecraft:blue_orchid":1,"minecraft:stone_bricks":5,"twilightforest:transformation_planks":2,"minecraft:cracked_stone_bricks":2,"minecraft:wheat_seeds":14,"minecraft:iron_ingot":3,"minecraft:mossy_stone_bricks":30,"minecraft:oak_planks":2,"minecraft:iron_boots":1,"minecraft:egg":1,"minecraft:furnace":1,"minecraft:oak_slab":3,"minecraft:raw_iron":57,"minecraft:torch":2,"minecraft:gravel":4,"minecraft:porkchop":6,"minecraft:sand":1,"minecraft:diorite":3,"minecraft:spruce_door":1,"minecraft:polished_andesite":3,"minecraft:arrow":4,"minecraft:light_gray_bed":4,"twilightforest:canopy_planks":2,"minecraft:diamond":8,"minecraft:peony":11,"minecraft:iron_helmet":1,"minecraft:hay_block":1,"minecraft:granite":2,"minecraft:coal":51,"minecraft:bricks":2,"minecraft:cobblestone":682}},"DataVersion":3465}