{"stats":{"minecraft:custom":{"minecraft:mob_kills":29,"minecraft:interact_with_crafting_table":30,"minecraft:open_barrel":44,"minecraft:damage_dealt_resisted":657,"minecraft:eat_cake_slice":3,"minecraft:leave_game":6,"minecraft:time_since_death":14118,"minecraft:climb_one_cm":15581,"minecraft:sprint_one_cm":459690,"minecraft:walk_one_cm":342558,"minecraft:drop":134,"minecraft:talked_to_villager":2,"minecraft:play_time":149114,"minecraft:sneak_time":4566,"minecraft:deaths":10,"minecraft:walk_under_water_one_cm":34294,"minecraft:jump":3195,"minecraft:interact_with_blast_furnace":6,"minecraft:walk_on_water_one_cm":17705,"minecraft:total_world_time":149114,"minecraft:interact_with_furnace":85,"twilightforest:uncrafting_table_interactions":15,"minecraft:interact_with_loom":2,"minecraft:interact_with_stonecutter":1,"minecraft:sleep_in_bed":11,"minecraft:time_since_rest":13783,"minecraft:waystone_activated":1,"minecraft:damage_taken":7788,"minecraft:trigger_trapped_chest":3,"minecraft:damage_dealt":4634,"twilightforest:life_charms_activated":1,"minecraft:player_kills":2,"minecraft:swim_one_cm":20749,"minecraft:fly_one_cm":1436668,"minecraft:open_chest":99,"minecraft:crouch_one_cm":14750,"minecraft:fall_one_cm":88353},"minecraft:broken":{"vanillaplustools:iron_hammer":1},"minecraft:mined":{"regions_unexplored:spruce_shrub":1,"minecraft:diamond_ore":9,"minecraft:mossy_cobblestone":1,"gravestone:gravestone":12,"minecraft:granite":2,"minecraft:allium":1,"minecraft:grass_block":27,"minecraft:light_gray_bed":12,"minecraft:spruce_leaves":1,"minecraft:spawner":1,"minecraft:hay_block":6,"minecraft:redstone_ore":6,"minecraft:furnace":1,"minecraft:iron_ore":9,"twilightforest:canopy_planks":2,"minecraft:andesite":9,"minecraft:moss_carpet":1,"minecraft:peony":13,"minecraft:red_tulip":1,"minecraft:vine":2,"minecraft:oak_stairs":2,"minecraft:iron_bars":3,"minecraft:stripped_oak_log":1,"regions_unexplored:medium_grass":13,"twilightforest:transformation_planks":2,"minecraft:blue_orchid":1,"minecraft:stone":2882,"minecraft:white_wool":1,"valhelsia_structures:doused_wall_torch":1,"minecraft:oak_slab":2,"twilightforest:root_strand":4,"minecraft:stripped_dark_oak_log":2,"minecraft:dandelion":10,"minecraft:torch":1,"minecraft:blast_furnace":1,"minecraft:poppy":2,"iceandfire:ghost_chest":1,"twilightforest:twilight_oak_log":3,"minecraft:stone_slab":1,"minecraft:copper_ore":2,"minecraft:tall_grass":12,"minecraft:cobblestone":27,"minecraft:lapis_ore":6,"minecraft:oak_planks":64,"minecraft:bricks":2,"twilightforest:mayapple":6,"minecraft:diorite":3,"minecraft:wall_torch":1,"minecraft:spruce_stairs":4,"twilightforest:root":1,"minecraft:yellow_bed":2,"minecraft:grass":97,"minecraft:oak_log":36,"minecraft:coal_ore":1,"minecraft:gravel":5,"minecraft:sand":1,"minecraft:dirt":49,"minecraft:cracked_stone_bricks":1,"minecraft:stone_bricks":6,"minecraft:chipped_anvil":2,"minecraft:mossy_stone_bricks":7,"minecraft:oak_leaves":5,"minecraft:fern":8},"minecraft:picked_up":{"epicsamurai:cloth":4,"minecraft:wheat":2,"minecraft:iron_chestplate":1,"minecraft:allium":1,"minecraft:ladder":2,"minecraft:oak_stairs":2,"minecraft:stone_brick_stairs":1,"gravestone:obituary":8,"minecraft:string":1,"minecraft:raw_copper":157,"simplyswords:diamond_twinblade":2,"minecraft:iron_leggings":1,"minecraft:blue_orchid":1,"twilightforest:transformation_planks":2,"minecraft:cracked_stone_bricks":2,"minecraft:gold_nugget":8,"minecraft:andesite_stairs":1,"valhelsia_structures:doused_torch":1,"minecraft:poppy":2,"minecraft:iron_pickaxe":1,"minecraft:furnace":1,"minecraft:iron_boots":2,"minecraft:egg":4,"minecraft:stick":17,"minecraft:raw_iron":89,"iceandfire:ghost_chest":1,"minecraft:copper_ingot":1,"minecraft:torch":6,"minecraft:spruce_stairs":4,"minecraft:porkchop":8,"minecraft:diorite":3,"minecraft:redstone":24,"minecraft:arrow":7,"minecraft:light_gray_bed":12,"minecraft:rotten_flesh":20,"minecraft:peony":11,"minecraft:hay_block":6,"minecraft:red_tulip":1,"sophisticatedbackpacks:copper_backpack":1,"minecraft:gold_ingot":2,"minecraft:iron_bars":2,"minecraft:white_wool":1,"minecraft:cobblestone":3752,"minecraft:stripped_oak_log":1,"minecraft:birch_log":2,"minecraft:repeater":2,"twilightforest:twilight_oak_log":7,"minecraft:andesite":11,"minecraft:birch_planks":14,"paraglider:spirit_orb":2,"minecraft:flint":1,"evilcraft:flesh_humanoid":1,"minecraft:oak_log":32,"iceandfire:ectoplasm":12,"minecraft:yellow_bed":2,"vanillaplustools:iron_hammer":1,"minecraft:lapis_lazuli":85,"minecraft:dirt":78,"minecraft:lantern":2,"minecraft:bone":3,"minecraft:chipped_anvil":2,"minecraft:apple":4,"minecraft:stone_bricks":6,"minecraft:wheat_seeds":27,"minecraft:raw_gold":9,"minecraft:iron_ingot":22,"minecraft:mossy_stone_bricks":30,"minecraft:oak_planks":64,"twilightforest:charm_of_life_1":1,"minecraft:oak_slab":5,"born_in_chaos_v1:ethereal_spirit":4,"minecraft:dandelion":9,"minecraft:gravel":4,"minecraft:sand":1,"minecraft:blast_furnace":1,"minecraft:spruce_door":1,"minecraft:mossy_cobblestone":2,"minecraft:polished_andesite":5,"twilightforest:canopy_planks":2,"minecraft:diamond":22,"minecraft:iron_helmet":1,"minecraft:granite":2,"minecraft:golden_apple":1,"minecraft:bread":11,"minecraft:oak_sapling":14,"minecraft:stripped_dark_oak_log":2,"minecraft:bricks":2,"minecraft:coal":89},"minecraft:crafted":{"minecraft:oak_planks":128,"minecraft:furnace":15,"minecraft:bookshelf":1,"vanillaplustools:iron_hammer":1,"minecraft:iron_boots":1,"twilightforest:twilight_oak_planks":16,"minecraft:chest":1,"weaponmaster:weaponkit":1,"sophisticatedbackpacks:iron_backpack":1,"minecraft:wheat":45,"sophisticatedbackpacks:backpack":1,"minecraft:cooked_porkchop":3,"minecraft:crafting_table":2,"minecraft:iron_helmet":3,"sophisticatedbackpacks:gold_backpack":1,"minecraft:bucket":2,"minecraft:bread":17,"minecraft:air":0,"minecraft:iron_chestplate":1,"minecraft:diamond_pickaxe":1,"sophisticatedbackpacks:diamond_backpack":1,"minecraft:stick":20,"minecraft:iron_ingot":96,"minecraft:iron_pickaxe":9,"minecraft:iron_block":4,"minecraft:stone_sword":1,"minecraft:iron_leggings":2,"minecraft:gold_ingot":9,"minecraft:anvil":1},"minecraft:dropped":{"minecraft:birch_planks":20,"minecraft:wheat_seeds":29,"twilightforest:transformation_planks":2,"minecraft:mossy_cobblestone":2,"minecraft:diamond":1,"weaponmaster:tutorialbook":1,"minecraft:cobblestone":3098,"iceandfire:ectoplasm":12,"minecraft:cracked_stone_bricks":1,"minecraft:copper_ingot":1,"minecraft:spruce_stairs":4,"minecraft:golden_apple":2,"bossominium:the_bossdexium":1,"minecraft:cobweb":2,"gravestone:obituary":17,"minecraft:gold_nugget":8,"minecraft:iron_pickaxe":1,"vanillaplustools:iron_hammer":1,"minecraft:white_wool":1,"minecraft:bone":11,"minecraft:redstone":24,"minecraft:gravel":4,"alexsmobs:animal_dictionary":1,"minecraft:raw_copper":157,"minecraft:bowl":4,"minecraft:wheat":2,"minecraft:stripped_dark_oak_log":2,"born_in_chaos_v1:ethereal_spirit":2,"minecraft:rotten_flesh":21,"twilightforest:charm_of_life_1":1,"minecraft:iron_boots":3,"minecraft:oak_planks":64,"minecraft:stripped_oak_log":1,"minecraft:poppy":1,"minecraft:andesite":6,"minecraft:stone_bricks":1,"minecraft:stone_brick_stairs":1,"minecraft:egg":3},"minecraft:used":{"minecraft:peony":9,"minecraft:stone_sword":53,"minecraft:iron_bars":2,"minecraft:poppy":2,"minecraft:iron_sword":55,"minecraft:iron_chestplate":1,"minecraft:torch":3,"minecraft:dirt":5,"minecraft:carrot":6,"minecraft:red_tulip":1,"minecraft:lantern":2,"minecraft:iron_axe":126,"minecraft:oak_stairs":2,"minecraft:iron_helmet":1,"simplyswords:iron_longsword":29,"evilcraft:flesh_humanoid":2,"minecraft:stone_bricks":1,"minecraft:rabbit_stew":7,"minecraft:furnace":16,"minecraft:egg":1,"minecraft:cooked_beef":1,"minecraft:light_gray_bed":4,"minecraft:iron_leggings":2,"minecraft:water_bucket":13,"minecraft:leather_leggings":1,"minecraft:polished_andesite":2,"minecraft:baked_potato":12,"minecraft:oak_planks":115,"minecraft:leather_boots":1,"minecraft:oak_slab":2,"minecraft:crafting_table":2,"minecraft:blast_furnace":1,"dungeonsweaponry:hammer_of_gravity":4,"weaponmaster:wm_broadswordlarge":2,"minecraft:diamond_pickaxe":669,"minecraft:bread":22,"minecraft:iron_pickaxe":216,"valhelsia_structures:doused_torch":1,"minecraft:cobblestone":201,"vanillaplustools:iron_hammer":242,"minecraft:porkchop":1,"minecraft:cooked_porkchop":2,"minecraft:andesite":5,"minecraft:bucket":14,"minecraft:yellow_bed":2,"minecraft:dandelion":9},"minecraft:killed":{"twilightforest:boar":1,"born_in_chaos_v1:restless_spirit":1,"born_in_chaos_v1:zombie_lumberjack":1,"born_in_chaos_v1:door_knight_not_despawn":1,"weaponmaster:ability_skeleton_grenade_skeletons":1,"minecraft:skeleton":2,"minecraft:chicken":1,"undead_revamp2:thebidy":3,"undead_revamp2:sucker":3,"minecraft:pig":2,"minecraft:bat":1,"twilightforest:kobold":1,"minecraft:zombie":2,"alexsmobs:terrapin":1,"born_in_chaos_v1:corpse_fly":1,"epicsamurai:komainu":1},"minecraft:killed_by":{"minecraft:player":1}},"DataVersion":3465}