{"stats":{"minecraft:picked_up":{"minecraft:coarse_dirt":4,"minecraft:crafting_table":3,"minecraft:wheat":9,"born_in_chaos_v1:seedof_chaos":1,"evilcraft:dark_power_gem":1,"minecraft:ladder":2,"minecraft:flower_pot":1,"valhelsia_furniture:red_upholstered_dark_oak_stool":2,"minecraft:brown_bed":1,"minecraft:stone_brick_stairs":1,"gravestone:obituary":6,"minecraft:cornflower":13,"minecraft:string":4,"minecraft:armor_stand":1,"valhelsia_structures:oak_post":1,"minecraft:bucket":1,"evilcraft:blood_extractor":2,"evilcraft:hardened_blood_shard":47,"minecraft:written_book":2,"minecraft:iron_pickaxe":1,"minecraft:poppy":1,"minecraft:light_gray_wool":1,"bossominium:vex_wing":3,"minecraft:coal_block":9,"minecraft:melon_slice":25,"minecraft:sugar_cane":3,"twilightforest:firefly_jar":1,"minecraft:furnace":5,"minecraft:stick":66,"minecraft:raw_iron":107,"minecraft:raw_gold_block":1,"weaponmaster:weaponkit":1,"minecraft:torch":28,"minecraft:bowl":1,"minecraft:porkchop":7,"minecraft:redstone":82,"twilightforest:firefly":9,"minecraft:arrow":17,"minecraft:rotten_flesh":16,"minecraft:hay_block":54,"minecraft:cobblestone":4473,"minecraft:birch_log":5,"born_in_chaos_v1:corpse_maggot":1,"bakery:sandwich":1,"minecraft:leather_chestplate":1,"minecraft:water_bucket":1,"minecraft:black_bed":1,"minecraft:leather":8,"minecraft:birch_planks":33,"paraglider:spirit_orb":2,"minecraft:oak_log":16,"evilcraft:flesh_humanoid":2,"minecraft:gunpowder":3,"minecraft:dirt":91,"minecraft:lantern":1,"minecraft:glass":10,"minecraft:name_tag":1,"twilightforest:canopy_sapling":27,"twilightforest:raw_venison":18,"minecraft:bone":15,"cardinal_sins:scythe":1,"minecraft:stone_bricks":2,"minecraft:wheat_seeds":4,"valhelsia_structures:metal_framed_glass_pane":1,"minecraft:raw_gold":16,"minecraft:bell":1,"minecraft:iron_ingot":16,"minecraft:stone_pickaxe":34,"minecraft:dark_oak_sign":4,"minecraft:glowstone_dust":14,"simplyswords:gold_katana":1,"minecraft:oak_planks":35,"born_in_chaos_v1:ethereal_spirit":1,"twilightforest:canopy_slab":18,"minecraft:raw_iron_block":8,"minecraft:gravel":4,"valhelsia_furniture:spruce_table":2,"minecraft:sand":18,"minecraft:spider_eye":1,"minecraft:spruce_door":2,"twilightforest:canopy_log":228,"minecraft:spruce_sapling":1,"minecraft:blast_furnace":5,"minecraft:dead_bush":1,"minecraft:spruce_log":6,"cardinal_sins:sinsencyclopedia":1,"twilightforest:canopy_planks":2,"minecraft:diamond":27,"evilcraft:dark_gem":27,"minecraft:granite":2,"vanillaplustools:stone_hammer":7,"minecraft:chainmail_helmet":1,"minecraft:rooted_dirt":2,"minecraft:oak_sapling":1,"valhelsia_structures:unlit_lantern":1,"minecraft:bricks":1,"twilightforest:torchberries":1,"minecraft:coal":367},"minecraft:custom":{"minecraft:interact_with_smithing_table":4,"minecraft:mob_kills":48,"minecraft:interact_with_crafting_table":114,"minecraft:open_barrel":78,"twilightforest:torchberries_harvested":2,"minecraft:damage_dealt_resisted":503,"minecraft:eat_cake_slice":12,"minecraft:leave_game":4,"minecraft:time_since_death":53716,"minecraft:climb_one_cm":43419,"minecraft:sprint_one_cm":855314,"minecraft:walk_one_cm":1342533,"minecraft:drop":159,"minecraft:damage_dealt_absorbed":28,"minecraft:talked_to_villager":2,"minecraft:play_time":305646,"minecraft:sneak_time":8492,"minecraft:deaths":15,"minecraft:walk_under_water_one_cm":37783,"minecraft:jump":4745,"minecraft:interact_with_blast_furnace":207,"minecraft:walk_on_water_one_cm":29948,"minecraft:total_world_time":305646,"minecraft:interact_with_furnace":369,"twilightforest:uncrafting_table_interactions":4,"minecraft:interact_with_loom":1,"minecraft:sleep_in_bed":14,"minecraft:time_since_rest":41174,"minecraft:damage_taken":10511,"minecraft:damage_absorbed":86,"minecraft:trigger_trapped_chest":1,"minecraft:damage_dealt":7464,"minecraft:player_kills":3,"minecraft:swim_one_cm":3962,"minecraft:fly_one_cm":3239992,"minecraft:open_chest":296,"minecraft:crouch_one_cm":39645,"minecraft:interact_with_smoker":6,"minecraft:use_cauldron":1,"minecraft:fall_one_cm":81347},"minecraft:killed_by":{"minecraft:skeleton":4,"minecraft:zombie":1,"iceandfire:ghost":1},"minecraft:killed":{"twilightforest:boar":2,"twilightforest:deer":8,"undead_revamp2:thehunter":1,"dungeonsweaponry:enchanter":1,"minecraft:spider":1,"undead_revamp2:thesmoker":1,"born_in_chaos_v1:maggot":2,"minecraft:phantom":2,"minecraft:skeleton":5,"undead_revamp2:sucker":1,"born_in_chaos_v1:spiritof_chaos":1,"minecraft:pig":1,"undead_revamp2:the_moonflower":2,"twilightforest:kobold":4,"minecraft:creeper":3,"born_in_chaos_v1:decrepit_skeleton":1,"twilightforest:redcap":1,"minecraft:zombie":3,"iceandfire:ghost":4,"born_in_chaos_v1:corpse_fly":1},"minecraft:used":{"minecraft:iron_shovel":31,"minecraft:flint_and_steel":3,"minecraft:ladder":2,"evilcraft:blood_chest":1,"minecraft:chest":1,"vanillaplustools:stone_hammer":61,"minecraft:cooked_chicken":2,"evilcraft:purifier":1,"minecraft:iron_chestplate":1,"minecraft:torch":254,"minecraft:dirt":43,"simplyswords:gold_katana":8,"minecraft:granite":2,"minecraft:wooden_axe":29,"minecraft:bricks":1,"minecraft:lantern":1,"minecraft:iron_axe":420,"minecraft:totem_of_undying":1,"minecraft:rabbit_stew":1,"cardinal_sins:scythe":2,"minecraft:hay_block":1,"minecraft:cooked_beef":7,"minecraft:brown_bed":1,"minecraft:water_bucket":19,"minecraft:leather_leggings":1,"minecraft:birch_planks":3,"minecraft:baked_potato":1,"minecraft:oak_planks":13,"evilcraft:blood_infuser":1,"minecraft:wooden_pickaxe":8,"minecraft:chainmail_helmet":1,"minecraft:leather_boots":1,"minecraft:golden_apple":4,"bakery:sandwich":1,"minecraft:crafting_table":8,"minecraft:blast_furnace":5,"minecraft:cake":2,"minecraft:cornflower":13,"minecraft:apple":1,"minecraft:iron_pickaxe":311,"minecraft:bread":94,"minecraft:melon_slice":2,"minecraft:gravel":1,"twilightforest:canopy_slab":211,"evilcraft:dark_tank":1,"minecraft:cobblestone":392,"vanillaplustools:iron_hammer":458,"minecraft:bucket":20,"alexsmobs:animal_dictionary":2,"twilightforest:canopy_planks":1},"minecraft:crafted":{"evilcraft:dark_spike":32,"minecraft:oak_planks":64,"minecraft:raw_iron":72,"minecraft:coal":135,"vanillaplustools:stone_hammer":5,"evilcraft:blood_chest":1,"sophisticatedbackpacks:stack_upgrade_tier_1":1,"sophisticatedbackpacks:crafting_upgrade":1,"minecraft:glass":7,"twilightforest:cooked_venison":18,"vanillaplustools:iron_hammer":4,"minecraft:iron_boots":2,"evilcraft:blood_extractor":19,"twilightforest:canopy_slab":198,"minecraft:stone_pickaxe":14,"minecraft:chest":3,"twilightforest:canopy_planks":172,"minecraft:copper_block":14,"sophisticatedbackpacks:iron_backpack":1,"minecraft:wheat":487,"minecraft:coal_block":73,"sophisticatedbackpacks:backpack":1,"evilcraft:dark_tank":1,"minecraft:crafting_table":5,"evilcraft:blood_infusion_core":2,"minecraft:spruce_planks":24,"minecraft:wooden_pickaxe":1,"minecraft:iron_helmet":2,"minecraft:copper_ingot":127,"sophisticatedbackpacks:gold_backpack":1,"minecraft:birch_planks":20,"sophisticatedbackpacks:upgrade_base":2,"minecraft:bread":165,"minecraft:air":0,"evilcraft:purifier":1,"minecraft:iron_chestplate":1,"minecraft:golden_apple":3,"minecraft:raw_gold":9,"sophisticatedbackpacks:diamond_backpack":1,"minecraft:stick":144,"evilcraft:blood_infuser":1,"minecraft:iron_ingot":460,"minecraft:iron_pickaxe":28,"minecraft:wooden_axe":1,"minecraft:iron_block":87,"minecraft:iron_leggings":2,"minecraft:gold_ingot":38,"minecraft:torch":304},"minecraft:dropped":{"minecraft:water_bucket":2,"minecraft:enchanted_book":1,"minecraft:iron_ingot":28,"minecraft:bread":15,"twilightforest:canopy_slab":5,"minecraft:birch_planks":14,"minecraft:wheat_seeds":4,"valhelsia_furniture:spruce_table":1,"twilightforest:firefly_jar":1,"twilightforest:canopy_sapling":27,"minecraft:diamond":1,"minecraft:cobblestone":1629,"minecraft:leather":2,"minecraft:black_bed":1,"minecraft:rooted_dirt":2,"evilcraft:dark_gem":1,"twilightforest:canopy_log":96,"minecraft:coal":130,"minecraft:coal_block":9,"minecraft:stick":25,"minecraft:dirt":46,"evilcraft:blood_extractor":3,"valhelsia_furniture:red_upholstered_dark_oak_stool":1,"valhelsia_structures:oak_post":1,"twilightforest:firefly":4,"minecraft:torch":78,"minecraft:melon_slice":20,"gravestone:obituary":17,"twilightforest:canopy_planks":1,"minecraft:pumpkin_pie":3,"minecraft:iron_axe":2,"cardinal_sins:sinsencyclopedia":1,"minecraft:chainmail_leggings":1,"minecraft:string":2,"minecraft:gold_ingot":3,"minecraft:redstone":18,"minecraft:bone":6,"minecraft:gravel":2,"minecraft:furnace":1,"minecraft:cooked_chicken":5,"minecraft:coarse_dirt":4,"minecraft:dark_oak_sign":1,"minecraft:bowl":2,"minecraft:rotten_flesh":3,"minecraft:oak_planks":50,"minecraft:name_tag":1,"twilightforest:torchberries":1,"minecraft:poppy":1,"bossominium:vex_wing":2,"minecraft:hay_block":6,"minecraft:gunpowder":1,"simplyswords:gold_katana":1,"born_in_chaos_v1:corpse_maggot":1,"vanillaplustools:stone_hammer":10,"minecraft:rabbit_stew":4,"minecraft:arrow":4,"minecraft:glass":1,"minecraft:stone_pickaxe":2,"minecraft:raw_gold":3,"minecraft:written_book":1},"minecraft:mined":{"minecraft:diamond_ore":13,"minecraft:potted_dead_bush":1,"gravestone:gravestone":10,"minecraft:granite":2,"minecraft:grass_block":9,"valhelsia_structures:oak_post":1,"minecraft:coal_block":9,"minecraft:spruce_leaves":2,"minecraft:rooted_dirt":1,"minecraft:spawner":1,"minecraft:hay_block":48,"minecraft:raw_iron_block":8,"minecraft:redstone_ore":5,"minecraft:raw_gold_block":1,"minecraft:fire":2,"minecraft:iron_ore":22,"twilightforest:canopy_planks":1,"minecraft:andesite":2,"evilcraft:dark_ore":2,"minecraft:anvil":1,"minecraft:brown_bed":1,"minecraft:bell":1,"minecraft:mossy_stone_brick_stairs":2,"twilightforest:canopy_slab":10,"regions_unexplored:medium_grass":4,"minecraft:stone":4530,"valhelsia_furniture:spruce_table":3,"minecraft:cornflower":14,"valhelsia_furniture:red_upholstered_dark_oak_stool":1,"minecraft:crafting_table":3,"minecraft:torch":14,"minecraft:blast_furnace":1,"minecraft:melon":5,"iceandfire:ghost_chest":1,"minecraft:chest":1,"minecraft:tall_grass":2,"minecraft:cobblestone":60,"minecraft:oak_planks":4,"minecraft:bricks":2,"minecraft:wall_torch":15,"minecraft:birch_planks":1,"minecraft:coarse_dirt":2,"minecraft:birch_log":6,"minecraft:spruce_log":6,"minecraft:jukebox":1,"minecraft:stone_brick_stairs":2,"minecraft:grass":10,"minecraft:coal_ore":19,"minecraft:oak_log":16,"minecraft:gravel":1,"minecraft:sand":18,"minecraft:dirt":22,"minecraft:cobweb":2,"minecraft:cracked_stone_bricks":1,"minecraft:stone_bricks":4,"twilightforest:canopy_log":201,"minecraft:gold_ore":6,"minecraft:oak_leaves":3,"evilcraft:hardened_blood":7}},"DataVersion":3465}