{"stats":{"minecraft:used":{"minecraft:wooden_axe":29,"minecraft:leather_leggings":1,"minecraft:apple":1,"minecraft:wooden_pickaxe":8,"minecraft:chainmail_helmet":1,"minecraft:leather_boots":1,"minecraft:iron_chestplate":1,"minecraft:crafting_table":2,"minecraft:cake":1},"minecraft:custom":{"minecraft:time_since_rest":6628,"minecraft:sprint_one_cm":31303,"minecraft:damage_taken":154,"minecraft:walk_one_cm":49388,"minecraft:damage_dealt":15,"minecraft:interact_with_crafting_table":2,"minecraft:fly_one_cm":47211,"minecraft:open_barrel":13,"minecraft:open_chest":11,"minecraft:crouch_one_cm":11,"minecraft:play_time":6628,"minecraft:sneak_time":2,"minecraft:walk_under_water_one_cm":538,"minecraft:jump":208,"minecraft:eat_cake_slice":7,"minecraft:leave_game":1,"minecraft:time_since_death":6628,"minecraft:walk_on_water_one_cm":130,"minecraft:climb_one_cm":1563,"minecraft:total_world_time":6628,"minecraft:fall_one_cm":7166},"minecraft:crafted":{"minecraft:oak_planks":24,"minecraft:crafting_table":2,"minecraft:spruce_planks":24,"minecraft:stick":16,"minecraft:wooden_pickaxe":1,"minecraft:wooden_axe":1},"minecraft:mined":{"minecraft:hay_block":4,"minecraft:spruce_log":6,"minecraft:crafting_table":2,"minecraft:oak_log":16,"minecraft:coal_ore":1,"minecraft:melon":1,"minecraft:tall_grass":1,"regions_unexplored:medium_grass":3,"minecraft:spruce_leaves":1,"minecraft:stone":7,"minecraft:oak_leaves":2},"minecraft:picked_up":{"minecraft:stick":5,"minecraft:crafting_table":2,"minecraft:oak_log":16,"minecraft:spruce_sapling":1,"minecraft:spruce_log":6,"minecraft:hay_block":4,"minecraft:oak_sapling":1,"minecraft:melon_slice":5,"minecraft:coal":22,"minecraft:cobblestone":7}},"DataVersion":3465}