{"stats":{"minecraft:used":{"minecraft:leather_leggings":1,"minecraft:oak_planks":2,"minecraft:ladder":1,"minecraft:wooden_pickaxe":8,"minecraft:chainmail_helmet":1,"minecraft:leather_boots":1,"minecraft:iron_chestplate":1,"minecraft:torch":3,"minecraft:crafting_table":4,"simplyswords:gold_katana":4,"minecraft:blast_furnace":1,"minecraft:cake":2,"minecraft:wooden_axe":29,"minecraft:apple":1,"minecraft:bricks":1,"minecraft:iron_axe":11,"minecraft:bread":1,"minecraft:melon_slice":2,"minecraft:iron_pickaxe":19,"minecraft:hay_block":1,"alexsmobs:animal_dictionary":2},"minecraft:custom":{"minecraft:interact_with_smithing_table":2,"minecraft:interact_with_furnace":9,"minecraft:mob_kills":1,"minecraft:interact_with_crafting_table":11,"minecraft:open_barrel":19,"minecraft:eat_cake_slice":10,"minecraft:leave_game":1,"minecraft:time_since_death":21843,"minecraft:sleep_in_bed":1,"minecraft:climb_one_cm":6284,"minecraft:time_since_rest":11014,"minecraft:sprint_one_cm":65536,"minecraft:damage_taken":174,"minecraft:walk_one_cm":117253,"minecraft:drop":2,"minecraft:damage_dealt":115,"minecraft:fly_one_cm":64994,"minecraft:open_chest":48,"minecraft:crouch_one_cm":922,"minecraft:play_time":21843,"minecraft:sneak_time":388,"minecraft:walk_under_water_one_cm":4977,"minecraft:jump":325,"minecraft:interact_with_blast_furnace":17,"minecraft:walk_on_water_one_cm":2204,"minecraft:total_world_time":21843,"minecraft:interact_with_smoker":2,"minecraft:fall_one_cm":8277},"minecraft:dropped":{"minecraft:name_tag":1,"minecraft:chainmail_leggings":1},"minecraft:killed":{"minecraft:pig":1},"minecraft:crafted":{"minecraft:oak_planks":64,"minecraft:raw_iron":45,"minecraft:coal":54,"minecraft:crafting_table":2,"minecraft:spruce_planks":24,"minecraft:wooden_pickaxe":1,"minecraft:iron_helmet":1,"minecraft:bread":81,"minecraft:air":0,"minecraft:stick":16,"minecraft:iron_ingot":54,"minecraft:iron_pickaxe":1,"minecraft:wooden_axe":1,"minecraft:iron_leggings":1,"minecraft:torch":56,"minecraft:wheat":243},"minecraft:mined":{"minecraft:crafting_table":3,"minecraft:blast_furnace":1,"minecraft:melon":2,"minecraft:tall_grass":2,"minecraft:coal_block":6,"minecraft:spruce_leaves":1,"minecraft:bricks":2,"minecraft:wall_torch":2,"minecraft:hay_block":28,"minecraft:raw_iron_block":5,"minecraft:iron_ore":2,"minecraft:spruce_log":6,"minecraft:anvil":1,"minecraft:coal_ore":1,"minecraft:oak_log":16,"regions_unexplored:medium_grass":3,"minecraft:stone":7,"minecraft:oak_leaves":2},"minecraft:picked_up":{"minecraft:crafting_table":3,"minecraft:ladder":1,"minecraft:oak_log":16,"minecraft:name_tag":1,"minecraft:melon_slice":12,"minecraft:coal_block":6,"minecraft:stick":5,"minecraft:raw_iron":3,"minecraft:torch":2,"minecraft:raw_iron_block":5,"minecraft:porkchop":3,"minecraft:spruce_sapling":1,"minecraft:blast_furnace":1,"minecraft:spruce_log":6,"minecraft:hay_block":28,"minecraft:oak_sapling":1,"minecraft:bricks":1,"minecraft:coal":22,"minecraft:cobblestone":7}},"DataVersion":3465}