{"stats":{"minecraft:custom":{"minecraft:time_since_rest":5884,"minecraft:sprint_one_cm":9857,"minecraft:play_time":5884,"minecraft:damage_taken":148,"minecraft:walk_one_cm":8726,"minecraft:sneak_time":7,"minecraft:jump":48,"minecraft:damage_dealt":4,"minecraft:leave_game":2,"minecraft:time_since_death":5884,"minecraft:total_world_time":5884,"minecraft:interact_with_crafting_table":2,"minecraft:fall_one_cm":3832,"minecraft:fly_one_cm":10381},"minecraft:mined":{"minecraft:spruce_log":10,"minecraft:crafting_table":2},"minecraft:picked_up":{"minecraft:crafting_table":2,"minecraft:spruce_planks":252,"regions_unexplored:spruce_branch":2,"minecraft:spruce_log":10,"minecraft:cobblestone":19},"minecraft:crafted":{"minecraft:crafting_table":1,"minecraft:spruce_planks":16,"minecraft:stick":32,"minecraft:wooden_pickaxe":1,"minecraft:wooden_axe":1},"minecraft:used":{"minecraft:wooden_axe":8,"minecraft:crafting_table":2}},"DataVersion":3465}