{"stats":{"minecraft:killed_by":{"minecraft:skeleton":4,"minecraft:zombie":1},"minecraft:used":{"minecraft:iron_shovel":18,"minecraft:ladder":1,"vanillaplustools:stone_hammer":60,"minecraft:cooked_chicken":2,"minecraft:iron_chestplate":1,"minecraft:torch":163,"minecraft:dirt":41,"simplyswords:gold_katana":5,"minecraft:granite":2,"minecraft:wooden_axe":29,"minecraft:bricks":1,"minecraft:iron_axe":190,"minecraft:hay_block":1,"minecraft:brown_bed":1,"minecraft:leather_leggings":1,"minecraft:baked_potato":1,"minecraft:oak_planks":13,"minecraft:wooden_pickaxe":8,"minecraft:chainmail_helmet":1,"minecraft:leather_boots":1,"bakery:sandwich":1,"minecraft:golden_apple":2,"minecraft:crafting_table":5,"minecraft:blast_furnace":1,"minecraft:cake":2,"minecraft:apple":1,"minecraft:melon_slice":2,"minecraft:bread":43,"minecraft:iron_pickaxe":207,"minecraft:gravel":1,"minecraft:cobblestone":212,"vanillaplustools:iron_hammer":244,"alexsmobs:animal_dictionary":2},"minecraft:custom":{"minecraft:interact_with_smithing_table":2,"minecraft:mob_kills":11,"minecraft:interact_with_crafting_table":46,"minecraft:open_barrel":32,"twilightforest:torchberries_harvested":2,"minecraft:eat_cake_slice":10,"minecraft:leave_game":1,"minecraft:time_since_death":16642,"minecraft:climb_one_cm":13212,"minecraft:sprint_one_cm":310258,"minecraft:walk_one_cm":535687,"minecraft:drop":94,"minecraft:play_time":123843,"minecraft:deaths":9,"minecraft:sneak_time":1127,"minecraft:walk_under_water_one_cm":12115,"minecraft:jump":1990,"minecraft:interact_with_blast_furnace":169,"minecraft:walk_on_water_one_cm":22729,"minecraft:total_world_time":123843,"minecraft:interact_with_furnace":206,"twilightforest:uncrafting_table_interactions":2,"minecraft:sleep_in_bed":4,"minecraft:time_since_rest":14797,"minecraft:damage_taken":6070,"minecraft:damage_absorbed":40,"minecraft:damage_dealt":1725,"minecraft:swim_one_cm":3962,"minecraft:fly_one_cm":516117,"minecraft:open_chest":89,"minecraft:crouch_one_cm":5421,"minecraft:interact_with_smoker":3,"minecraft:fall_one_cm":30609},"minecraft:killed":{"born_in_chaos_v1:maggot":2,"minecraft:skeleton":2,"minecraft:pig":1,"twilightforest:kobold":3,"twilightforest:redcap":1,"minecraft:zombie":2},"minecraft:dropped":{"minecraft:bread":7,"minecraft:iron_ingot":18,"minecraft:wheat_seeds":4,"twilightforest:firefly_jar":1,"twilightforest:canopy_sapling":24,"minecraft:cobblestone":1565,"twilightforest:canopy_log":64,"minecraft:coal":128,"minecraft:stick":14,"minecraft:dirt":1,"valhelsia_furniture:red_upholstered_dark_oak_stool":1,"twilightforest:firefly":3,"minecraft:torch":78,"minecraft:melon_slice":10,"gravestone:obituary":11,"minecraft:iron_axe":2,"minecraft:chainmail_leggings":1,"minecraft:bone":6,"minecraft:redstone":18,"minecraft:cooked_chicken":5,"minecraft:oak_planks":50,"minecraft:name_tag":1,"minecraft:poppy":1,"bossominium:vex_wing":2,"simplyswords:gold_katana":1,"vanillaplustools:stone_hammer":10,"minecraft:rabbit_stew":4,"minecraft:arrow":2,"minecraft:glass":1,"minecraft:stone_pickaxe":2},"minecraft:crafted":{"evilcraft:dark_spike":32,"minecraft:oak_planks":64,"minecraft:raw_iron":45,"minecraft:coal":54,"vanillaplustools:stone_hammer":5,"minecraft:glass":7,"vanillaplustools:iron_hammer":1,"evilcraft:blood_extractor":11,"minecraft:stone_pickaxe":14,"minecraft:wheat":243,"minecraft:crafting_table":2,"minecraft:spruce_planks":24,"minecraft:iron_helmet":1,"minecraft:wooden_pickaxe":1,"minecraft:birch_planks":20,"minecraft:bread":81,"minecraft:air":0,"minecraft:golden_apple":2,"minecraft:raw_gold":9,"minecraft:stick":104,"minecraft:iron_pickaxe":9,"minecraft:iron_ingot":291,"minecraft:wooden_axe":1,"minecraft:gold_ingot":16,"minecraft:iron_leggings":1,"minecraft:torch":304},"minecraft:mined":{"minecraft:diamond_ore":11,"minecraft:granite":2,"gravestone:gravestone":4,"minecraft:potted_dead_bush":1,"minecraft:grass_block":1,"minecraft:coal_block":6,"minecraft:spruce_leaves":2,"minecraft:spawner":1,"minecraft:hay_block":28,"minecraft:raw_iron_block":5,"minecraft:redstone_ore":5,"minecraft:raw_gold_block":1,"minecraft:iron_ore":13,"evilcraft:dark_ore":2,"minecraft:anvil":1,"minecraft:brown_bed":1,"regions_unexplored:medium_grass":4,"minecraft:stone":2708,"minecraft:crafting_table":3,"valhelsia_furniture:red_upholstered_dark_oak_stool":1,"minecraft:torch":5,"minecraft:blast_furnace":1,"minecraft:melon":2,"minecraft:cobblestone":14,"minecraft:tall_grass":2,"minecraft:oak_planks":3,"minecraft:bricks":2,"minecraft:wall_torch":7,"minecraft:birch_log":6,"minecraft:spruce_log":6,"minecraft:grass":1,"minecraft:oak_log":16,"minecraft:coal_ore":14,"minecraft:dirt":3,"minecraft:sand":18,"twilightforest:canopy_log":139,"minecraft:gold_ore":2,"minecraft:oak_leaves":2},"minecraft:picked_up":{"minecraft:crafting_table":3,"minecraft:wheat":1,"minecraft:ladder":1,"minecraft:flower_pot":1,"valhelsia_furniture:red_upholstered_dark_oak_stool":2,"minecraft:brown_bed":1,"gravestone:obituary":5,"minecraft:string":1,"minecraft:written_book":1,"minecraft:poppy":1,"minecraft:sugar_cane":3,"minecraft:light_gray_wool":1,"bossominium:vex_wing":3,"minecraft:melon_slice":12,"minecraft:coal_block":6,"twilightforest:firefly_jar":1,"minecraft:stick":57,"minecraft:raw_iron":57,"minecraft:raw_gold_block":1,"minecraft:torch":13,"minecraft:porkchop":3,"minecraft:redstone":82,"twilightforest:firefly":8,"minecraft:arrow":9,"minecraft:rotten_flesh":1,"minecraft:hay_block":28,"minecraft:cobblestone":2670,"minecraft:birch_log":5,"bakery:sandwich":1,"minecraft:leather_chestplate":1,"paraglider:spirit_orb":2,"minecraft:oak_log":16,"evilcraft:flesh_humanoid":2,"minecraft:dirt":44,"minecraft:name_tag":1,"twilightforest:canopy_sapling":24,"minecraft:bone":7,"minecraft:wheat_seeds":4,"minecraft:raw_gold":6,"minecraft:iron_ingot":6,"minecraft:stone_pickaxe":34,"minecraft:dark_oak_sign":2,"minecraft:glowstone_dust":14,"simplyswords:gold_katana":1,"minecraft:oak_planks":35,"minecraft:raw_iron_block":5,"minecraft:gravel":1,"minecraft:sand":18,"twilightforest:canopy_log":185,"minecraft:spruce_sapling":1,"minecraft:blast_furnace":1,"minecraft:spruce_log":6,"minecraft:dead_bush":1,"minecraft:diamond":14,"evilcraft:dark_gem":8,"minecraft:granite":2,"vanillaplustools:stone_hammer":7,"minecraft:chainmail_helmet":1,"minecraft:oak_sapling":1,"twilightforest:torchberries":1,"minecraft:bricks":1,"minecraft:coal":271}},"DataVersion":3465}