{"stats":{"minecraft:killed_by":{"minecraft:zombie":1},"minecraft:used":{"minecraft:leather_leggings":1,"minecraft:oak_planks":2,"minecraft:ladder":1,"minecraft:wooden_pickaxe":8,"minecraft:chainmail_helmet":1,"minecraft:leather_boots":1,"minecraft:iron_chestplate":1,"minecraft:torch":53,"minecraft:golden_apple":2,"minecraft:dirt":41,"minecraft:crafting_table":4,"simplyswords:gold_katana":4,"minecraft:blast_furnace":1,"minecraft:granite":2,"minecraft:cake":2,"minecraft:wooden_axe":29,"minecraft:apple":1,"minecraft:bricks":1,"minecraft:iron_axe":15,"minecraft:bread":13,"minecraft:melon_slice":2,"minecraft:iron_pickaxe":148,"minecraft:gravel":1,"minecraft:cobblestone":71,"minecraft:hay_block":1,"alexsmobs:animal_dictionary":2},"minecraft:custom":{"minecraft:interact_with_smithing_table":2,"minecraft:interact_with_furnace":17,"minecraft:mob_kills":2,"minecraft:interact_with_crafting_table":13,"minecraft:open_barrel":27,"minecraft:eat_cake_slice":10,"minecraft:leave_game":1,"minecraft:time_since_death":16029,"minecraft:sleep_in_bed":1,"minecraft:climb_one_cm":12890,"minecraft:time_since_rest":16051,"minecraft:sprint_one_cm":91540,"minecraft:damage_absorbed":40,"minecraft:damage_taken":1782,"minecraft:walk_one_cm":215772,"minecraft:drop":10,"minecraft:damage_dealt":243,"minecraft:fly_one_cm":81296,"minecraft:open_chest":57,"minecraft:crouch_one_cm":928,"minecraft:play_time":45843,"minecraft:deaths":1,"minecraft:sneak_time":394,"minecraft:walk_under_water_one_cm":7293,"minecraft:jump":779,"minecraft:interact_with_blast_furnace":24,"minecraft:walk_on_water_one_cm":5368,"minecraft:total_world_time":45843,"minecraft:interact_with_smoker":3,"minecraft:fall_one_cm":11754},"minecraft:killed":{"minecraft:pig":1,"minecraft:zombie":1},"minecraft:dropped":{"minecraft:iron_ingot":12,"minecraft:cobblestone":2,"minecraft:oak_planks":32,"minecraft:name_tag":1,"minecraft:coal":32,"minecraft:torch":14,"minecraft:rabbit_stew":4,"minecraft:iron_axe":1,"minecraft:chainmail_leggings":1},"minecraft:crafted":{"minecraft:oak_planks":64,"minecraft:raw_iron":45,"minecraft:coal":54,"minecraft:crafting_table":2,"minecraft:spruce_planks":24,"minecraft:wooden_pickaxe":1,"minecraft:iron_helmet":1,"minecraft:bread":81,"minecraft:air":0,"minecraft:stick":52,"minecraft:iron_ingot":54,"minecraft:iron_pickaxe":1,"minecraft:wooden_axe":1,"minecraft:iron_leggings":1,"minecraft:torch":120,"minecraft:wheat":243},"minecraft:mined":{"minecraft:torch":1,"minecraft:crafting_table":3,"valhelsia_furniture:red_upholstered_dark_oak_stool":1,"gravestone:gravestone":1,"minecraft:granite":2,"minecraft:blast_furnace":1,"minecraft:melon":2,"minecraft:tall_grass":2,"minecraft:coal_block":6,"minecraft:cobblestone":3,"minecraft:spruce_leaves":1,"minecraft:oak_planks":2,"minecraft:bricks":2,"minecraft:wall_torch":3,"minecraft:hay_block":28,"minecraft:raw_iron_block":5,"minecraft:iron_ore":3,"minecraft:spruce_log":6,"evilcraft:dark_ore":2,"minecraft:anvil":1,"minecraft:coal_ore":3,"minecraft:oak_log":16,"minecraft:dirt":3,"regions_unexplored:medium_grass":3,"minecraft:stone":124,"minecraft:oak_leaves":2},"minecraft:picked_up":{"minecraft:crafting_table":3,"minecraft:leather_chestplate":1,"minecraft:ladder":1,"valhelsia_furniture:red_upholstered_dark_oak_stool":1,"minecraft:oak_log":16,"evilcraft:flesh_humanoid":1,"minecraft:dirt":41,"minecraft:name_tag":1,"minecraft:bone":1,"minecraft:dark_oak_sign":1,"bossominium:vex_wing":1,"minecraft:melon_slice":12,"minecraft:coal_block":6,"minecraft:oak_planks":34,"minecraft:stick":5,"minecraft:raw_iron":5,"minecraft:torch":5,"minecraft:gravel":1,"minecraft:raw_iron_block":5,"minecraft:porkchop":3,"minecraft:spruce_sapling":1,"minecraft:blast_furnace":1,"minecraft:spruce_log":6,"evilcraft:dark_gem":8,"minecraft:hay_block":28,"minecraft:granite":2,"minecraft:oak_sapling":1,"minecraft:bricks":1,"minecraft:coal":57,"minecraft:cobblestone":83}},"DataVersion":3465}