{"stats":{"minecraft:killed_by":{"minecraft:zombie":1},"minecraft:used":{"minecraft:iron_shovel":18,"minecraft:ladder":1,"vanillaplustools:stone_hammer":5,"minecraft:cooked_chicken":2,"minecraft:iron_chestplate":1,"minecraft:torch":136,"minecraft:dirt":41,"simplyswords:gold_katana":5,"minecraft:granite":2,"minecraft:wooden_axe":29,"minecraft:bricks":1,"minecraft:iron_axe":177,"minecraft:hay_block":1,"minecraft:leather_leggings":1,"minecraft:oak_planks":13,"minecraft:wooden_pickaxe":8,"minecraft:chainmail_helmet":1,"minecraft:leather_boots":1,"minecraft:golden_apple":2,"minecraft:crafting_table":5,"minecraft:blast_furnace":1,"minecraft:cake":2,"minecraft:apple":1,"minecraft:melon_slice":2,"minecraft:bread":25,"minecraft:iron_pickaxe":207,"minecraft:gravel":1,"minecraft:cobblestone":124,"vanillaplustools:iron_hammer":225,"alexsmobs:animal_dictionary":2},"minecraft:custom":{"minecraft:interact_with_smithing_table":2,"minecraft:mob_kills":7,"minecraft:interact_with_crafting_table":37,"minecraft:open_barrel":32,"twilightforest:torchberries_harvested":2,"minecraft:eat_cake_slice":10,"minecraft:leave_game":1,"minecraft:time_since_death":58029,"minecraft:climb_one_cm":13212,"minecraft:sprint_one_cm":223288,"minecraft:walk_one_cm":367492,"minecraft:drop":63,"minecraft:play_time":87843,"minecraft:deaths":1,"minecraft:sneak_time":491,"minecraft:walk_under_water_one_cm":10151,"minecraft:jump":1401,"minecraft:interact_with_blast_furnace":26,"minecraft:walk_on_water_one_cm":12064,"minecraft:total_world_time":87843,"minecraft:interact_with_furnace":35,"minecraft:sleep_in_bed":2,"minecraft:time_since_rest":39587,"minecraft:damage_taken":2423,"minecraft:damage_absorbed":40,"minecraft:damage_dealt":1036,"minecraft:swim_one_cm":3962,"minecraft:fly_one_cm":420268,"minecraft:open_chest":81,"minecraft:crouch_one_cm":1180,"minecraft:interact_with_smoker":3,"minecraft:fall_one_cm":17264},"minecraft:killed":{"born_in_chaos_v1:maggot":2,"minecraft:pig":1,"twilightforest:kobold":2,"minecraft:zombie":2},"minecraft:dropped":{"minecraft:iron_ingot":18,"minecraft:wheat_seeds":2,"twilightforest:firefly_jar":1,"twilightforest:canopy_sapling":24,"minecraft:cobblestone":1245,"twilightforest:canopy_log":64,"minecraft:coal":32,"minecraft:stick":14,"minecraft:dirt":1,"valhelsia_furniture:red_upholstered_dark_oak_stool":1,"twilightforest:firefly":3,"minecraft:torch":78,"minecraft:iron_axe":2,"minecraft:chainmail_leggings":1,"minecraft:redstone":17,"minecraft:cooked_chicken":5,"minecraft:oak_planks":50,"minecraft:name_tag":1,"bossominium:vex_wing":2,"simplyswords:gold_katana":1,"vanillaplustools:stone_hammer":6,"minecraft:rabbit_stew":4,"minecraft:stone_pickaxe":2},"minecraft:crafted":{"evilcraft:dark_spike":32,"minecraft:oak_planks":64,"minecraft:raw_iron":45,"minecraft:coal":54,"vanillaplustools:stone_hammer":5,"minecraft:glass":7,"vanillaplustools:iron_hammer":1,"evilcraft:blood_extractor":11,"minecraft:stone_pickaxe":14,"minecraft:wheat":243,"minecraft:crafting_table":2,"minecraft:spruce_planks":24,"minecraft:iron_helmet":1,"minecraft:wooden_pickaxe":1,"minecraft:birch_planks":20,"minecraft:bread":81,"minecraft:air":0,"minecraft:stick":104,"minecraft:iron_pickaxe":9,"minecraft:iron_ingot":75,"minecraft:wooden_axe":1,"minecraft:iron_leggings":1,"minecraft:torch":304},"minecraft:mined":{"minecraft:granite":2,"gravestone:gravestone":1,"minecraft:potted_dead_bush":1,"minecraft:grass_block":1,"minecraft:coal_block":6,"minecraft:spruce_leaves":2,"minecraft:spawner":1,"minecraft:hay_block":28,"minecraft:raw_iron_block":5,"minecraft:redstone_ore":5,"minecraft:iron_ore":3,"evilcraft:dark_ore":2,"minecraft:anvil":1,"regions_unexplored:medium_grass":4,"minecraft:stone":2186,"minecraft:crafting_table":3,"valhelsia_furniture:red_upholstered_dark_oak_stool":1,"minecraft:torch":5,"minecraft:blast_furnace":1,"minecraft:melon":2,"minecraft:cobblestone":9,"minecraft:tall_grass":2,"minecraft:oak_planks":3,"minecraft:bricks":2,"minecraft:wall_torch":3,"minecraft:birch_log":6,"minecraft:spruce_log":6,"minecraft:grass":1,"minecraft:oak_log":16,"minecraft:coal_ore":10,"minecraft:dirt":3,"minecraft:sand":18,"twilightforest:canopy_log":139,"minecraft:oak_leaves":2},"minecraft:picked_up":{"minecraft:crafting_table":3,"minecraft:ladder":1,"minecraft:flower_pot":1,"valhelsia_furniture:red_upholstered_dark_oak_stool":2,"minecraft:written_book":1,"bossominium:vex_wing":3,"minecraft:melon_slice":12,"minecraft:coal_block":6,"twilightforest:firefly_jar":1,"minecraft:stick":57,"minecraft:raw_iron":5,"minecraft:torch":11,"minecraft:porkchop":3,"minecraft:redstone":59,"twilightforest:firefly":8,"minecraft:rotten_flesh":1,"minecraft:hay_block":28,"minecraft:cobblestone":1830,"minecraft:birch_log":5,"bakery:sandwich":1,"minecraft:leather_chestplate":1,"paraglider:spirit_orb":2,"minecraft:oak_log":16,"evilcraft:flesh_humanoid":1,"minecraft:dirt":44,"minecraft:name_tag":1,"twilightforest:canopy_sapling":24,"minecraft:bone":1,"minecraft:wheat_seeds":2,"minecraft:iron_ingot":6,"minecraft:stone_pickaxe":34,"minecraft:dark_oak_sign":2,"simplyswords:gold_katana":1,"minecraft:oak_planks":35,"minecraft:raw_iron_block":5,"minecraft:gravel":1,"minecraft:sand":18,"twilightforest:canopy_log":185,"minecraft:spruce_sapling":1,"minecraft:blast_furnace":1,"minecraft:spruce_log":6,"minecraft:dead_bush":1,"evilcraft:dark_gem":8,"minecraft:granite":2,"vanillaplustools:stone_hammer":4,"minecraft:oak_sapling":1,"twilightforest:torchberries":1,"minecraft:bricks":1,"minecraft:coal":143}},"DataVersion":3465}