{"stats":{"minecraft:killed_by":{"minecraft:zombie":1},"minecraft:used":{"minecraft:leather_leggings":1,"minecraft:iron_shovel":18,"minecraft:oak_planks":13,"minecraft:ladder":1,"minecraft:wooden_pickaxe":8,"minecraft:chainmail_helmet":1,"minecraft:leather_boots":1,"minecraft:iron_chestplate":1,"minecraft:torch":57,"minecraft:golden_apple":2,"minecraft:dirt":41,"minecraft:crafting_table":4,"simplyswords:gold_katana":4,"minecraft:blast_furnace":1,"minecraft:granite":2,"minecraft:cake":2,"minecraft:wooden_axe":29,"minecraft:apple":1,"minecraft:bricks":1,"minecraft:iron_axe":16,"minecraft:bread":17,"minecraft:melon_slice":2,"minecraft:iron_pickaxe":199,"minecraft:gravel":1,"minecraft:cobblestone":78,"minecraft:hay_block":1,"alexsmobs:animal_dictionary":2},"minecraft:custom":{"minecraft:interact_with_smithing_table":2,"minecraft:interact_with_furnace":32,"minecraft:mob_kills":2,"minecraft:interact_with_crafting_table":21,"minecraft:open_barrel":32,"minecraft:eat_cake_slice":10,"minecraft:leave_game":1,"minecraft:time_since_death":28029,"minecraft:sleep_in_bed":2,"minecraft:climb_one_cm":13212,"minecraft:time_since_rest":9587,"minecraft:sprint_one_cm":114420,"minecraft:damage_absorbed":40,"minecraft:damage_taken":2045,"minecraft:walk_one_cm":248256,"minecraft:drop":20,"minecraft:damage_dealt":243,"minecraft:swim_one_cm":1079,"minecraft:fly_one_cm":340325,"minecraft:open_chest":63,"minecraft:crouch_one_cm":928,"minecraft:play_time":57843,"minecraft:deaths":1,"minecraft:sneak_time":415,"minecraft:walk_under_water_one_cm":9501,"minecraft:jump":911,"minecraft:interact_with_blast_furnace":26,"minecraft:walk_on_water_one_cm":10394,"minecraft:total_world_time":57843,"minecraft:interact_with_smoker":3,"minecraft:fall_one_cm":12984},"minecraft:killed":{"minecraft:pig":1,"minecraft:zombie":1},"minecraft:dropped":{"minecraft:iron_ingot":18,"minecraft:wheat_seeds":2,"minecraft:cobblestone":2,"minecraft:oak_planks":32,"minecraft:name_tag":1,"minecraft:coal":32,"bossominium:vex_wing":2,"valhelsia_furniture:red_upholstered_dark_oak_stool":1,"minecraft:torch":14,"minecraft:rabbit_stew":4,"minecraft:iron_axe":1,"minecraft:chainmail_leggings":1},"minecraft:crafted":{"evilcraft:dark_spike":32,"minecraft:oak_planks":64,"minecraft:raw_iron":45,"minecraft:coal":54,"minecraft:crafting_table":2,"minecraft:spruce_planks":24,"minecraft:wooden_pickaxe":1,"minecraft:iron_helmet":1,"minecraft:bread":81,"minecraft:air":0,"minecraft:glass":7,"evilcraft:blood_extractor":11,"minecraft:stick":52,"minecraft:iron_ingot":75,"minecraft:iron_pickaxe":1,"minecraft:wooden_axe":1,"minecraft:iron_leggings":1,"minecraft:torch":120,"minecraft:wheat":243},"minecraft:mined":{"minecraft:potted_dead_bush":1,"minecraft:torch":2,"minecraft:crafting_table":3,"valhelsia_furniture:red_upholstered_dark_oak_stool":1,"gravestone:gravestone":1,"minecraft:granite":2,"minecraft:blast_furnace":1,"minecraft:grass_block":1,"minecraft:melon":2,"minecraft:tall_grass":2,"minecraft:coal_block":6,"minecraft:cobblestone":9,"minecraft:spruce_leaves":2,"minecraft:oak_planks":3,"minecraft:bricks":2,"minecraft:wall_torch":3,"minecraft:spawner":1,"minecraft:hay_block":28,"minecraft:raw_iron_block":5,"minecraft:iron_ore":3,"minecraft:spruce_log":6,"evilcraft:dark_ore":2,"minecraft:anvil":1,"minecraft:coal_ore":3,"minecraft:oak_log":16,"minecraft:sand":18,"minecraft:dirt":3,"regions_unexplored:medium_grass":4,"minecraft:stone":167,"minecraft:oak_leaves":2},"minecraft:picked_up":{"minecraft:crafting_table":3,"minecraft:leather_chestplate":1,"minecraft:ladder":1,"minecraft:flower_pot":1,"valhelsia_furniture:red_upholstered_dark_oak_stool":2,"paraglider:spirit_orb":2,"minecraft:oak_log":16,"evilcraft:flesh_humanoid":1,"minecraft:dirt":42,"minecraft:name_tag":1,"minecraft:bone":1,"minecraft:wheat_seeds":2,"minecraft:dark_oak_sign":2,"bossominium:vex_wing":3,"minecraft:melon_slice":12,"minecraft:coal_block":6,"minecraft:oak_planks":35,"twilightforest:firefly_jar":1,"minecraft:stick":5,"minecraft:raw_iron":5,"minecraft:torch":6,"minecraft:sand":18,"minecraft:gravel":1,"minecraft:raw_iron_block":5,"minecraft:porkchop":3,"minecraft:spruce_sapling":1,"minecraft:blast_furnace":1,"minecraft:dead_bush":1,"minecraft:spruce_log":6,"evilcraft:dark_gem":8,"minecraft:hay_block":28,"minecraft:granite":2,"minecraft:oak_sapling":1,"minecraft:bricks":1,"minecraft:coal":57,"minecraft:cobblestone":131}},"DataVersion":3465}