{"stats":{"minecraft:custom":{"minecraft:time_since_rest":18658,"minecraft:sprint_one_cm":58501,"minecraft:walk_one_cm":139052,"minecraft:damage_taken":3403,"minecraft:damage_absorbed":2664,"minecraft:mob_kills":2,"minecraft:drop":39,"minecraft:damage_dealt":409,"minecraft:interact_with_crafting_table":3,"minecraft:fly_one_cm":119888,"minecraft:player_kills":1,"minecraft:play_time":29884,"minecraft:deaths":1,"minecraft:sneak_time":25,"minecraft:walk_under_water_one_cm":1066,"minecraft:jump":445,"minecraft:leave_game":2,"minecraft:time_since_death":18629,"minecraft:walk_on_water_one_cm":2985,"minecraft:total_world_time":29884,"minecraft:damage_resisted":1395,"minecraft:fall_one_cm":11049},"minecraft:picked_up":{"minecraft:coarse_dirt":2,"minecraft:stick":2,"minecraft:crafting_table":3,"simplyswords:harbinger":1,"iceandfire:dragonsteel_fire_sword":1,"minecraft:diamond_sword":2,"twilightforest:giant_pickaxe":1,"simplyswords:tainted_relic":2,"evilcraft:flesh_humanoid":1,"minecraft:spruce_sapling":3,"minecraft:spruce_log":15,"minecraft:dirt":84,"simplyswords:whisperwind":1,"tacz:ammo":1272,"minecraft:diamond_chestplate":3,"minecraft:rotten_flesh":2,"tacz:modern_kinetic_gun":1,"minecraft:diamond_leggings":2,"minecraft:spruce_planks":294,"minecraft:diamond_boots":2,"regions_unexplored:spruce_branch":2,"minecraft:diamond_helmet":2,"minecraft:enchanted_golden_apple":142,"simplyswords:awakened_lichblade":2,"minecraft:coal":18,"minecraft:cobblestone":69},"minecraft:mined":{"minecraft:podzol":1,"minecraft:spruce_log":16,"minecraft:crafting_table":3,"gravestone:gravestone":1,"minecraft:coal_ore":2,"minecraft:dead_bush":1,"minecraft:dirt":20,"minecraft:stone":36},"minecraft:crafted":{"minecraft:crafting_table":1,"minecraft:spruce_planks":60,"minecraft:stick":32,"minecraft:wooden_pickaxe":1,"minecraft:wooden_axe":1,"minecraft:torch":72},"minecraft:used":{"minecraft:wooden_axe":16,"simplyswords:harbinger":4,"minecraft:spruce_planks":36,"minecraft:wooden_pickaxe":2,"iceandfire:dragonsteel_fire_sword":8,"simplyswords:whisperwind":2,"minecraft:diamond_sword":8,"minecraft:dirt":40,"minecraft:crafting_table":4,"minecraft:coarse_dirt":2,"minecraft:enchanted_golden_apple":42,"twilightforest:giant_pickaxe":52},"minecraft:dropped":{"minecraft:diamond_sword":2,"minecraft:dirt":44,"minecraft:diamond_chestplate":2,"simplyswords:harbinger":1,"alexsmobs:animal_dictionary":1,"minecraft:spruce_planks":234,"minecraft:wooden_axe":1,"weaponmaster:tutorialbook":1,"minecraft:diamond_helmet":1,"minecraft:diamond_leggings":1,"minecraft:cobblestone":69,"minecraft:rotten_flesh":2,"gravestone:obituary":1,"minecraft:diamond_boots":1,"minecraft:enchanted_golden_apple":14,"minecraft:wooden_pickaxe":1,"evilcraft:flesh_humanoid":1,"bossominium:the_bossdexium":1,"minecraft:spruce_sapling":3,"minecraft:stick":12},"minecraft:killed":{"minecraft:zombie":1,"undead_revamp2:thepregnant":1}},"DataVersion":3465}