{"stats":{"minecraft:picked_up":{"minecraft:wheat":19,"minecraft:flower_pot":1,"valhelsia_furniture:red_upholstered_dark_oak_stool":2,"minecraft:brown_bed":1,"minecraft:stone_brick_stairs":1,"minecraft:string":13,"minecraft:raw_copper":9,"minecraft:armor_stand":1,"valhelsia_structures:oak_post":1,"minecraft:gold_nugget":4,"minecraft:spruce_planks":1,"minecraft:bucket":1,"minecraft:written_book":3,"minecraft:iron_pickaxe":1,"minecraft:melon_slice":25,"minecraft:coal_block":9,"evilcraft:blood_extractor":2,"twilightforest:firefly_jar":1,"minecraft:furnace":5,"minecraft:stick":67,"weaponmaster:weaponkit":1,"minecraft:torch":31,"minecraft:porkchop":7,"minecraft:rotten_flesh":24,"minecraft:cobblestone":7216,"minecraft:birch_log":5,"bakery:sandwich":1,"minecraft:leather_chestplate":1,"minecraft:water_bucket":1,"minecraft:andesite":1,"minecraft:black_bed":1,"twilightforest:ore_magnet":1,"paraglider:spirit_orb":6,"evilcraft:flesh_humanoid":3,"minecraft:dirt":101,"minecraft:lapis_lazuli":48,"minecraft:lantern":1,"minecraft:name_tag":1,"twilightforest:canopy_sapling":27,"minecraft:bone":17,"minecraft:glass":10,"cardinal_sins:scythe":1,"minecraft:wheat_seeds":7,"valhelsia_structures:metal_framed_glass_pane":1,"minecraft:raw_gold":22,"minecraft:bell":1,"minecraft:dark_oak_sign":4,"minecraft:mossy_stone_bricks":1,"minecraft:glowstone_dust":14,"simplyswords:gold_katana":1,"minecraft:oak_planks":35,"minecraft:sand":18,"valhelsia_furniture:spruce_table":2,"twilightforest:canopy_slab":18,"twilightforest:canopy_log":228,"minecraft:stripped_spruce_log":13,"minecraft:dead_bush":1,"minecraft:mossy_cobblestone":1,"twilightforest:canopy_planks":2,"minecraft:diamond":60,"minecraft:granite":2,"minecraft:chainmail_helmet":1,"minecraft:rooted_dirt":3,"minecraft:oak_sapling":1,"valhelsia_structures:unlit_lantern":1,"minecraft:bricks":1,"twilightforest:torchberries":1,"minecraft:crafting_table":3,"minecraft:coarse_dirt":4,"minecraft:ladder":2,"evilcraft:dark_power_gem":1,"born_in_chaos_v1:seedof_chaos":1,"minecraft:chain":1,"gravestone:obituary":6,"minecraft:cornflower":13,"minecraft:spruce_slab":2,"bossominium:vex_wing":3,"minecraft:light_gray_wool":1,"minecraft:poppy":1,"evilcraft:hardened_blood_shard":47,"minecraft:sugar_cane":9,"minecraft:raw_iron":174,"minecraft:raw_gold_block":1,"minecraft:bowl":1,"minecraft:redstone":192,"twilightforest:firefly":9,"minecraft:arrow":19,"minecraft:hay_block":54,"born_in_chaos_v1:corpse_maggot":2,"minecraft:leather":8,"minecraft:birch_planks":33,"minecraft:oak_log":16,"minecraft:gunpowder":3,"twilightforest:raw_venison":18,"minecraft:stone_bricks":2,"minecraft:iron_ingot":16,"minecraft:stone_pickaxe":34,"born_in_chaos_v1:ethereal_spirit":2,"minecraft:raw_iron_block":8,"minecraft:gravel":4,"minecraft:spruce_sapling":1,"minecraft:blast_furnace":5,"minecraft:spruce_log":6,"minecraft:spruce_door":2,"minecraft:spider_eye":1,"minecraft:pumpkin_seeds":4,"cardinal_sins:sinsencyclopedia":1,"evilcraft:dark_gem":27,"vanillaplustools:stone_hammer":7,"minecraft:coal":499},"minecraft:broken":{"twilightforest:ore_magnet":1},"minecraft:custom":{"minecraft:interact_with_crafting_table":114,"minecraft:open_barrel":93,"twilightforest:torchberries_harvested":2,"minecraft:eat_cake_slice":12,"minecraft:leave_game":4,"minecraft:time_since_death":119716,"minecraft:sprint_one_cm":1123110,"minecraft:drop":170,"minecraft:talked_to_villager":2,"minecraft:play_time":371646,"minecraft:deaths":15,"minecraft:jump":5690,"minecraft:walk_on_water_one_cm":34354,"minecraft:enchant_item":2,"minecraft:interact_with_furnace":370,"twilightforest:uncrafting_table_interactions":5,"minecraft:interact_with_loom":1,"minecraft:sleep_in_bed":14,"minecraft:damage_dealt":7471,"minecraft:player_kills":3,"minecraft:crouch_one_cm":42457,"minecraft:interact_with_smoker":6,"minecraft:use_cauldron":1,"minecraft:interact_with_smithing_table":4,"minecraft:mob_kills":67,"minecraft:damage_dealt_resisted":1200,"minecraft:climb_one_cm":43419,"minecraft:walk_one_cm":1677777,"minecraft:damage_dealt_absorbed":108,"minecraft:sneak_time":9036,"minecraft:walk_under_water_one_cm":43157,"minecraft:interact_with_blast_furnace":226,"minecraft:total_world_time":371646,"minecraft:time_since_rest":107174,"minecraft:damage_taken":12464,"minecraft:damage_absorbed":166,"minecraft:trigger_trapped_chest":1,"minecraft:swim_one_cm":3962,"minecraft:fly_one_cm":4636266,"minecraft:open_chest":307,"minecraft:fall_one_cm":96722},"minecraft:killed_by":{"minecraft:zombie":1,"minecraft:skeleton":4,"iceandfire:ghost":1},"minecraft:killed":{"twilightforest:boar":2,"minecraft:spider":2,"dungeonsweaponry:enchanter":1,"undead_revamp2:thesmoker":1,"born_in_chaos_v1:scarlet_persecutor":1,"minecraft:skeleton":6,"undead_revamp2:thepregnant":1,"minecraft:pig":1,"minecraft:creeper":3,"twilightforest:redcap":1,"minecraft:zombie":7,"born_in_chaos_v1:corpse_fly":2,"twilightforest:deer":8,"undead_revamp2:thehunter":1,"born_in_chaos_v1:maggot":2,"minecraft:phantom":4,"undead_revamp2:sucker":1,"born_in_chaos_v1:spiritof_chaos":1,"undead_revamp2:the_moonflower":2,"twilightforest:kobold":8,"born_in_chaos_v1:decrepit_skeleton":1,"iceandfire:ghost":4},"minecraft:used":{"minecraft:iron_shovel":31,"minecraft:ladder":2,"evilcraft:blood_chest":1,"minecraft:chest":1,"minecraft:iron_sword":7,"minecraft:iron_chestplate":1,"simplyswords:gold_katana":8,"minecraft:bricks":1,"minecraft:lantern":1,"minecraft:rabbit_stew":1,"cardinal_sins:scythe":2,"minecraft:hay_block":1,"minecraft:leather_leggings":1,"minecraft:oak_planks":24,"minecraft:wooden_pickaxe":8,"minecraft:chainmail_helmet":1,"bakery:sandwich":1,"minecraft:golden_apple":6,"minecraft:blast_furnace":5,"minecraft:melon_slice":2,"minecraft:bread":132,"minecraft:gravel":1,"twilightforest:canopy_slab":211,"minecraft:cobweb":3,"twilightforest:canopy_planks":6,"minecraft:flint_and_steel":3,"vanillaplustools:stone_hammer":61,"minecraft:cooked_chicken":2,"evilcraft:purifier":1,"minecraft:torch":391,"minecraft:dirt":43,"minecraft:granite":2,"minecraft:wooden_axe":29,"minecraft:iron_axe":420,"minecraft:totem_of_undying":1,"minecraft:cooked_beef":7,"minecraft:brown_bed":1,"minecraft:water_bucket":21,"minecraft:birch_planks":3,"minecraft:baked_potato":1,"evilcraft:blood_infuser":1,"minecraft:leather_boots":1,"minecraft:crafting_table":8,"minecraft:cake":2,"minecraft:cornflower":13,"minecraft:apple":8,"minecraft:iron_pickaxe":439,"minecraft:cobblestone":399,"evilcraft:dark_tank":1,"vanillaplustools:iron_hammer":747,"minecraft:bucket":21,"alexsmobs:animal_dictionary":2},"minecraft:crafted":{"minecraft:oak_planks":72,"sophisticatedbackpacks:crafting_upgrade":1,"minecraft:glass":7,"twilightforest:cooked_venison":18,"vanillaplustools:iron_hammer":5,"minecraft:iron_boots":2,"evilcraft:blood_extractor":19,"twilightforest:canopy_slab":198,"minecraft:chest":3,"minecraft:copper_block":14,"sophisticatedbackpacks:backpack":1,"minecraft:crafting_table":5,"minecraft:spruce_planks":76,"minecraft:wooden_pickaxe":1,"minecraft:iron_helmet":2,"minecraft:copper_ingot":127,"minecraft:birch_planks":20,"sophisticatedbackpacks:upgrade_base":2,"minecraft:iron_chestplate":1,"sophisticatedbackpacks:diamond_backpack":1,"minecraft:stick":192,"minecraft:iron_pickaxe":28,"minecraft:iron_ingot":469,"minecraft:iron_block":87,"minecraft:gold_ingot":44,"evilcraft:dark_spike":32,"minecraft:raw_iron":72,"minecraft:coal":135,"vanillaplustools:stone_hammer":5,"minecraft:iron_nugget":1,"evilcraft:blood_chest":1,"sophisticatedbackpacks:stack_upgrade_tier_1":1,"minecraft:stone_pickaxe":14,"twilightforest:canopy_planks":172,"minecraft:wheat":487,"sophisticatedbackpacks:iron_backpack":1,"minecraft:coal_block":73,"evilcraft:dark_tank":1,"evilcraft:blood_infusion_core":2,"sophisticatedbackpacks:gold_backpack":1,"minecraft:bread":165,"minecraft:air":0,"evilcraft:purifier":1,"minecraft:golden_apple":3,"minecraft:raw_gold":9,"evilcraft:blood_infuser":1,"minecraft:wooden_axe":1,"minecraft:iron_leggings":2,"minecraft:torch":496},"minecraft:dropped":{"minecraft:birch_planks":14,"valhelsia_furniture:spruce_table":1,"minecraft:diamond":2,"minecraft:black_bed":1,"minecraft:rooted_dirt":3,"minecraft:leather":2,"minecraft:dirt":46,"valhelsia_furniture:red_upholstered_dark_oak_stool":1,"valhelsia_structures:oak_post":1,"twilightforest:firefly":4,"gravestone:obituary":17,"minecraft:pumpkin_pie":3,"minecraft:gold_ingot":3,"minecraft:bone":6,"minecraft:gravel":2,"minecraft:iron_nugget":1,"minecraft:cooked_chicken":5,"minecraft:rotten_flesh":3,"minecraft:oak_planks":50,"evilcraft:flesh_humanoid":1,"twilightforest:torchberries":1,"minecraft:poppy":1,"minecraft:gunpowder":1,"born_in_chaos_v1:corpse_maggot":1,"vanillaplustools:stone_hammer":10,"minecraft:arrow":6,"minecraft:glass":1,"minecraft:written_book":1,"minecraft:enchanted_book":1,"minecraft:water_bucket":2,"minecraft:bread":15,"minecraft:iron_ingot":28,"twilightforest:canopy_slab":5,"minecraft:wheat_seeds":4,"twilightforest:firefly_jar":1,"twilightforest:canopy_sapling":27,"minecraft:cobblestone":1693,"evilcraft:dark_gem":1,"twilightforest:canopy_log":96,"minecraft:coal":130,"minecraft:coal_block":9,"minecraft:stick":25,"evilcraft:blood_extractor":3,"minecraft:torch":78,"minecraft:melon_slice":20,"twilightforest:canopy_planks":1,"minecraft:iron_axe":2,"cardinal_sins:sinsencyclopedia":1,"minecraft:chainmail_leggings":1,"minecraft:string":6,"minecraft:redstone":18,"minecraft:furnace":1,"minecraft:coarse_dirt":4,"minecraft:raw_copper":9,"minecraft:dark_oak_sign":1,"minecraft:bowl":2,"minecraft:name_tag":1,"bossominium:vex_wing":2,"minecraft:hay_block":6,"simplyswords:gold_katana":1,"minecraft:rabbit_stew":4,"minecraft:stone_pickaxe":2,"minecraft:raw_gold":3},"minecraft:mined":{"minecraft:granite":2,"minecraft:potted_dead_bush":1,"minecraft:grass_block":9,"valhelsia_structures:oak_post":1,"minecraft:coal_block":9,"minecraft:spawner":2,"minecraft:raw_iron_block":8,"minecraft:iron_ore":33,"minecraft:fire":2,"minecraft:anvil":1,"minecraft:brown_bed":1,"valhelsia_furniture:red_upholstered_dark_oak_stool":1,"minecraft:torch":15,"minecraft:blast_furnace":1,"minecraft:melon":5,"iceandfire:ghost_chest":1,"minecraft:chest":1,"minecraft:cobblestone":61,"minecraft:sugar_cane":3,"minecraft:oak_planks":4,"minecraft:bricks":2,"minecraft:wall_torch":16,"minecraft:birch_log":6,"minecraft:jukebox":1,"minecraft:stone_brick_stairs":2,"minecraft:grass":10,"minecraft:oak_log":16,"minecraft:sand":18,"minecraft:dirt":22,"twilightforest:canopy_log":201,"minecraft:oak_leaves":3,"evilcraft:hardened_blood":7,"minecraft:diamond_ore":35,"gravestone:gravestone":10,"minecraft:spruce_leaves":2,"minecraft:rooted_dirt":1,"minecraft:hay_block":48,"minecraft:redstone_ore":18,"minecraft:raw_gold_block":1,"twilightforest:canopy_planks":1,"minecraft:andesite":3,"evilcraft:dark_ore":2,"minecraft:bell":1,"minecraft:mossy_stone_brick_stairs":2,"twilightforest:canopy_slab":10,"regions_unexplored:medium_grass":4,"minecraft:stone":7170,"valhelsia_furniture:spruce_table":3,"minecraft:crafting_table":3,"minecraft:cornflower":14,"minecraft:tall_grass":2,"minecraft:birch_planks":1,"minecraft:coarse_dirt":2,"minecraft:spruce_log":6,"minecraft:coal_ore":21,"minecraft:gravel":1,"minecraft:cobweb":9,"minecraft:cracked_stone_bricks":1,"minecraft:stone_bricks":4,"minecraft:mossy_stone_bricks":1,"minecraft:gold_ore":7}},"DataVersion":3465}