{"stats":{"minecraft:killed":{"born_in_chaos_v1:maggot":2,"minecraft:skeleton":2,"minecraft:pig":1,"twilightforest:kobold":3,"minecraft:creeper":1,"twilightforest:redcap":1,"minecraft:zombie":2},"minecraft:crafted":{"evilcraft:dark_spike":32,"minecraft:oak_planks":64,"minecraft:raw_iron":72,"minecraft:coal":135,"vanillaplustools:stone_hammer":5,"minecraft:glass":7,"vanillaplustools:iron_hammer":4,"evilcraft:blood_extractor":11,"minecraft:stone_pickaxe":14,"minecraft:chest":1,"twilightforest:canopy_planks":56,"minecraft:copper_block":7,"minecraft:wheat":243,"minecraft:coal_block":73,"minecraft:crafting_table":4,"minecraft:spruce_planks":24,"minecraft:iron_helmet":1,"minecraft:wooden_pickaxe":1,"minecraft:copper_ingot":63,"minecraft:birch_planks":20,"minecraft:bread":81,"minecraft:air":0,"minecraft:golden_apple":2,"minecraft:raw_gold":9,"minecraft:stick":144,"minecraft:iron_ingot":372,"minecraft:iron_pickaxe":28,"minecraft:wooden_axe":1,"minecraft:iron_block":35,"minecraft:iron_leggings":1,"minecraft:gold_ingot":16,"minecraft:torch":304},"minecraft:killed_by":{"minecraft:skeleton":4,"minecraft:zombie":1},"minecraft:picked_up":{"minecraft:crafting_table":3,"minecraft:wheat":1,"minecraft:ladder":2,"minecraft:flower_pot":1,"valhelsia_furniture:red_upholstered_dark_oak_stool":2,"minecraft:brown_bed":1,"minecraft:stone_brick_stairs":1,"gravestone:obituary":5,"minecraft:string":2,"minecraft:armor_stand":1,"minecraft:written_book":2,"minecraft:poppy":1,"minecraft:light_gray_wool":1,"bossominium:vex_wing":3,"minecraft:coal_block":9,"minecraft:melon_slice":22,"minecraft:sugar_cane":3,"twilightforest:firefly_jar":1,"minecraft:furnace":5,"minecraft:stick":63,"minecraft:raw_iron":60,"minecraft:raw_gold_block":1,"minecraft:torch":16,"minecraft:porkchop":3,"minecraft:redstone":82,"twilightforest:firefly":8,"minecraft:arrow":9,"minecraft:rotten_flesh":5,"minecraft:hay_block":34,"minecraft:cobblestone":2678,"minecraft:birch_log":5,"bakery:sandwich":1,"minecraft:leather_chestplate":1,"minecraft:birch_planks":33,"paraglider:spirit_orb":2,"minecraft:oak_log":16,"evilcraft:flesh_humanoid":2,"minecraft:gunpowder":2,"minecraft:dirt":44,"minecraft:lantern":1,"minecraft:name_tag":1,"twilightforest:canopy_sapling":24,"minecraft:bone":7,"minecraft:stone_bricks":2,"minecraft:wheat_seeds":4,"valhelsia_structures:metal_framed_glass_pane":1,"minecraft:raw_gold":6,"minecraft:stone_pickaxe":34,"minecraft:iron_ingot":16,"minecraft:dark_oak_sign":3,"minecraft:glowstone_dust":14,"simplyswords:gold_katana":1,"minecraft:oak_planks":35,"minecraft:raw_iron_block":8,"minecraft:gravel":1,"valhelsia_furniture:spruce_table":2,"minecraft:sand":18,"twilightforest:canopy_log":185,"minecraft:spruce_sapling":1,"minecraft:blast_furnace":5,"minecraft:dead_bush":1,"minecraft:spruce_log":6,"minecraft:diamond":14,"evilcraft:dark_gem":8,"minecraft:granite":2,"vanillaplustools:stone_hammer":7,"minecraft:chainmail_helmet":1,"minecraft:oak_sapling":1,"valhelsia_structures:unlit_lantern":1,"minecraft:bricks":1,"twilightforest:torchberries":1,"minecraft:coal":285},"minecraft:used":{"minecraft:iron_shovel":19,"minecraft:ladder":2,"minecraft:chest":1,"vanillaplustools:stone_hammer":61,"minecraft:cooked_chicken":2,"minecraft:iron_chestplate":1,"minecraft:torch":170,"minecraft:dirt":41,"simplyswords:gold_katana":6,"minecraft:granite":2,"minecraft:wooden_axe":29,"minecraft:bricks":1,"minecraft:lantern":1,"minecraft:iron_axe":221,"minecraft:totem_of_undying":1,"minecraft:hay_block":1,"minecraft:cooked_beef":4,"minecraft:brown_bed":1,"minecraft:leather_leggings":1,"minecraft:birch_planks":3,"minecraft:baked_potato":1,"minecraft:oak_planks":13,"minecraft:wooden_pickaxe":8,"minecraft:chainmail_helmet":1,"minecraft:leather_boots":1,"minecraft:golden_apple":2,"bakery:sandwich":1,"minecraft:crafting_table":7,"minecraft:blast_furnace":5,"minecraft:cake":2,"minecraft:apple":1,"minecraft:iron_pickaxe":226,"minecraft:bread":46,"minecraft:melon_slice":2,"minecraft:gravel":1,"minecraft:cobblestone":246,"vanillaplustools:iron_hammer":244,"alexsmobs:animal_dictionary":2},"minecraft:dropped":{"minecraft:iron_ingot":28,"minecraft:bread":7,"minecraft:birch_planks":14,"minecraft:wheat_seeds":4,"valhelsia_furniture:spruce_table":1,"twilightforest:firefly_jar":1,"twilightforest:canopy_sapling":24,"minecraft:cobblestone":1565,"twilightforest:canopy_log":96,"minecraft:coal":130,"minecraft:stick":20,"minecraft:dirt":1,"valhelsia_furniture:red_upholstered_dark_oak_stool":1,"twilightforest:firefly":3,"minecraft:torch":78,"minecraft:melon_slice":10,"gravestone:obituary":11,"minecraft:iron_axe":2,"minecraft:chainmail_leggings":1,"minecraft:bone":6,"minecraft:redstone":18,"minecraft:furnace":1,"minecraft:cooked_chicken":5,"minecraft:oak_planks":50,"minecraft:name_tag":1,"twilightforest:torchberries":1,"minecraft:poppy":1,"bossominium:vex_wing":2,"simplyswords:gold_katana":1,"vanillaplustools:stone_hammer":10,"minecraft:rabbit_stew":4,"minecraft:arrow":2,"minecraft:stone_pickaxe":2,"minecraft:glass":1,"minecraft:raw_gold":3,"minecraft:written_book":1},"minecraft:custom":{"minecraft:interact_with_smithing_table":4,"minecraft:mob_kills":12,"minecraft:interact_with_crafting_table":68,"minecraft:open_barrel":39,"twilightforest:torchberries_harvested":2,"minecraft:eat_cake_slice":12,"minecraft:leave_game":2,"minecraft:time_since_death":57347,"minecraft:climb_one_cm":26543,"minecraft:sprint_one_cm":382179,"minecraft:walk_one_cm":698903,"minecraft:drop":105,"minecraft:talked_to_villager":1,"minecraft:play_time":164548,"minecraft:deaths":9,"minecraft:sneak_time":1283,"minecraft:walk_under_water_one_cm":12115,"minecraft:jump":2333,"minecraft:interact_with_blast_furnace":207,"minecraft:walk_on_water_one_cm":22729,"minecraft:total_world_time":164548,"minecraft:interact_with_furnace":285,"twilightforest:uncrafting_table_interactions":4,"minecraft:sleep_in_bed":5,"minecraft:time_since_rest":36735,"minecraft:damage_taken":6678,"minecraft:damage_absorbed":71,"minecraft:damage_dealt":2548,"minecraft:player_kills":3,"minecraft:swim_one_cm":3962,"minecraft:fly_one_cm":777856,"minecraft:open_chest":156,"minecraft:crouch_one_cm":5939,"minecraft:interact_with_smoker":6,"minecraft:fall_one_cm":37685},"minecraft:mined":{"minecraft:diamond_ore":11,"gravestone:gravestone":4,"minecraft:potted_dead_bush":1,"minecraft:granite":2,"minecraft:grass_block":1,"minecraft:coal_block":9,"minecraft:spruce_leaves":2,"minecraft:spawner":1,"minecraft:hay_block":34,"minecraft:redstone_ore":5,"minecraft:raw_iron_block":8,"minecraft:raw_gold_block":1,"minecraft:iron_ore":16,"minecraft:andesite":2,"evilcraft:dark_ore":2,"minecraft:anvil":1,"minecraft:brown_bed":1,"regions_unexplored:medium_grass":4,"minecraft:stone":2708,"valhelsia_furniture:spruce_table":3,"minecraft:crafting_table":3,"valhelsia_furniture:red_upholstered_dark_oak_stool":1,"minecraft:torch":6,"minecraft:blast_furnace":1,"minecraft:melon":4,"minecraft:tall_grass":2,"minecraft:cobblestone":24,"minecraft:oak_planks":4,"minecraft:bricks":2,"minecraft:wall_torch":9,"minecraft:birch_planks":1,"minecraft:birch_log":6,"minecraft:spruce_log":6,"minecraft:stone_brick_stairs":2,"minecraft:grass":1,"minecraft:oak_log":16,"minecraft:coal_ore":14,"minecraft:sand":18,"minecraft:dirt":3,"minecraft:cobweb":1,"minecraft:cracked_stone_bricks":1,"minecraft:stone_bricks":3,"twilightforest:canopy_log":139,"minecraft:gold_ore":2,"minecraft:oak_leaves":2}},"DataVersion":3465}