{"stats":{"minecraft:killed_by":{"minecraft:zombie":1},"minecraft:used":{"minecraft:leather_leggings":1,"minecraft:iron_shovel":18,"minecraft:oak_planks":13,"minecraft:ladder":1,"minecraft:wooden_pickaxe":8,"minecraft:chainmail_helmet":1,"minecraft:cooked_chicken":2,"minecraft:leather_boots":1,"minecraft:iron_chestplate":1,"minecraft:torch":110,"minecraft:golden_apple":2,"minecraft:dirt":41,"minecraft:crafting_table":5,"simplyswords:gold_katana":5,"minecraft:blast_furnace":1,"minecraft:granite":2,"minecraft:cake":2,"minecraft:wooden_axe":29,"minecraft:apple":1,"minecraft:bricks":1,"minecraft:iron_axe":174,"minecraft:bread":22,"minecraft:melon_slice":2,"minecraft:iron_pickaxe":207,"minecraft:gravel":1,"minecraft:cobblestone":100,"minecraft:hay_block":1,"vanillaplustools:iron_hammer":225,"alexsmobs:animal_dictionary":2},"minecraft:custom":{"minecraft:interact_with_smithing_table":2,"minecraft:interact_with_furnace":35,"minecraft:mob_kills":5,"minecraft:interact_with_crafting_table":28,"minecraft:open_barrel":32,"minecraft:eat_cake_slice":10,"minecraft:leave_game":1,"minecraft:time_since_death":46029,"minecraft:sleep_in_bed":2,"minecraft:climb_one_cm":13212,"minecraft:time_since_rest":27587,"minecraft:sprint_one_cm":186841,"minecraft:damage_absorbed":40,"minecraft:damage_taken":2393,"minecraft:walk_one_cm":326245,"minecraft:drop":44,"minecraft:damage_dealt":844,"minecraft:swim_one_cm":1079,"minecraft:fly_one_cm":386310,"minecraft:open_chest":72,"minecraft:crouch_one_cm":1180,"minecraft:play_time":75843,"minecraft:deaths":1,"minecraft:sneak_time":473,"minecraft:walk_under_water_one_cm":9501,"minecraft:jump":1192,"minecraft:interact_with_blast_furnace":26,"minecraft:walk_on_water_one_cm":10394,"minecraft:total_world_time":75843,"minecraft:interact_with_smoker":3,"minecraft:fall_one_cm":15834},"minecraft:killed":{"minecraft:pig":1,"born_in_chaos_v1:maggot":2,"minecraft:zombie":2},"minecraft:dropped":{"minecraft:iron_ingot":18,"minecraft:wheat_seeds":2,"twilightforest:firefly_jar":1,"twilightforest:canopy_sapling":24,"minecraft:cobblestone":1026,"minecraft:oak_planks":50,"minecraft:name_tag":1,"minecraft:coal":32,"minecraft:dirt":1,"bossominium:vex_wing":2,"valhelsia_furniture:red_upholstered_dark_oak_stool":1,"twilightforest:firefly":3,"simplyswords:gold_katana":1,"minecraft:torch":78,"minecraft:rabbit_stew":4,"minecraft:iron_axe":1,"minecraft:chainmail_leggings":1,"minecraft:redstone":17},"minecraft:crafted":{"evilcraft:dark_spike":32,"minecraft:oak_planks":64,"minecraft:raw_iron":45,"minecraft:coal":54,"minecraft:crafting_table":2,"minecraft:spruce_planks":24,"minecraft:wooden_pickaxe":1,"minecraft:iron_helmet":1,"minecraft:birch_planks":20,"minecraft:bread":81,"minecraft:air":0,"minecraft:glass":7,"vanillaplustools:iron_hammer":1,"evilcraft:blood_extractor":11,"minecraft:stick":104,"minecraft:iron_ingot":75,"minecraft:iron_pickaxe":9,"minecraft:stone_pickaxe":2,"minecraft:wooden_axe":1,"minecraft:iron_leggings":1,"minecraft:torch":248,"minecraft:wheat":243},"minecraft:mined":{"minecraft:potted_dead_bush":1,"minecraft:torch":4,"minecraft:crafting_table":3,"valhelsia_furniture:red_upholstered_dark_oak_stool":1,"gravestone:gravestone":1,"minecraft:granite":2,"minecraft:blast_furnace":1,"minecraft:grass_block":1,"minecraft:melon":2,"minecraft:tall_grass":2,"minecraft:coal_block":6,"minecraft:cobblestone":9,"minecraft:spruce_leaves":2,"minecraft:oak_planks":3,"minecraft:bricks":2,"minecraft:wall_torch":3,"minecraft:spawner":1,"minecraft:hay_block":28,"minecraft:redstone_ore":5,"minecraft:raw_iron_block":5,"minecraft:birch_log":6,"minecraft:iron_ore":3,"minecraft:spruce_log":6,"evilcraft:dark_ore":2,"minecraft:anvil":1,"minecraft:grass":1,"minecraft:coal_ore":4,"minecraft:oak_log":16,"minecraft:sand":18,"minecraft:dirt":3,"regions_unexplored:medium_grass":4,"minecraft:stone":2162,"twilightforest:canopy_log":139,"minecraft:oak_leaves":2},"minecraft:picked_up":{"minecraft:birch_log":5,"bakery:sandwich":1,"minecraft:crafting_table":3,"minecraft:leather_chestplate":1,"minecraft:ladder":1,"minecraft:flower_pot":1,"valhelsia_furniture:red_upholstered_dark_oak_stool":2,"paraglider:spirit_orb":2,"minecraft:oak_log":16,"evilcraft:flesh_humanoid":1,"minecraft:dirt":42,"minecraft:name_tag":1,"twilightforest:canopy_sapling":24,"minecraft:bone":1,"minecraft:wheat_seeds":2,"minecraft:dark_oak_sign":2,"simplyswords:gold_katana":1,"bossominium:vex_wing":3,"minecraft:melon_slice":12,"minecraft:coal_block":6,"minecraft:oak_planks":35,"twilightforest:firefly_jar":1,"minecraft:stick":21,"minecraft:raw_iron":5,"minecraft:torch":9,"minecraft:sand":18,"minecraft:gravel":1,"minecraft:raw_iron_block":5,"minecraft:porkchop":3,"twilightforest:canopy_log":121,"minecraft:spruce_sapling":1,"minecraft:blast_furnace":1,"minecraft:dead_bush":1,"minecraft:spruce_log":6,"minecraft:redstone":17,"twilightforest:firefly":3,"evilcraft:dark_gem":8,"minecraft:hay_block":28,"minecraft:granite":2,"minecraft:oak_sapling":1,"minecraft:bricks":1,"minecraft:coal":85,"minecraft:cobblestone":923}},"DataVersion":3465}