{
  "undead_revamp2:theundeadchallenges": {
    "criteria": {
      "theundeadchallenges": "2024-10-04 02:00:48 +0000"
    },
    "done": true
  },
  "stellarity:cursed_tome/root": {
    "criteria": {
      "requirement": "2024-10-04 02:00:48 +0000"
    },
    "done": true
  },
  "repurposed_structures:root": {
    "criteria": {
      "always": "2024-10-04 02:00:48 +0000"
    },
    "done": true
  },
  "minecraft:recipes/decorations/crafting_table": {
    "criteria": {
      "unlock_right_away": "2024-10-04 02:00:48 +0000"
    },
    "done": true
  },
  "naturalist:recipes/food/cooked_egg": {
    "criteria": {
      "has_eggs": "2024-10-04 02:00:48 +0000"
    },
    "done": true
  },
  "incendium:technical/new_player": {
    "criteria": {
      "requirement": "2024-10-04 02:00:48 +0000"
    },
    "done": true
  },
  "iceandfire:iceandfire/root": {
    "criteria": {
      "tick": "2024-10-04 02:00:48 +0000"
    },
    "done": true
  },
  "stellarity:dragons_den/cursed_tome/root": {
    "criteria": {
      "requirement": "2024-10-04 02:00:48 +0000"
    },
    "done": true
  },
  "weaponmaster:parts/root": {
    "criteria": {
      "crafting_table": "2024-10-04 02:00:48 +0000"
    },
    "done": true
  },
  "bakery:main/root": {
    "criteria": {
      "seeds": "2024-10-04 02:00:48 +0000"
    },
    "done": true
  },
  "betterdungeons:root": {
    "criteria": {
      "always": "2024-10-04 02:00:48 +0000"
    },
    "done": true
  },
  "born_in_chaos_v1:bornin_chaos": {
    "criteria": {
      "bornin_chaos_0": "2024-10-04 02:00:48 +0000"
    },
    "done": true
  },
  "bossominium:loot_bosses_a": {
    "criteria": {
      "loot_bosses_a": "2024-10-04 02:00:48 +0000"
    },
    "done": true
  },
  "eeeabsmobs:eeeabsmobs/root": {
    "criteria": {
      "requirement": "2024-10-04 02:00:48 +0000"
    },
    "done": true
  },
  "betterdeserttemples:root": {
    "criteria": {
      "always": "2024-10-04 02:00:48 +0000"
    },
    "done": true
  },
  "cataclysm:root": {
    "criteria": {
      "custom_test_name": "2024-10-04 02:00:48 +0000"
    },
    "done": true
  },
  "farmersdelight:main/root": {
    "criteria": {
      "seeds": "2024-10-04 02:00:48 +0000"
    },
    "done": true
  },
  "incendium:technical/using/shield": {
    "criteria": {
      "log_spam_fixer": "2024-10-04 02:00:50 +0000"
    },
    "done": false
  },
  "regions_unexplored:parent": {
    "criteria": {
      "load_in_world": "2024-10-04 02:00:50 +0000"
    },
    "done": true
  },
  "incendium:technical/scroll_of_returning": {
    "criteria": {
      "log_spam_fixer": "2024-10-04 02:00:50 +0000"
    },
    "done": false
  },
  "incendium:technical/using/ragnarok": {
    "criteria": {
      "log_spam_fixer": "2024-10-04 02:00:50 +0000"
    },
    "done": false
  },
  "regions_unexplored:regions_explored": {
    "criteria": {
      "shrubland": "2024-10-04 02:00:50 +0000",
      "temperate_grove": "2024-10-04 02:01:35 +0000"
    },
    "done": false
  },
  "regions_unexplored:pioneer": {
    "criteria": {
      "shrubland": "2024-10-04 02:00:50 +0000",
      "temperate_grove": "2024-10-04 02:01:35 +0000"
    },
    "done": false
  },
  "incendium:technical/using/trailblazer": {
    "criteria": {
      "log_spam_fixer": "2024-10-04 02:00:50 +0000"
    },
    "done": false
  },
  "betterdungeons:all_dungeons": {
    "criteria": {
      "in_better_spider_dungeon": "2024-10-04 02:01:52 +0000"
    },
    "done": false
  },
  "betterdungeons:spider_dungeon": {
    "criteria": {
      "in_better_spider_dungeon": "2024-10-04 02:01:52 +0000"
    },
    "done": true
  },
  "minecraft:adventure/adventuring_time": {
    "criteria": {
      "minecraft:river": "2024-10-04 02:02:13 +0000"
    },
    "done": false
  },
  "regions_unexplored:recipes/transportation/maple_boat": {
    "criteria": {
      "in_water": "2024-10-04 02:02:46 +0000"
    },
    "done": true
  },
  "smallships:recipes/transportation/bamboo_galley": {
    "criteria": {
      "in_water": "2024-10-04 02:02:46 +0000"
    },
    "done": true
  },
  "smallships:recipes/transportation/spruce_cog": {
    "criteria": {
      "in_water": "2024-10-04 02:02:46 +0000"
    },
    "done": true
  },
  "smallships:recipes/transportation/acacia_cog": {
    "criteria": {
      "in_water": "2024-10-04 02:02:46 +0000"
    },
    "done": true
  },
  "ecologics:recipes/ecologics/azalea_boat": {
    "criteria": {
      "in_water": "2024-10-04 02:02:46 +0000"
    },
    "done": true
  },
  "aether:recipes/transportation/skyroot_boat": {
    "criteria": {
      "in_water": "2024-10-04 02:02:46 +0000"
    },
    "done": true
  },
  "regions_unexplored:recipes/transportation/magnolia_boat": {
    "criteria": {
      "in_water": "2024-10-04 02:02:46 +0000"
    },
    "done": true
  },
  "smallships:recipes/transportation/jungle_cog": {
    "criteria": {
      "in_water": "2024-10-04 02:02:46 +0000"
    },
    "done": true
  },
  "smallships:recipes/transportation/dark_oak_brigg": {
    "criteria": {
      "in_water": "2024-10-04 02:02:46 +0000"
    },
    "done": true
  },
  "smallships:recipes/transportation/birch_galley": {
    "criteria": {
      "in_water": "2024-10-04 02:02:46 +0000"
    },
    "done": true
  },
  "minecraft:recipes/transportation/cherry_boat": {
    "criteria": {
      "in_water": "2024-10-04 02:02:46 +0000"
    },
    "done": true
  },
  "smallships:recipes/transportation/oak_drakkar": {
    "criteria": {
      "in_water": "2024-10-04 02:02:46 +0000"
    },
    "done": true
  },
  "minecraft:recipes/transportation/bamboo_raft": {
    "criteria": {
      "in_water": "2024-10-04 02:02:46 +0000"
    },
    "done": true
  },
  "smallships:recipes/transportation/mangrove_brigg": {
    "criteria": {
      "in_water": "2024-10-04 02:02:46 +0000"
    },
    "done": true
  },
  "smallships:recipes/transportation/jungle_brigg": {
    "criteria": {
      "in_water": "2024-10-04 02:02:46 +0000"
    },
    "done": true
  },
  "regions_unexplored:recipes/transportation/kapok_boat": {
    "criteria": {
      "in_water": "2024-10-04 02:02:46 +0000"
    },
    "done": true
  },
  "regions_unexplored:recipes/transportation/cypress_boat": {
    "criteria": {
      "in_water": "2024-10-04 02:02:46 +0000"
    },
    "done": true
  },
  "smallships:recipes/transportation/spruce_galley": {
    "criteria": {
      "in_water": "2024-10-04 02:02:46 +0000"
    },
    "done": true
  },
  "ecologics:recipes/ecologics/walnut_boat": {
    "criteria": {
      "in_water": "2024-10-04 02:02:46 +0000"
    },
    "done": true
  },
  "smallships:recipes/transportation/birch_cog": {
    "criteria": {
      "in_water": "2024-10-04 02:02:46 +0000"
    },
    "done": true
  },
  "smallships:recipes/transportation/mangrove_drakkar": {
    "criteria": {
      "in_water": "2024-10-04 02:02:46 +0000"
    },
    "done": true
  },
  "smallships:recipes/misc/sail": {
    "criteria": {
      "in_water": "2024-10-04 02:02:46 +0000"
    },
    "done": true
  },
  "regions_unexplored:recipes/transportation/larch_boat": {
    "criteria": {
      "in_water": "2024-10-04 02:02:46 +0000"
    },
    "done": true
  },
  "smallships:recipes/transportation/acacia_galley": {
    "criteria": {
      "in_water": "2024-10-04 02:02:46 +0000"
    },
    "done": true
  },
  "minecraft:recipes/transportation/acacia_boat": {
    "criteria": {
      "in_water": "2024-10-04 02:02:46 +0000"
    },
    "done": true
  },
  "smallships:recipes/transportation/jungle_galley": {
    "criteria": {
      "in_water": "2024-10-04 02:02:46 +0000"
    },
    "done": true
  },
  "smallships:recipes/transportation/dark_oak_galley": {
    "criteria": {
      "in_water": "2024-10-04 02:02:46 +0000"
    },
    "done": true
  },
  "smallships:recipes/transportation/bamboo_brigg": {
    "criteria": {
      "in_water": "2024-10-04 02:02:46 +0000"
    },
    "done": true
  },
  "smallships:recipes/transportation/spruce_drakkar": {
    "criteria": {
      "in_water": "2024-10-04 02:02:46 +0000"
    },
    "done": true
  },
  "minecraft:recipes/transportation/jungle_boat": {
    "criteria": {
      "in_water": "2024-10-04 02:02:46 +0000"
    },
    "done": true
  },
  "regions_unexplored:recipes/transportation/blackwood_boat": {
    "criteria": {
      "in_water": "2024-10-04 02:02:46 +0000"
    },
    "done": true
  },
  "twilightforest:recipes/transportation/twilight_oak_boat": {
    "criteria": {
      "in_water": "2024-10-04 02:02:46 +0000"
    },
    "done": true
  },
  "twilightforest:recipes/transportation/time_boat": {
    "criteria": {
      "in_water": "2024-10-04 02:02:46 +0000"
    },
    "done": true
  },
  "twilightforest:recipes/transportation/mining_boat": {
    "criteria": {
      "in_water": "2024-10-04 02:02:46 +0000"
    },
    "done": true
  },
  "smallships:recipes/transportation/oak_brigg": {
    "criteria": {
      "in_water": "2024-10-04 02:02:46 +0000"
    },
    "done": true
  },
  "smallships:recipes/transportation/bamboo_cog": {
    "criteria": {
      "in_water": "2024-10-04 02:02:46 +0000"
    },
    "done": true
  },
  "regions_unexplored:recipes/transportation/pine_boat": {
    "criteria": {
      "in_water": "2024-10-04 02:02:46 +0000"
    },
    "done": true
  },
  "regions_unexplored:recipes/transportation/eucalyptus_boat": {
    "criteria": {
      "in_water": "2024-10-04 02:02:46 +0000"
    },
    "done": true
  },
  "twilightforest:recipes/transportation/mangrove_boat": {
    "criteria": {
      "in_water": "2024-10-04 02:02:46 +0000"
    },
    "done": true
  },
  "regions_unexplored:recipes/transportation/palm_boat": {
    "criteria": {
      "in_water": "2024-10-04 02:02:46 +0000"
    },
    "done": true
  },
  "twilightforest:recipes/transportation/transformation_boat": {
    "criteria": {
      "in_water": "2024-10-04 02:02:46 +0000"
    },
    "done": true
  },
  "regions_unexplored:recipes/transportation/socotra_boat": {
    "criteria": {
      "in_water": "2024-10-04 02:02:46 +0000"
    },
    "done": true
  },
  "smallships:recipes/transportation/oak_cog": {
    "criteria": {
      "in_water": "2024-10-04 02:02:46 +0000"
    },
    "done": true
  },
  "smallships:recipes/transportation/oak_galley": {
    "criteria": {
      "in_water": "2024-10-04 02:02:46 +0000"
    },
    "done": true
  },
  "minecraft:recipes/transportation/spruce_boat": {
    "criteria": {
      "in_water": "2024-10-04 02:02:46 +0000"
    },
    "done": true
  },
  "regions_unexplored:recipes/transportation/oak_boat": {
    "criteria": {
      "in_water": "2024-10-04 02:02:46 +0000"
    },
    "done": true
  },
  "smallships:recipes/transportation/acacia_brigg": {
    "criteria": {
      "in_water": "2024-10-04 02:02:46 +0000"
    },
    "done": true
  },
  "minecraft:recipes/transportation/birch_boat": {
    "criteria": {
      "in_water": "2024-10-04 02:02:46 +0000"
    },
    "done": true
  },
  "regions_unexplored:recipes/transportation/dead_boat": {
    "criteria": {
      "in_water": "2024-10-04 02:02:46 +0000"
    },
    "done": true
  },
  "minecraft:recipes/transportation/oak_boat": {
    "criteria": {
      "in_water": "2024-10-04 02:02:46 +0000"
    },
    "done": true
  },
  "smallships:recipes/transportation/mangrove_galley": {
    "criteria": {
      "in_water": "2024-10-04 02:02:46 +0000"
    },
    "done": true
  },
  "smallships:recipes/transportation/dark_oak_cog": {
    "criteria": {
      "in_water": "2024-10-04 02:02:46 +0000"
    },
    "done": true
  },
  "smallships:recipes/transportation/birch_drakkar": {
    "criteria": {
      "in_water": "2024-10-04 02:02:46 +0000"
    },
    "done": true
  },
  "minecraft:recipes/transportation/mangrove_boat": {
    "criteria": {
      "in_water": "2024-10-04 02:02:46 +0000"
    },
    "done": true
  },
  "regions_unexplored:recipes/transportation/mauve_boat": {
    "criteria": {
      "in_water": "2024-10-04 02:02:46 +0000"
    },
    "done": true
  },
  "regions_unexplored:recipes/transportation/redwood_boat": {
    "criteria": {
      "in_water": "2024-10-04 02:02:46 +0000"
    },
    "done": true
  },
  "smallships:recipes/transportation/dark_oak_drakkar": {
    "criteria": {
      "in_water": "2024-10-04 02:02:46 +0000"
    },
    "done": true
  },
  "twilightforest:recipes/transportation/canopy_boat": {
    "criteria": {
      "in_water": "2024-10-04 02:02:46 +0000"
    },
    "done": true
  },
  "smallships:recipes/transportation/jungle_drakkar": {
    "criteria": {
      "in_water": "2024-10-04 02:02:46 +0000"
    },
    "done": true
  },
  "twilightforest:recipes/transportation/dark_boat": {
    "criteria": {
      "in_water": "2024-10-04 02:02:46 +0000"
    },
    "done": true
  },
  "smallships:recipes/transportation/birch_brigg": {
    "criteria": {
      "in_water": "2024-10-04 02:02:46 +0000"
    },
    "done": true
  },
  "smallships:recipes/transportation/acacia_drakkar": {
    "criteria": {
      "in_water": "2024-10-04 02:02:46 +0000"
    },
    "done": true
  },
  "ecologics:recipes/ecologics/coconut_boat": {
    "criteria": {
      "in_water": "2024-10-04 02:02:46 +0000"
    },
    "done": true
  },
  "regions_unexplored:recipes/transportation/baobab_boat": {
    "criteria": {
      "in_water": "2024-10-04 02:02:46 +0000"
    },
    "done": true
  },
  "smallships:recipes/transportation/cherry_galley": {
    "criteria": {
      "in_water": "2024-10-04 02:02:46 +0000"
    },
    "done": true
  },
  "ecologics:recipes/ecologics/flowering_azalea_boat": {
    "criteria": {
      "in_water": "2024-10-04 02:02:46 +0000"
    },
    "done": true
  },
  "smallships:recipes/transportation/cherry_brigg": {
    "criteria": {
      "in_water": "2024-10-04 02:02:46 +0000"
    },
    "done": true
  },
  "smallships:recipes/transportation/spruce_brigg": {
    "criteria": {
      "in_water": "2024-10-04 02:02:46 +0000"
    },
    "done": true
  },
  "twilightforest:recipes/transportation/sorting_boat": {
    "criteria": {
      "in_water": "2024-10-04 02:02:46 +0000"
    },
    "done": true
  },
  "regions_unexplored:recipes/transportation/willow_boat": {
    "criteria": {
      "in_water": "2024-10-04 02:02:46 +0000"
    },
    "done": true
  },
  "smallships:recipes/transportation/mangrove_cog": {
    "criteria": {
      "in_water": "2024-10-04 02:02:46 +0000"
    },
    "done": true
  },
  "smallships:recipes/transportation/cherry_cog": {
    "criteria": {
      "in_water": "2024-10-04 02:02:46 +0000"
    },
    "done": true
  },
  "regions_unexplored:recipes/transportation/joshua_boat": {
    "criteria": {
      "in_water": "2024-10-04 02:02:46 +0000"
    },
    "done": true
  },
  "minecraft:recipes/transportation/dark_oak_boat": {
    "criteria": {
      "in_water": "2024-10-04 02:02:46 +0000"
    },
    "done": true
  },
  "bakery:recipes/oat_seeds": {
    "criteria": {
      "has_wheat_seeds": "2024-10-04 02:02:59 +0000"
    },
    "done": true
  },
  "valhelsia_furniture:recipes/decorations/hay_warped_chair": {
    "criteria": {
      "has_hay_block": "2024-10-04 02:05:49 +0000"
    },
    "done": true
  },
  "valhelsia_furniture:recipes/decorations/hay_birch_chair": {
    "criteria": {
      "has_hay_block": "2024-10-04 02:05:49 +0000"
    },
    "done": true
  },
  "minecraft:recipes/redstone/target": {
    "criteria": {
      "has_hay_block": "2024-10-04 02:05:49 +0000"
    },
    "done": true
  },
  "valhelsia_furniture:recipes/decorations/hay_spruce_chair": {
    "criteria": {
      "has_hay_block": "2024-10-04 02:05:49 +0000"
    },
    "done": true
  },
  "valhelsia_furniture:recipes/decorations/hay_cherry_chair": {
    "criteria": {
      "has_hay_block": "2024-10-04 02:05:49 +0000"
    },
    "done": true
  },
  "valhelsia_furniture:recipes/decorations/hay_mangrove_chair": {
    "criteria": {
      "has_hay_block": "2024-10-04 02:05:49 +0000"
    },
    "done": true
  },
  "valhelsia_furniture:recipes/decorations/hay_oak_chair": {
    "criteria": {
      "has_hay_block": "2024-10-04 02:05:49 +0000"
    },
    "done": true
  },
  "valhelsia_furniture:recipes/decorations/hay_acacia_chair": {
    "criteria": {
      "has_hay_block": "2024-10-04 02:05:49 +0000"
    },
    "done": true
  },
  "valhelsia_furniture:recipes/decorations/hay_jungle_chair": {
    "criteria": {
      "has_hay_block": "2024-10-04 02:05:49 +0000"
    },
    "done": true
  },
  "valhelsia_furniture:recipes/decorations/hay_crimson_chair": {
    "criteria": {
      "has_hay_block": "2024-10-04 02:05:49 +0000"
    },
    "done": true
  },
  "valhelsia_furniture:recipes/decorations/hay_dark_oak_chair": {
    "criteria": {
      "has_hay_block": "2024-10-04 02:05:49 +0000"
    },
    "done": true
  },
  "minecraft:recipes/misc/wheat": {
    "criteria": {
      "has_hay_block": "2024-10-04 02:05:49 +0000"
    },
    "done": true
  },
  "aether:recipes/combat/leather_boots_repairing": {
    "criteria": {
      "has_leather_boots": "2024-10-04 02:06:03 +0000"
    },
    "done": true
  },
  "aether:recipes/combat/iron_chestplate_repairing": {
    "criteria": {
      "has_iron_chestplate": "2024-10-04 02:06:27 +0000"
    },
    "done": true
  },
  "minecraft:story/obtain_armor": {
    "criteria": {
      "iron_chestplate": "2024-10-04 02:06:27 +0000"
    },
    "done": true
  },
  "minecraft:recipes/misc/iron_nugget_from_smelting": {
    "criteria": {
      "has_iron_chestplate": "2024-10-04 02:06:27 +0000"
    },
    "done": true
  },
  "minecraft:recipes/misc/iron_nugget_from_blasting": {
    "criteria": {
      "has_iron_chestplate": "2024-10-04 02:06:27 +0000"
    },
    "done": true
  },
  "aether:recipes/combat/iron_leggings_repairing": {
    "criteria": {
      "has_iron_leggings": "2024-10-04 02:06:29 +0000"
    },
    "done": true
  },
  "aether:recipes/combat/iron_helmet_repairing": {
    "criteria": {
      "has_iron_helmet": "2024-10-04 02:06:30 +0000"
    },
    "done": true
  },
  "aether:recipes/combat/leather_leggings_repairing": {
    "criteria": {
      "has_leather_leggings": "2024-10-04 02:06:34 +0000"
    },
    "done": true
  },
  "aether:recipes/combat/chainmail_chestplate_repairing": {
    "criteria": {
      "has_chainmail_chestplate": "2024-10-04 02:06:37 +0000"
    },
    "done": true
  },
  "minecraft:recipes/decorations/chest": {
    "criteria": {
      "has_lots_of_items": "2024-10-04 02:06:40 +0000"
    },
    "done": true
  },
  "aether:recipes/decorations/skyroot_chest": {
    "criteria": {
      "has_lots_of_items": "2024-10-04 02:06:40 +0000"
    },
    "done": true
  },
  "minecraft:recipes/decorations/fletching_table": {
    "criteria": {
      "has_flint": "2024-10-04 02:06:55 +0000"
    },
    "done": true
  },
  "aether:recipes/decorations/skyroot_fletching_table": {
    "criteria": {
      "has_flint": "2024-10-04 02:06:55 +0000"
    },
    "done": true
  },
  "minecraft:recipes/combat/arrow": {
    "criteria": {
      "has_flint": "2024-10-04 02:06:55 +0000"
    },
    "done": true
  },
  "minecraft:recipes/tools/flint_and_steel": {
    "criteria": {
      "has_flint": "2024-10-04 02:06:55 +0000"
    },
    "done": true
  },
  "aether:recipes/combat/chainmail_helmet_repairing": {
    "criteria": {
      "has_chainmail_helmet": "2024-10-04 02:06:58 +0000"
    },
    "done": true
  },
  "aether:recipes/tools/diamond_pickaxe_repairing": {
    "criteria": {
      "has_diamond_pickaxe": "2024-10-04 02:07:16 +0000"
    },
    "done": true
  },
  "valhelsia_structures:recipes/building_blocks/bone_pile": {
    "criteria": {
      "has_bone": "2024-10-04 02:07:17 +0000"
    },
    "done": true
  },
  "valhelsia_structures:recipes/misc/bone_pile_block_from_bone": {
    "criteria": {
      "has_bone": "2024-10-04 02:07:17 +0000"
    },
    "done": true
  },
  "minecraft:recipes/misc/bone_meal": {
    "criteria": {
      "has_bone": "2024-10-04 02:07:17 +0000"
    },
    "done": true
  },
  "farmersdelight:recipes/cooking/bone_broth": {
    "criteria": {
      "has_bone": "2024-10-04 02:07:17 +0000"
    },
    "done": true
  },
  "iceandfire:recipes/misc/dragon_meal": {
    "criteria": {
      "has_item": "2024-10-04 02:07:19 +0000"
    },
    "done": true
  },
  "aether:recipes/combat/iron_boots_repairing": {
    "criteria": {
      "has_iron_boots": "2024-10-04 02:07:19 +0000"
    },
    "done": true
  },
  "aether:recipes/building_blocks/packed_ice_freezing": {
    "criteria": {
      "has_water_bucket": "2024-10-04 02:07:22 +0000"
    },
    "done": true
  },
  "bakery:recipes/butter": {
    "criteria": {
      "has_water_bucket": "2024-10-04 02:07:22 +0000"
    },
    "done": true
  },
  "bakery:recipes/yeast": {
    "criteria": {
      "has_the_recipe": "2024-10-04 02:07:22 +0000"
    },
    "done": true
  },
  "minecraft:recipes/brewing/cauldron": {
    "criteria": {
      "has_water_bucket": "2024-10-04 02:07:22 +0000"
    },
    "done": true
  },
  "aether:recipes/building_blocks/blue_ice_freezing": {
    "criteria": {
      "has_water_bucket": "2024-10-04 02:07:22 +0000"
    },
    "done": true
  },
  "aether:recipes/building_blocks/ice_from_bucket_freezing": {
    "criteria": {
      "has_water_bucket": "2024-10-04 02:07:22 +0000"
    },
    "done": true
  },
  "farmersdelight:recipes/cooking/rabbit_stew": {
    "criteria": {
      "has_any_ingredient": "2024-10-04 02:08:34 +0000"
    },
    "done": true
  },
  "farmersdelight:recipes/food/steak_and_potatoes": {
    "criteria": {
      "has_baked_potato": "2024-10-04 02:08:34 +0000"
    },
    "done": true
  },
  "farmersdelight:recipes/food/stuffed_potato": {
    "criteria": {
      "has_baked_potato": "2024-10-04 02:08:34 +0000"
    },
    "done": true
  },
  "securitycraft:recipes/building_blocks/reinforced_packed_mud": {
    "criteria": {
      "has_wheat": "2024-10-04 02:08:36 +0000"
    },
    "done": true
  },
  "minecraft:recipes/food/bread": {
    "criteria": {
      "has_wheat": "2024-10-04 02:08:36 +0000"
    },
    "done": true
  },
  "minecraft:recipes/building_blocks/hay_block": {
    "criteria": {
      "has_wheat": "2024-10-04 02:08:36 +0000"
    },
    "done": true
  },
  "farmersdelight:recipes/food/pie_crust": {
    "criteria": {
      "has_wheat": "2024-10-04 02:08:36 +0000"
    },
    "done": true
  },
  "farmersdelight:recipes/food/wheat_dough_from_eggs": {
    "criteria": {
      "has_wheat": "2024-10-04 02:08:36 +0000"
    },
    "done": true
  },
  "farmersdelight:recipes/food/wheat_dough_from_water": {
    "criteria": {
      "has_wheat": "2024-10-04 02:08:36 +0000"
    },
    "done": true
  },
  "incendium:technical/sentrys_wrath": {
    "criteria": {
      "log_spam_fixer": "2024-10-04 02:21:03 +0000"
    },
    "done": false
  },
  "incendium:technical/on_player_hurt": {
    "criteria": {
      "log_spam_fixer": "2024-10-04 02:21:03 +0000"
    },
    "done": false
  },
  "incendium:technical/on_kill": {
    "criteria": {
      "log_spam_fixer": "2024-10-04 02:21:03 +0000"
    },
    "done": false
  },
  "incendium:technical/on_inventory_change": {
    "criteria": {
      "log_spam_fixer": "2024-10-04 02:21:03 +0000"
    },
    "done": false
  },
  "incendium:technical/holy_wrath": {
    "criteria": {
      "log_spam_fixer": "2024-10-04 02:21:03 +0000"
    },
    "done": false
  },
  "incendium:technical/on_block": {
    "criteria": {
      "log_spam_fixer": "2024-10-04 02:21:03 +0000"
    },
    "done": false
  },
  "incendium:technical/inventory/sentrys_wrath": {
    "criteria": {
      "log_spam_fixer": "2024-10-04 02:21:03 +0000"
    },
    "done": false
  },
  "incendium:technical/feed_ghastling": {
    "criteria": {
      "log_spam_fixer": "2024-10-04 02:21:03 +0000"
    },
    "done": false
  },
  "incendium:technical/firestorm": {
    "criteria": {
      "log_spam_fixer": "2024-10-04 02:21:03 +0000"
    },
    "done": false
  },
  "incendium:technical/inventory/firestorm": {
    "criteria": {
      "log_spam_fixer": "2024-10-04 02:21:03 +0000"
    },
    "done": false
  },
  "incendium:technical/give_ghastling": {
    "criteria": {
      "log_spam_fixer": "2024-10-04 02:21:03 +0000"
    },
    "done": false
  },
  "incendium:technical/multiplex_crossbow": {
    "criteria": {
      "log_spam_fixer": "2024-10-04 02:21:03 +0000"
    },
    "done": false
  },
  "regions_unexplored:recipes/building_blocks/lime_painted_planks": {
    "criteria": {
      "has_planks": "2024-10-04 02:12:40 +0000"
    },
    "done": true
  },
  "minecraft:recipes/decorations/brick_wall": {
    "criteria": {
      "has_bricks": "2024-10-04 02:19:07 +0000"
    },
    "done": true
  },
  "valhelsia_furniture:recipes/decorations/oak_stool": {
    "criteria": {
      "has_oak_slab": "2024-10-04 02:12:40 +0000"
    },
    "done": true
  },
  "valhelsia_furniture:recipes/decorations/black_upholstered_oak_stool": {
    "criteria": {
      "has_oak_slab": "2024-10-04 02:12:40 +0000"
    },
    "done": true
  },
  "minecraft:recipes/building_blocks/brick_stairs": {
    "criteria": {
      "has_bricks": "2024-10-04 02:19:07 +0000"
    },
    "done": true
  },
  "minecraft:recipes/decorations/oak_sign": {
    "criteria": {
      "has_planks": "2024-10-04 02:12:40 +0000"
    },
    "done": true
  },
  "minecraft:recipes/building_blocks/red_concrete_powder": {
    "criteria": {
      "has_gravel": "2024-10-04 02:17:07 +0000"
    },
    "done": true
  },
  "aether:recipes/decorations/skyroot_barrel": {
    "criteria": {
      "has_slabs": "2024-10-04 02:12:40 +0000"
    },
    "done": true
  },
  "valhelsia_furniture:recipes/decorations/red_oak_chair": {
    "criteria": {
      "has_oak_planks": "2024-10-04 02:12:40 +0000"
    },
    "done": true
  },
  "valhelsia_furniture:recipes/decorations/oak_chair": {
    "criteria": {
      "has_oak_planks": "2024-10-04 02:12:40 +0000"
    },
    "done": true
  },
  "minecraft:recipes/building_blocks/polished_diorite": {
    "criteria": {
      "has_diorite": "2024-10-04 02:16:50 +0000"
    },
    "done": true
  },
  "minecraft:recipes/building_blocks/raw_iron_block": {
    "criteria": {
      "has_raw_iron": "2024-10-04 02:17:14 +0000"
    },
    "done": true
  },
  "iceandfire:recipes/building_blocks/dragonforge_ice_brick": {
    "criteria": {
      "has_item": "2024-10-04 02:13:48 +0000"
    },
    "done": true
  },
  "minecraft:story/mine_stone": {
    "criteria": {
      "get_stone": "2024-10-04 02:13:39 +0000"
    },
    "done": true
  },
  "minecraft:recipes/decorations/furnace": {
    "criteria": {
      "has_cobblestone": "2024-10-04 02:13:39 +0000"
    },
    "done": true
  },
  "minecraft:recipes/building_blocks/andesite_stairs": {
    "criteria": {
      "has_andesite": "2024-10-04 02:17:38 +0000"
    },
    "done": true
  },
  "minecraft:recipes/building_blocks/green_concrete_powder": {
    "criteria": {
      "has_gravel": "2024-10-04 02:17:07 +0000"
    },
    "done": true
  },
  "minecraft:recipes/building_blocks/stone_brick_stairs": {
    "criteria": {
      "has_stone_bricks": "2024-10-04 02:12:40 +0000"
    },
    "done": true
  },
  "minecraft:recipes/building_blocks/blue_concrete_powder": {
    "criteria": {
      "has_gravel": "2024-10-04 02:17:07 +0000"
    },
    "done": true
  },
  "minecraft:recipes/building_blocks/granite_slab_from_granite_stonecutting": {
    "criteria": {
      "has_granite": "2024-10-04 02:17:13 +0000"
    },
    "done": true
  },
  "valhelsia_furniture:recipes/decorations/black_upholstered_oak_chair": {
    "criteria": {
      "has_oak_planks": "2024-10-04 02:12:40 +0000"
    },
    "done": true
  },
  "valhelsia_furniture:recipes/decorations/oak_table": {
    "criteria": {
      "has_oak_planks": "2024-10-04 02:12:40 +0000"
    },
    "done": true
  },
  "bakery:recipes/cabinet": {
    "criteria": {
      "has_oak_planks": "2024-10-04 02:12:40 +0000"
    },
    "done": true
  },
  "iceandfire:recipes/building_blocks/dragonforge_fire_brick": {
    "criteria": {
      "has_item": "2024-10-04 02:13:48 +0000"
    },
    "done": true
  },
  "valhelsia_furniture:recipes/decorations/light_blue_upholstered_oak_stool": {
    "criteria": {
      "has_oak_slab": "2024-10-04 02:12:40 +0000"
    },
    "done": true
  },
  "minecraft:recipes/building_blocks/brick_stairs_from_bricks_stonecutting": {
    "criteria": {
      "has_bricks": "2024-10-04 02:19:07 +0000"
    },
    "done": true
  },
  "securitycraft:recipes/building_blocks/reinforced_andesite_with_vanilla_diorite": {
    "criteria": {
      "has_cobblestone": "2024-10-04 02:13:39 +0000"
    },
    "done": true
  },
  "regions_unexplored:recipes/building_blocks/brown_painted_planks": {
    "criteria": {
      "has_planks": "2024-10-04 02:12:40 +0000"
    },
    "done": true
  },
  "minecraft:recipes/misc/stick": {
    "criteria": {
      "has_planks": "2024-10-04 02:12:40 +0000"
    },
    "done": true
  },
  "minecraft:recipes/building_blocks/cobblestone_slab_from_cobblestone_stonecutting": {
    "criteria": {
      "has_cobblestone": "2024-10-04 02:13:39 +0000"
    },
    "done": true
  },
  "minecraft:recipes/decorations/granite_wall_from_granite_stonecutting": {
    "criteria": {
      "has_granite": "2024-10-04 02:17:13 +0000"
    },
    "done": true
  },
  "valhelsia_furniture:recipes/decorations/pink_oak_chair": {
    "criteria": {
      "has_oak_planks": "2024-10-04 02:12:40 +0000"
    },
    "done": true
  },
  "valhelsia_furniture:recipes/decorations/yellow_upholstered_oak_chair": {
    "criteria": {
      "has_oak_planks": "2024-10-04 02:12:40 +0000"
    },
    "done": true
  },
  "minecraft:recipes/building_blocks/stone": {
    "criteria": {
      "has_cobblestone": "2024-10-04 02:13:39 +0000"
    },
    "done": true
  },
  "regions_unexplored:recipes/building_blocks/peat_coarse_dirt": {
    "criteria": {
      "has_gravel": "2024-10-04 02:17:07 +0000"
    },
    "done": true
  },
  "valhelsia_furniture:recipes/decorations/blue_upholstered_oak_chair": {
    "criteria": {
      "has_oak_planks": "2024-10-04 02:12:40 +0000"
    },
    "done": true
  },
  "securitycraft:recipes/building_blocks/reinforced_andesite_with_vanilla_cobblestone": {
    "criteria": {
      "has_cobblestone": "2024-10-04 02:13:39 +0000"
    },
    "done": true
  },
  "valhelsia_furniture:recipes/decorations/yellow_upholstered_oak_stool": {
    "criteria": {
      "has_oak_slab": "2024-10-04 02:12:40 +0000"
    },
    "done": true
  },
  "minecraft:recipes/building_blocks/polished_granite_from_granite_stonecutting": {
    "criteria": {
      "has_granite": "2024-10-04 02:17:13 +0000"
    },
    "done": true
  },
  "valhelsia_furniture:recipes/decorations/orange_oak_chair": {
    "criteria": {
      "has_oak_planks": "2024-10-04 02:12:40 +0000"
    },
    "done": true
  },
  "regions_unexplored:recipes/building_blocks/black_painted_planks": {
    "criteria": {
      "has_planks": "2024-10-04 02:12:40 +0000"
    },
    "done": true
  },
  "minecraft:recipes/building_blocks/granite_slab": {
    "criteria": {
      "has_granite": "2024-10-04 02:17:13 +0000"
    },
    "done": true
  },
  "minecraft:recipes/building_blocks/polished_diorite_stairs_from_diorite_stonecutting": {
    "criteria": {
      "has_diorite": "2024-10-04 02:16:50 +0000"
    },
    "done": true
  },
  "regions_unexplored:recipes/building_blocks/cyan_painted_planks": {
    "criteria": {
      "has_planks": "2024-10-04 02:12:40 +0000"
    },
    "done": true
  },
  "valhelsia_furniture:recipes/decorations/gray_upholstered_oak_stool": {
    "criteria": {
      "has_oak_slab": "2024-10-04 02:12:40 +0000"
    },
    "done": true
  },
  "minecraft:recipes/building_blocks/lime_concrete_powder": {
    "criteria": {
      "has_gravel": "2024-10-04 02:17:07 +0000"
    },
    "done": true
  },
  "minecraft:recipes/building_blocks/orange_concrete_powder": {
    "criteria": {
      "has_gravel": "2024-10-04 02:17:07 +0000"
    },
    "done": true
  },
  "minecraft:recipes/building_blocks/oak_slab": {
    "criteria": {
      "has_planks": "2024-10-04 02:12:40 +0000"
    },
    "done": true
  },
  "valhelsia_furniture:recipes/decorations/brown_upholstered_oak_chair": {
    "criteria": {
      "has_oak_planks": "2024-10-04 02:12:40 +0000"
    },
    "done": true
  },
  "minecraft:recipes/building_blocks/granite_stairs": {
    "criteria": {
      "has_granite": "2024-10-04 02:17:13 +0000"
    },
    "done": true
  },
  "minecraft:recipes/building_blocks/diorite_stairs_from_diorite_stonecutting": {
    "criteria": {
      "has_diorite": "2024-10-04 02:16:50 +0000"
    },
    "done": true
  },
  "minecraft:recipes/building_blocks/granite_stairs_from_granite_stonecutting": {
    "criteria": {
      "has_granite": "2024-10-04 02:17:13 +0000"
    },
    "done": true
  },
  "minecraft:recipes/tools/stone_pickaxe": {
    "criteria": {
      "has_cobblestone": "2024-10-04 02:13:39 +0000"
    },
    "done": true
  },
  "minecraft:recipes/building_blocks/brick_slab": {
    "criteria": {
      "has_bricks": "2024-10-04 02:19:07 +0000"
    },
    "done": true
  },
  "minecraft:recipes/building_blocks/magenta_concrete_powder": {
    "criteria": {
      "has_gravel": "2024-10-04 02:17:07 +0000"
    },
    "done": true
  },
  "bakery:recipes/rolling_pin": {
    "criteria": {
      "has_oak_planks": "2024-10-04 02:12:40 +0000"
    },
    "done": true
  },
  "minecraft:recipes/decorations/granite_wall": {
    "criteria": {
      "has_granite": "2024-10-04 02:17:13 +0000"
    },
    "done": true
  },
  "minecraft:recipes/redstone/oak_fence_gate": {
    "criteria": {
      "has_planks": "2024-10-04 02:12:40 +0000"
    },
    "done": true
  },
  "minecraft:recipes/building_blocks/stone_brick_slab": {
    "criteria": {
      "has_stone_bricks": "2024-10-04 02:12:40 +0000"
    },
    "done": true
  },
  "minecraft:recipes/building_blocks/polished_granite_slab_from_granite_stonecutting": {
    "criteria": {
      "has_granite": "2024-10-04 02:17:13 +0000"
    },
    "done": true
  },
  "minecraft:recipes/building_blocks/polished_andesite_from_andesite_stonecutting": {
    "criteria": {
      "has_andesite": "2024-10-04 02:17:38 +0000"
    },
    "done": true
  },
  "minecraft:recipes/building_blocks/chiseled_stone_bricks_from_stone_bricks_stonecutting": {
    "criteria": {
      "has_stone_bricks": "2024-10-04 02:13:48 +0000"
    },
    "done": true
  },
  "valhelsia_furniture:recipes/decorations/light_gray_upholstered_oak_chair": {
    "criteria": {
      "has_oak_planks": "2024-10-04 02:12:40 +0000"
    },
    "done": true
  },
  "valhelsia_furniture:recipes/decorations/blue_upholstered_oak_stool": {
    "criteria": {
      "has_oak_slab": "2024-10-04 02:12:40 +0000"
    },
    "done": true
  },
  "minecraft:recipes/building_blocks/andesite": {
    "criteria": {
      "has_stone": "2024-10-04 02:16:50 +0000"
    },
    "done": true
  },
  "regions_unexplored:recipes/building_blocks/blue_painted_planks": {
    "criteria": {
      "has_planks": "2024-10-04 02:12:40 +0000"
    },
    "done": true
  },
  "valhelsia_furniture:recipes/decorations/lime_upholstered_oak_stool": {
    "criteria": {
      "has_oak_slab": "2024-10-04 02:12:40 +0000"
    },
    "done": true
  },
  "minecraft:recipes/redstone/oak_door": {
    "criteria": {
      "has_planks": "2024-10-04 02:12:40 +0000"
    },
    "done": true
  },
  "valhelsia_furniture:recipes/decorations/yellow_oak_chair": {
    "criteria": {
      "has_oak_planks": "2024-10-04 02:12:40 +0000"
    },
    "done": true
  },
  "valhelsia_furniture:recipes/decorations/light_gray_upholstered_oak_stool": {
    "criteria": {
      "has_oak_slab": "2024-10-04 02:12:40 +0000"
    },
    "done": true
  },
  "valhelsia_furniture:recipes/decorations/light_blue_upholstered_oak_chair": {
    "criteria": {
      "has_oak_planks": "2024-10-04 02:12:40 +0000"
    },
    "done": true
  },
  "minecraft:recipes/building_blocks/cobblestone_slab": {
    "criteria": {
      "has_cobblestone": "2024-10-04 02:13:39 +0000"
    },
    "done": true
  },
  "valhelsia_furniture:recipes/decorations/white_upholstered_oak_stool": {
    "criteria": {
      "has_oak_slab": "2024-10-04 02:12:40 +0000"
    },
    "done": true
  },
  "valhelsia_furniture:recipes/decorations/purple_upholstered_oak_chair": {
    "criteria": {
      "has_oak_planks": "2024-10-04 02:12:40 +0000"
    },
    "done": true
  },
  "minecraft:recipes/misc/iron_ingot_from_blasting_raw_iron": {
    "criteria": {
      "has_raw_iron": "2024-10-04 02:17:14 +0000"
    },
    "done": true
  },
  "valhelsia_furniture:recipes/decorations/lime_oak_chair": {
    "criteria": {
      "has_oak_planks": "2024-10-04 02:12:40 +0000"
    },
    "done": true
  },
  "minecraft:recipes/building_blocks/black_concrete_powder": {
    "criteria": {
      "has_gravel": "2024-10-04 02:17:07 +0000"
    },
    "done": true
  },
  "minecraft:recipes/decorations/barrel": {
    "criteria": {
      "has_wood_slab": "2024-10-04 02:12:40 +0000"
    },
    "done": true
  },
  "minecraft:recipes/decorations/cobblestone_wall_from_cobblestone_stonecutting": {
    "criteria": {
      "has_cobblestone": "2024-10-04 02:13:39 +0000"
    },
    "done": true
  },
  "minecraft:recipes/building_blocks/polished_andesite_stairs_from_andesite_stonecutting": {
    "criteria": {
      "has_andesite": "2024-10-04 02:17:38 +0000"
    },
    "done": true
  },
  "regions_unexplored:recipes/building_blocks/orange_painted_planks": {
    "criteria": {
      "has_planks": "2024-10-04 02:12:40 +0000"
    },
    "done": true
  },
  "valhelsia_furniture:recipes/decorations/brown_upholstered_oak_stool": {
    "criteria": {
      "has_oak_slab": "2024-10-04 02:12:40 +0000"
    },
    "done": true
  },
  "valhelsia_furniture:recipes/decorations/green_upholstered_oak_chair": {
    "criteria": {
      "has_oak_planks": "2024-10-04 02:12:40 +0000"
    },
    "done": true
  },
  "minecraft:recipes/building_blocks/cobblestone_stairs": {
    "criteria": {
      "has_cobblestone": "2024-10-04 02:13:39 +0000"
    },
    "done": true
  },
  "minecraft:recipes/building_blocks/polished_diorite_slab_from_diorite_stonecutting": {
    "criteria": {
      "has_diorite": "2024-10-04 02:16:50 +0000"
    },
    "done": true
  },
  "minecraft:recipes/building_blocks/purple_concrete_powder": {
    "criteria": {
      "has_gravel": "2024-10-04 02:17:07 +0000"
    },
    "done": true
  },
  "bakery:recipes/wall_cabinet": {
    "criteria": {
      "has_oak_planks": "2024-10-04 02:12:40 +0000"
    },
    "done": true
  },
  "valhelsia_furniture:recipes/decorations/lime_upholstered_oak_chair": {
    "criteria": {
      "has_oak_planks": "2024-10-04 02:12:40 +0000"
    },
    "done": true
  },
  "minecraft:recipes/building_blocks/polished_granite_stairs_from_granite_stonecutting": {
    "criteria": {
      "has_granite": "2024-10-04 02:17:13 +0000"
    },
    "done": true
  },
  "bakery:recipes/chocolate_box": {
    "criteria": {
      "has_oak_planks": "2024-10-04 02:12:40 +0000"
    },
    "done": true
  },
  "minecraft:recipes/building_blocks/cyan_concrete_powder": {
    "criteria": {
      "has_gravel": "2024-10-04 02:17:07 +0000"
    },
    "done": true
  },
  "minecraft:recipes/tools/stone_shovel": {
    "criteria": {
      "has_cobblestone": "2024-10-04 02:13:39 +0000"
    },
    "done": true
  },
  "valhelsia_furniture:recipes/decorations/light_blue_oak_chair": {
    "criteria": {
      "has_oak_planks": "2024-10-04 02:12:40 +0000"
    },
    "done": true
  },
  "regions_unexplored:recipes/building_blocks/gray_painted_planks": {
    "criteria": {
      "has_planks": "2024-10-04 02:12:40 +0000"
    },
    "done": true
  },
  "regions_unexplored:recipes/building_blocks/red_painted_planks": {
    "criteria": {
      "has_planks": "2024-10-04 02:12:40 +0000"
    },
    "done": true
  },
  "minecraft:recipes/redstone/lever": {
    "criteria": {
      "has_cobblestone": "2024-10-04 02:13:39 +0000"
    },
    "done": true
  },
  "valhelsia_furniture:recipes/decorations/cyan_oak_chair": {
    "criteria": {
      "has_oak_planks": "2024-10-04 02:12:40 +0000"
    },
    "done": true
  },
  "minecraft:recipes/building_blocks/coarse_dirt": {
    "criteria": {
      "has_gravel": "2024-10-04 02:17:07 +0000"
    },
    "done": true
  },
  "minecraft:recipes/building_blocks/light_gray_concrete_powder": {
    "criteria": {
      "has_gravel": "2024-10-04 02:17:07 +0000"
    },
    "done": true
  },
  "minecraft:recipes/building_blocks/pink_concrete_powder": {
    "criteria": {
      "has_gravel": "2024-10-04 02:17:07 +0000"
    },
    "done": true
  },
  "valhelsia_furniture:recipes/decorations/magenta_oak_chair": {
    "criteria": {
      "has_oak_planks": "2024-10-04 02:12:40 +0000"
    },
    "done": true
  },
  "minecraft:recipes/decorations/stone_brick_wall": {
    "criteria": {
      "has_stone_bricks": "2024-10-04 02:13:48 +0000"
    },
    "done": true
  },
  "minecraft:recipes/redstone/oak_trapdoor": {
    "criteria": {
      "has_planks": "2024-10-04 02:12:40 +0000"
    },
    "done": true
  },
  "valhelsia_furniture:recipes/decorations/gray_oak_chair": {
    "criteria": {
      "has_oak_planks": "2024-10-04 02:12:40 +0000"
    },
    "done": true
  },
  "minecraft:recipes/combat/stone_sword": {
    "criteria": {
      "has_cobblestone": "2024-10-04 02:13:39 +0000"
    },
    "done": true
  },
  "minecraft:recipes/decorations/cobblestone_wall": {
    "criteria": {
      "has_cobblestone": "2024-10-04 02:13:39 +0000"
    },
    "done": true
  },
  "minecraft:recipes/tools/stone_axe": {
    "criteria": {
      "has_cobblestone": "2024-10-04 02:13:39 +0000"
    },
    "done": true
  },
  "minecraft:recipes/building_blocks/brown_concrete_powder": {
    "criteria": {
      "has_gravel": "2024-10-04 02:17:07 +0000"
    },
    "done": true
  },
  "minecraft:recipes/building_blocks/cracked_stone_bricks": {
    "criteria": {
      "has_stone_bricks": "2024-10-04 02:13:48 +0000"
    },
    "done": true
  },
  "minecraft:recipes/building_blocks/diorite_slab": {
    "criteria": {
      "has_diorite": "2024-10-04 02:16:50 +0000"
    },
    "done": true
  },
  "minecraft:recipes/building_blocks/stone_brick_stairs_from_stone_bricks_stonecutting": {
    "criteria": {
      "has_stone_bricks": "2024-10-04 02:13:48 +0000"
    },
    "done": true
  },
  "minecraft:recipes/building_blocks/light_blue_concrete_powder": {
    "criteria": {
      "has_gravel": "2024-10-04 02:17:07 +0000"
    },
    "done": true
  },
  "regions_unexplored:recipes/building_blocks/green_painted_planks": {
    "criteria": {
      "has_planks": "2024-10-04 02:12:40 +0000"
    },
    "done": true
  },
  "iceandfire:recipes/building_blocks/dragonforge_lightning_brick": {
    "criteria": {
      "has_item": "2024-10-04 02:13:48 +0000"
    },
    "done": true
  },
  "securitycraft:recipes/redstone/laser_block": {
    "criteria": {
      "has_stone": "2024-10-04 02:13:39 +0000"
    },
    "done": true
  },
  "valhelsia_furniture:recipes/decorations/green_upholstered_oak_stool": {
    "criteria": {
      "has_oak_slab": "2024-10-04 02:12:40 +0000"
    },
    "done": true
  },
  "valhelsia_furniture:recipes/decorations/purple_upholstered_oak_stool": {
    "criteria": {
      "has_oak_slab": "2024-10-04 02:12:40 +0000"
    },
    "done": true
  },
  "minecraft:recipes/building_blocks/brick_slab_from_bricks_stonecutting": {
    "criteria": {
      "has_bricks": "2024-10-04 02:19:07 +0000"
    },
    "done": true
  },
  "twilightforest:recipes/decorations/wood/oak_banister": {
    "criteria": {
      "has_item": "2024-10-04 02:12:40 +0000"
    },
    "done": true
  },
  "minecraft:recipes/decorations/composter": {
    "criteria": {
      "has_wood_slab": "2024-10-04 02:12:40 +0000"
    },
    "done": true
  },
  "regions_unexplored:recipes/building_blocks/white_painted_planks": {
    "criteria": {
      "has_planks": "2024-10-04 02:12:40 +0000"
    },
    "done": true
  },
  "minecraft:recipes/decorations/andesite_wall_from_andesite_stonecutting": {
    "criteria": {
      "has_andesite": "2024-10-04 02:17:38 +0000"
    },
    "done": true
  },
  "valhelsia_furniture:recipes/decorations/cyan_upholstered_oak_chair": {
    "criteria": {
      "has_oak_planks": "2024-10-04 02:12:40 +0000"
    },
    "done": true
  },
  "minecraft:recipes/building_blocks/chiseled_stone_bricks": {
    "criteria": {
      "has_tag": "2024-10-04 02:12:40 +0000"
    },
    "done": true
  },
  "regions_unexplored:recipes/building_blocks/light_gray_painted_planks": {
    "criteria": {
      "has_planks": "2024-10-04 02:12:40 +0000"
    },
    "done": true
  },
  "minecraft:recipes/building_blocks/oak_stairs": {
    "criteria": {
      "has_planks": "2024-10-04 02:12:40 +0000"
    },
    "done": true
  },
  "minecraft:recipes/building_blocks/polished_andesite_slab_from_andesite_stonecutting": {
    "criteria": {
      "has_andesite": "2024-10-04 02:17:38 +0000"
    },
    "done": true
  },
  "minecraft:recipes/building_blocks/white_concrete_powder": {
    "criteria": {
      "has_gravel": "2024-10-04 02:17:07 +0000"
    },
    "done": true
  },
  "minecraft:recipes/decorations/oak_fence": {
    "criteria": {
      "has_planks": "2024-10-04 02:12:40 +0000"
    },
    "done": true
  },
  "valhelsia_furniture:recipes/decorations/blue_oak_chair": {
    "criteria": {
      "has_oak_planks": "2024-10-04 02:12:40 +0000"
    },
    "done": true
  },
  "bakery:recipes/street_sign": {
    "criteria": {
      "has_oak_planks": "2024-10-04 02:12:40 +0000"
    },
    "done": true
  },
  "regions_unexplored:recipes/building_blocks/light_blue_painted_planks": {
    "criteria": {
      "has_planks": "2024-10-04 02:12:40 +0000"
    },
    "done": true
  },
  "minecraft:recipes/decorations/diorite_wall": {
    "criteria": {
      "has_diorite": "2024-10-04 02:16:50 +0000"
    },
    "done": true
  },
  "iceandfire:recipes/misc/earplugs": {
    "criteria": {
      "has_item": "2024-10-04 02:12:40 +0000"
    },
    "done": true
  },
  "regions_unexplored:recipes/building_blocks/yellow_painted_planks": {
    "criteria": {
      "has_planks": "2024-10-04 02:12:40 +0000"
    },
    "done": true
  },
  "valhelsia_furniture:recipes/decorations/white_upholstered_oak_chair": {
    "criteria": {
      "has_oak_planks": "2024-10-04 02:12:40 +0000"
    },
    "done": true
  },
  "bakery:recipes/drawer": {
    "criteria": {
      "has_oak_planks": "2024-10-04 02:12:40 +0000"
    },
    "done": true
  },
  "regions_unexplored:recipes/building_blocks/purple_painted_planks": {
    "criteria": {
      "has_planks": "2024-10-04 02:12:40 +0000"
    },
    "done": true
  },
  "valhelsia_furniture:recipes/decorations/brown_oak_chair": {
    "criteria": {
      "has_oak_planks": "2024-10-04 02:12:40 +0000"
    },
    "done": true
  },
  "regions_unexplored:recipes/building_blocks/silt_coarse_dirt": {
    "criteria": {
      "has_gravel": "2024-10-04 02:17:07 +0000"
    },
    "done": true
  },
  "minecraft:husbandry/root": {
    "criteria": {
      "consumed_item": "2024-10-04 02:13:30 +0000"
    },
    "done": true
  },
  "valhelsia_furniture:recipes/decorations/cyan_upholstered_oak_stool": {
    "criteria": {
      "has_oak_slab": "2024-10-04 02:12:40 +0000"
    },
    "done": true
  },
  "valhelsia_furniture:recipes/decorations/red_upholstered_oak_stool": {
    "criteria": {
      "has_oak_slab": "2024-10-04 02:12:40 +0000"
    },
    "done": true
  },
  "minecraft:recipes/decorations/stone_brick_wall_from_stone_bricks_stonecutting": {
    "criteria": {
      "has_stone_bricks": "2024-10-04 02:13:48 +0000"
    },
    "done": true
  },
  "minecraft:recipes/building_blocks/andesite_slab_from_andesite_stonecutting": {
    "criteria": {
      "has_andesite": "2024-10-04 02:17:38 +0000"
    },
    "done": true
  },
  "valhelsia_furniture:recipes/decorations/pink_upholstered_oak_stool": {
    "criteria": {
      "has_oak_slab": "2024-10-04 02:12:40 +0000"
    },
    "done": true
  },
  "bakery:recipes/tray": {
    "criteria": {
      "has_oak_planks": "2024-10-04 02:12:40 +0000"
    },
    "done": true
  },
  "minecraft:recipes/redstone/oak_button": {
    "criteria": {
      "has_planks": "2024-10-04 02:12:40 +0000"
    },
    "done": true
  },
  "evilcraft:fart": {
    "criteria": {
      "criteria_0": "2024-10-04 02:20:44 +0000"
    },
    "done": true
  },
  "valhelsia_furniture:recipes/decorations/pink_upholstered_oak_chair": {
    "criteria": {
      "has_oak_planks": "2024-10-04 02:12:40 +0000"
    },
    "done": true
  },
  "regions_unexplored:recipes/building_blocks/pink_painted_planks": {
    "criteria": {
      "has_planks": "2024-10-04 02:12:40 +0000"
    },
    "done": true
  },
  "valhelsia_furniture:recipes/decorations/purple_oak_chair": {
    "criteria": {
      "has_oak_planks": "2024-10-04 02:12:40 +0000"
    },
    "done": true
  },
  "valhelsia_furniture:recipes/decorations/oak_desk": {
    "criteria": {
      "has_oak_planks": "2024-10-04 02:12:40 +0000"
    },
    "done": true
  },
  "minecraft:recipes/building_blocks/andesite_stairs_from_andesite_stonecutting": {
    "criteria": {
      "has_andesite": "2024-10-04 02:17:38 +0000"
    },
    "done": true
  },
  "valhelsia_furniture:recipes/decorations/oak_desk_drawer": {
    "criteria": {
      "has_oak_slab": "2024-10-04 02:12:40 +0000"
    },
    "done": true
  },
  "valhelsia_furniture:recipes/decorations/red_upholstered_oak_chair": {
    "criteria": {
      "has_oak_planks": "2024-10-04 02:12:40 +0000"
    },
    "done": true
  },
  "minecraft:recipes/misc/iron_ingot_from_smelting_raw_iron": {
    "criteria": {
      "has_raw_iron": "2024-10-04 02:17:14 +0000"
    },
    "done": true
  },
  "minecraft:recipes/building_blocks/stone_brick_slab_from_stone_bricks_stonecutting": {
    "criteria": {
      "has_stone_bricks": "2024-10-04 02:13:48 +0000"
    },
    "done": true
  },
  "valhelsia_furniture:recipes/decorations/orange_upholstered_oak_chair": {
    "criteria": {
      "has_oak_planks": "2024-10-04 02:12:40 +0000"
    },
    "done": true
  },
  "valhelsia_furniture:recipes/decorations/gray_upholstered_oak_chair": {
    "criteria": {
      "has_oak_planks": "2024-10-04 02:12:40 +0000"
    },
    "done": true
  },
  "minecraft:recipes/decorations/diorite_wall_from_diorite_stonecutting": {
    "criteria": {
      "has_diorite": "2024-10-04 02:16:50 +0000"
    },
    "done": true
  },
  "valhelsia_furniture:recipes/decorations/white_oak_chair": {
    "criteria": {
      "has_oak_planks": "2024-10-04 02:12:40 +0000"
    },
    "done": true
  },
  "regions_unexplored:recipes/building_blocks/magenta_painted_planks": {
    "criteria": {
      "has_planks": "2024-10-04 02:12:40 +0000"
    },
    "done": true
  },
  "valhelsia_furniture:recipes/decorations/light_gray_oak_chair": {
    "criteria": {
      "has_oak_planks": "2024-10-04 02:12:40 +0000"
    },
    "done": true
  },
  "minecraft:recipes/redstone/oak_pressure_plate": {
    "criteria": {
      "has_planks": "2024-10-04 02:12:40 +0000"
    },
    "done": true
  },
  "minecraft:recipes/building_blocks/polished_andesite": {
    "criteria": {
      "has_andesite": "2024-10-04 02:17:38 +0000"
    },
    "done": true
  },
  "minecraft:recipes/building_blocks/polished_granite": {
    "criteria": {
      "has_granite": "2024-10-04 02:17:13 +0000"
    },
    "done": true
  },
  "valhelsia_furniture:recipes/decorations/black_oak_chair": {
    "criteria": {
      "has_oak_planks": "2024-10-04 02:12:40 +0000"
    },
    "done": true
  },
  "minecraft:recipes/building_blocks/yellow_concrete_powder": {
    "criteria": {
      "has_gravel": "2024-10-04 02:17:07 +0000"
    },
    "done": true
  },
  "securitycraft:recipes/building_blocks/reinforced_andesite": {
    "criteria": {
      "has_cobblestone": "2024-10-04 02:13:39 +0000"
    },
    "done": true
  },
  "minecraft:recipes/decorations/brick_wall_from_bricks_stonecutting": {
    "criteria": {
      "has_bricks": "2024-10-04 02:19:07 +0000"
    },
    "done": true
  },
  "securitycraft:recipes/building_blocks/reinforced_diorite": {
    "criteria": {
      "has_cobblestone": "2024-10-04 02:13:39 +0000"
    },
    "done": true
  },
  "minecraft:recipes/building_blocks/gray_concrete_powder": {
    "criteria": {
      "has_gravel": "2024-10-04 02:17:07 +0000"
    },
    "done": true
  },
  "minecraft:recipes/building_blocks/polished_diorite_from_diorite_stonecutting": {
    "criteria": {
      "has_diorite": "2024-10-04 02:16:50 +0000"
    },
    "done": true
  },
  "valhelsia_furniture:recipes/decorations/magenta_upholstered_oak_stool": {
    "criteria": {
      "has_oak_slab": "2024-10-04 02:12:40 +0000"
    },
    "done": true
  },
  "minecraft:recipes/decorations/andesite_wall": {
    "criteria": {
      "has_andesite": "2024-10-04 02:17:38 +0000"
    },
    "done": true
  },
  "minecraft:recipes/building_blocks/andesite_slab": {
    "criteria": {
      "has_andesite": "2024-10-04 02:17:38 +0000"
    },
    "done": true
  },
  "minecraft:recipes/building_blocks/cobblestone_stairs_from_cobblestone_stonecutting": {
    "criteria": {
      "has_cobblestone": "2024-10-04 02:13:39 +0000"
    },
    "done": true
  },
  "minecraft:recipes/building_blocks/diorite_slab_from_diorite_stonecutting": {
    "criteria": {
      "has_diorite": "2024-10-04 02:16:50 +0000"
    },
    "done": true
  },
  "minecraft:husbandry/balanced_diet": {
    "criteria": {
      "baked_potato": "2024-10-04 02:13:30 +0000"
    },
    "done": false
  },
  "valhelsia_furniture:recipes/decorations/magenta_upholstered_oak_chair": {
    "criteria": {
      "has_oak_planks": "2024-10-04 02:12:40 +0000"
    },
    "done": true
  },
  "minecraft:recipes/tools/stone_hoe": {
    "criteria": {
      "has_cobblestone": "2024-10-04 02:13:39 +0000"
    },
    "done": true
  },
  "minecraft:recipes/building_blocks/diorite_stairs": {
    "criteria": {
      "has_diorite": "2024-10-04 02:16:50 +0000"
    },
    "done": true
  },
  "valhelsia_furniture:recipes/decorations/green_oak_chair": {
    "criteria": {
      "has_oak_planks": "2024-10-04 02:12:40 +0000"
    },
    "done": true
  },
  "bakery:recipes/brick_counter": {
    "criteria": {
      "has_oak_planks": "2024-10-04 02:12:40 +0000"
    },
    "done": true
  },
  "valhelsia_furniture:recipes/decorations/orange_upholstered_oak_stool": {
    "criteria": {
      "has_oak_slab": "2024-10-04 02:12:40 +0000"
    },
    "done": true
  },
  "DataVersion": 3465
}